fips,county,aland,year,gasoline_gallons,gasoline_pc,log_gasoline_pc,pm25,log_pm25,o3,log_o3,dcfc_ports_2021,l2_ports_2021,dose_dcfc_density,dose_dcfc_density_sq,ihs_dose_dcfc_density,share_dcfc_2021,post_nevi,post_obbba,dose_x_post_nevi,dose_sq_x_post_nevi,dose_x_post_obbba,median_hh_income,total_population,share_under_150k,log_med_hh_inc,log_population,share_white_nh,share_owner_occupied,share_commute_alone,rucc_2023,gasoline_price_dollars_per_mmbtu,eia_gasoline_gallons
06001,Alameda,1910010507,2010,551000000,334.046086235,5.81426809321,8.2257309883,2.22199642671,0.0543278919968,0.0529034947159,380,1595,2.30376611196,5.30733829863,1.57177915755,0.192405063291,0,0,0,0,0,129367,1649473,0.560256148808,11.7704086053,14.3159664009,0.274086935646,0.544105602043,0.60882329405,1,24.76,1039920
06001,Alameda,1910010507,2011,548000000,332.227323515,5.80882491028,9.32515961941,2.33458359823,0.0556646473087,0.0541705660119,380,1595,2.30376611196,5.30733829863,1.57177915755,0.192405063291,0,0,0,0,0,129367,1649473,0.560256148808,11.7704086053,14.3159664009,0.274086935646,0.544105602043,0.60882329405,1,30.51,1281420
06001,Alameda,1910010507,2012,568000000,344.352408315,5.84456536906,7.98342384511,2.19538108416,0.0524985558427,0.0511669144525,380,1595,2.30376611196,5.30733829863,1.57177915755,0.192405063291,0,0,0,0,0,129367,1649473,0.560256148808,11.7704086053,14.3159664009,0.274086935646,0.544105602043,0.60882329405,1,32.24,1354080
06001,Alameda,1910010507,2013,603000000,365.571306714,5.9041930637,10.5587742516,2.44744482403,0.0543419562989,0.0529168342172,380,1595,2.30376611196,5.30733829863,1.57177915755,0.192405063291,0,0,0,0,0,129367,1649473,0.560256148808,11.7704086053,14.3159664009,0.274086935646,0.544105602043,0.60882329405,1,31.08,1305360
06001,Alameda,1910010507,2014,491000000,297.670831835,5.69934207009,8.5070353453,2.25203208719,0.0633061723247,0.0613830845341,380,1595,2.30376611196,5.30733829863,1.57177915755,0.192405063291,0,0,0,0,0,129367,1649473,0.560256148808,11.7704086053,14.3159664009,0.274086935646,0.544105602043,0.60882329405,1,29.99,1259580
06001,Alameda,1910010507,2015,542000000,328.589798075,5.79784884511,9.29078779325,2.33124910603,0.0634197954521,0.0614899371604,380,1595,2.30376611196,5.30733829863,1.57177915755,0.192405063291,0,0,0,0,0,129367,1649473,0.560256148808,11.7704086053,14.3159664009,0.274086935646,0.544105602043,0.60882329405,1,25.47,1069740
06001,Alameda,1910010507,2016,582000000,352.839967675,5.8688447422,7.65554142739,2.15819974327,0.0608867853905,0.0591051483686,380,1595,2.30376611196,5.30733829863,1.57177915755,0.192405063291,0,0,0,0,0,129367,1649473,0.560256148808,11.7704086053,14.3159664009,0.274086935646,0.544105602043,0.60882329405,1,22.01,924420
06001,Alameda,1910010507,2017,583000000,353.446221915,5.87055663324,10.3284895526,2.42732075217,0.0573546372657,0.0557701636396,380,1595,2.30376611196,5.30733829863,1.57177915755,0.192405063291,0,0,0,0,0,129367,1649473,0.560256148808,11.7704086053,14.3159664009,0.274086935646,0.544105602043,0.60882329405,1,24.37,1023540
06001,Alameda,1910010507,2018,569000000,344.958662555,5.84631929553,12.9130350579,2.63282617465,0.0529337697443,0.0515803344447,380,1595,2.30376611196,5.30733829863,1.57177915755,0.192405063291,0,0,0,0,0,129367,1649473,0.560256148808,11.7704086053,14.3159664009,0.274086935646,0.544105602043,0.60882329405,1,28.09,1179780
06001,Alameda,1910010507,2019,591000000,358.296255834,5.88414727334,7.32948056575,2.11980109718,0.0540984683088,0.0526858691984,380,1595,2.30376611196,5.30733829863,1.57177915755,0.192405063291,0,0,0,0,0,129367,1649473,0.560256148808,11.7704086053,14.3159664009,0.274086935646,0.544105602043,0.60882329405,1,29.1,1222200
06001,Alameda,1910010507,2020,442000000,267.964374076,5.59457893245,10.9739986571,2.48273752035,0.0546330570354,0.0531928931904,380,1595,2.30376611196,5.30733829863,1.57177915755,0.192405063291,0,0,0,0,0,129367,1649473,0.560256148808,11.7704086053,14.3159664009,0.274086935646,0.544105602043,0.60882329405,1,24.79,1041180
06001,Alameda,1910010507,2021,492000000,298.277086075,5.70136985354,8.43702089034,2.2446403467,0.0547645387009,0.0533175559528,380,1595,2.30376611196,5.30733829863,1.57177915755,0.192405063291,0,0,0,0,0,129367,1649473,0.560256148808,11.7704086053,14.3159664009,0.274086935646,0.544105602043,0.60882329405,1,32.46,1363320
06001,Alameda,1910010507,2022,473000000,286.758255516,5.66212073708,8.19804814501,2.2189913034,0.0530154057713,0.0516578634069,380,1595,2.30376611196,5.30733829863,1.57177915755,0.192405063291,1,0,2.30376611196,5.30733829863,0,129367,1649473,0.560256148808,11.7704086053,14.3159664009,0.274086935646,0.544105602043,0.60882329405,1,42.81,1798020
06001,Alameda,1910010507,2023,468000000,283.726984316,5.65153077137,6.92306915046,2.06977864976,0.0526619912263,0.0513221856352,380,1595,2.30376611196,5.30733829863,1.57177915755,0.192405063291,1,0,2.30376611196,5.30733829863,0,129367,1649473,0.560256148808,11.7704086053,14.3159664009,0.274086935646,0.544105602043,0.60882329405,1,38.64,1622880
06001,Alameda,1910010507,2024,456000000,276.451933436,5.62564770534,6.91134287691,2.06829753689,0.0377567858827,0.0370614469638,380,1595,2.30376611196,5.30733829863,1.57177915755,0.192405063291,1,0,2.30376611196,5.30733829863,0,129367,1649473,0.560256148808,11.7704086053,14.3159664009,0.274086935646,0.544105602043,0.60882329405,1,36.76,1543920
06001,Alameda,1910010507,2025,,,,,,,,380,1595,2.30376611196,5.30733829863,1.57177915755,0.192405063291,1,0,2.30376611196,5.30733829863,0,129367,1649473,0.560256148808,11.7704086053,14.3159664009,0.274086935646,0.544105602043,0.60882329405,1,,
06003,Alpine,1912292607,2010,,,,,,,,6,35,37.1287128713,1378.54131948,4.30771908448,0.146341463415,0,0,0,0,0,105521,1616,0.64367816092,11.5666652642,7.38770923908,0.571163366337,0.781609195402,0.76125,8,24.76,1039920
06003,Alpine,1912292607,2011,,,,,,,,6,35,37.1287128713,1378.54131948,4.30771908448,0.146341463415,0,0,0,0,0,105521,1616,0.64367816092,11.5666652642,7.38770923908,0.571163366337,0.781609195402,0.76125,8,30.51,1281420
06003,Alpine,1912292607,2012,,,,,,,,6,35,37.1287128713,1378.54131948,4.30771908448,0.146341463415,0,0,0,0,0,105521,1616,0.64367816092,11.5666652642,7.38770923908,0.571163366337,0.781609195402,0.76125,8,32.24,1354080
06003,Alpine,1912292607,2013,,,,,,,,6,35,37.1287128713,1378.54131948,4.30771908448,0.146341463415,0,0,0,0,0,105521,1616,0.64367816092,11.5666652642,7.38770923908,0.571163366337,0.781609195402,0.76125,8,31.08,1305360
06003,Alpine,1912292607,2014,,,,,,,,6,35,37.1287128713,1378.54131948,4.30771908448,0.146341463415,0,0,0,0,0,105521,1616,0.64367816092,11.5666652642,7.38770923908,0.571163366337,0.781609195402,0.76125,8,29.99,1259580
06003,Alpine,1912292607,2015,,,,,,,,6,35,37.1287128713,1378.54131948,4.30771908448,0.146341463415,0,0,0,0,0,105521,1616,0.64367816092,11.5666652642,7.38770923908,0.571163366337,0.781609195402,0.76125,8,25.47,1069740
06003,Alpine,1912292607,2016,,,,,,,,6,35,37.1287128713,1378.54131948,4.30771908448,0.146341463415,0,0,0,0,0,105521,1616,0.64367816092,11.5666652642,7.38770923908,0.571163366337,0.781609195402,0.76125,8,22.01,924420
06003,Alpine,1912292607,2017,,,,,,,,6,35,37.1287128713,1378.54131948,4.30771908448,0.146341463415,0,0,0,0,0,105521,1616,0.64367816092,11.5666652642,7.38770923908,0.571163366337,0.781609195402,0.76125,8,24.37,1023540
06003,Alpine,1912292607,2018,,,,,,,,6,35,37.1287128713,1378.54131948,4.30771908448,0.146341463415,0,0,0,0,0,105521,1616,0.64367816092,11.5666652642,7.38770923908,0.571163366337,0.781609195402,0.76125,8,28.09,1179780
06003,Alpine,1912292607,2019,,,,,,,,6,35,37.1287128713,1378.54131948,4.30771908448,0.146341463415,0,0,0,0,0,105521,1616,0.64367816092,11.5666652642,7.38770923908,0.571163366337,0.781609195402,0.76125,8,29.1,1222200
06003,Alpine,1912292607,2020,,,,,,,,6,35,37.1287128713,1378.54131948,4.30771908448,0.146341463415,0,0,0,0,0,105521,1616,0.64367816092,11.5666652642,7.38770923908,0.571163366337,0.781609195402,0.76125,8,24.79,1041180
06003,Alpine,1912292607,2021,,,,,,,,6,35,37.1287128713,1378.54131948,4.30771908448,0.146341463415,0,0,0,0,0,105521,1616,0.64367816092,11.5666652642,7.38770923908,0.571163366337,0.781609195402,0.76125,8,32.46,1363320
06003,Alpine,1912292607,2022,,,,,,,,6,35,37.1287128713,1378.54131948,4.30771908448,0.146341463415,1,0,37.1287128713,1378.54131948,0,105521,1616,0.64367816092,11.5666652642,7.38770923908,0.571163366337,0.781609195402,0.76125,8,42.81,1798020
06003,Alpine,1912292607,2023,,,,,,,,6,35,37.1287128713,1378.54131948,4.30771908448,0.146341463415,1,0,37.1287128713,1378.54131948,0,105521,1616,0.64367816092,11.5666652642,7.38770923908,0.571163366337,0.781609195402,0.76125,8,38.64,1622880
06003,Alpine,1912292607,2024,,,,,,,,6,35,37.1287128713,1378.54131948,4.30771908448,0.146341463415,1,0,37.1287128713,1378.54131948,0,105521,1616,0.64367816092,11.5666652642,7.38770923908,0.571163366337,0.781609195402,0.76125,8,36.76,1543920
06003,Alpine,1912292607,2025,,,,,,,,6,35,37.1287128713,1378.54131948,4.30771908448,0.146341463415,1,0,37.1287128713,1378.54131948,0,105521,1616,0.64367816092,11.5666652642,7.38770923908,0.571163366337,0.781609195402,0.76125,8,,
06005,Amador,1539967079,2010,15000000,362.073959641,5.89460655908,,,0.075,0.0723206615796,8,36,1.93106111808,3.72899704178,1.41237304745,0.181818181818,0,0,0,0,0,88044,41428,0.772916537195,11.3855919685,10.6317122597,0.726151395192,0.804238394133,0.822967108987,6,24.76,1039920
06005,Amador,1539967079,2011,14000000,337.935695665,5.82581040108,,,0.07,0.0676586484738,8,36,1.93106111808,3.72899704178,1.41237304745,0.181818181818,0,0,0,0,0,88044,41428,0.772916537195,11.3855919685,10.6317122597,0.726151395192,0.804238394133,0.822967108987,6,30.51,1281420
06005,Amador,1539967079,2012,14000000,337.935695665,5.82581040108,,,0.078,0.0751074724868,8,36,1.93106111808,3.72899704178,1.41237304745,0.181818181818,0,0,0,0,0,88044,41428,0.772916537195,11.3855919685,10.6317122597,0.726151395192,0.804238394133,0.822967108987,6,32.24,1354080
06005,Amador,1539967079,2013,12000000,289.659167713,5.67215133575,,,0.066,0.0639133257437,8,36,1.93106111808,3.72899704178,1.41237304745,0.181818181818,0,0,0,0,0,88044,41428,0.772916537195,11.3855919685,10.6317122597,0.726151395192,0.804238394133,0.822967108987,6,31.08,1305360
06005,Amador,1539967079,2014,15000000,362.073959641,5.89460655908,,,0.074,0.0713899960867,8,36,1.93106111808,3.72899704178,1.41237304745,0.181818181818,0,0,0,0,0,88044,41428,0.772916537195,11.3855919685,10.6317122597,0.726151395192,0.804238394133,0.822967108987,6,29.99,1259580
06005,Amador,1539967079,2015,13000000,313.797431689,5.75192935796,,,0.074,0.0713899960867,8,36,1.93106111808,3.72899704178,1.41237304745,0.181818181818,0,0,0,0,0,88044,41428,0.772916537195,11.3855919685,10.6317122597,0.726151395192,0.804238394133,0.822967108987,6,25.47,1069740
06005,Amador,1539967079,2016,14000000,337.935695665,5.82581040108,,,0.071,0.0685927914656,8,36,1.93106111808,3.72899704178,1.41237304745,0.181818181818,0,0,0,0,0,88044,41428,0.772916537195,11.3855919685,10.6317122597,0.726151395192,0.804238394133,0.822967108987,6,22.01,924420
06005,Amador,1539967079,2017,15000000,362.073959641,5.89460655908,,,0.071,0.0685927914656,8,36,1.93106111808,3.72899704178,1.41237304745,0.181818181818,0,0,0,0,0,88044,41428,0.772916537195,11.3855919685,10.6317122597,0.726151395192,0.804238394133,0.822967108987,6,24.37,1023540
06005,Amador,1539967079,2018,17000000,410.350487593,6.01944561896,,,0.075,0.0723206615796,8,36,1.93106111808,3.72899704178,1.41237304745,0.181818181818,0,0,0,0,0,88044,41428,0.772916537195,11.3855919685,10.6317122597,0.726151395192,0.804238394133,0.822967108987,6,28.09,1179780
06005,Amador,1539967079,2019,18000000,434.488751569,6.07646896719,,,0.067,0.0648509723196,8,36,1.93106111808,3.72899704178,1.41237304745,0.181818181818,0,0,0,0,0,88044,41428,0.772916537195,11.3855919685,10.6317122597,0.726151395192,0.804238394133,0.822967108987,6,29.1,1222200
06005,Amador,1539967079,2020,13000000,313.797431689,5.75192935796,,,0.0642618597456,0.0622814694231,8,36,1.93106111808,3.72899704178,1.41237304745,0.181818181818,0,0,0,0,0,88044,41428,0.772916537195,11.3855919685,10.6317122597,0.726151395192,0.804238394133,0.822967108987,6,24.79,1041180
06005,Amador,1539967079,2021,14000000,337.935695665,5.82581040108,,,0.071,0.0685927914656,8,36,1.93106111808,3.72899704178,1.41237304745,0.181818181818,0,0,0,0,0,88044,41428,0.772916537195,11.3855919685,10.6317122597,0.726151395192,0.804238394133,0.822967108987,6,32.46,1363320
06005,Amador,1539967079,2022,13000000,313.797431689,5.75192935796,,,0.064,0.0620353909195,8,36,1.93106111808,3.72899704178,1.41237304745,0.181818181818,1,0,1.93106111808,3.72899704178,0,88044,41428,0.772916537195,11.3855919685,10.6317122597,0.726151395192,0.804238394133,0.822967108987,6,42.81,1798020
06005,Amador,1539967079,2023,12000000,289.659167713,5.67215133575,,,0.062,0.0601539228197,8,36,1.93106111808,3.72899704178,1.41237304745,0.181818181818,1,0,1.93106111808,3.72899704178,0,88044,41428,0.772916537195,11.3855919685,10.6317122597,0.726151395192,0.804238394133,0.822967108987,6,38.64,1622880
06005,Amador,1539967079,2024,12000000,289.659167713,5.67215133575,,,0.072,0.0695260626486,8,36,1.93106111808,3.72899704178,1.41237304745,0.181818181818,1,0,1.93106111808,3.72899704178,0,88044,41428,0.772916537195,11.3855919685,10.6317122597,0.726151395192,0.804238394133,0.822967108987,6,36.76,1543920
06005,Amador,1539967079,2025,,,,,,0.065,0.0629747991614,8,36,1.93106111808,3.72899704178,1.41237304745,0.181818181818,1,0,1.93106111808,3.72899704178,0,88044,41428,0.772916537195,11.3855919685,10.6317122597,0.726151395192,0.804238394133,0.822967108987,6,,
06007,Butte,4238488659,2010,81000000,389.556050383,5.96757149389,7.987931,2.19588267739,0.0705069696714,0.0681323396956,23,23,1.10614680973,1.22356076467,0.954475403879,0.5,0,0,0,0,0,67928,207929,0.814864605339,11.1262035997,12.2449519543,0.651183817553,0.57275062416,0.813100030969,3,24.76,1039920
06007,Butte,4238488659,2011,81000000,389.556050383,5.96757149389,12.003279,2.56520155643,0.0710007644935,0.0685935052782,23,23,1.10614680973,1.22356076467,0.954475403879,0.5,0,0,0,0,0,67928,207929,0.814864605339,11.1262035997,12.2449519543,0.651183817553,0.57275062416,0.813100030969,3,30.51,1281420
06007,Butte,4238488659,2012,78000000,375.128048517,5.92992963998,7.79761885714,2.17448110045,0.0704147760443,0.0680462145233,23,23,1.10614680973,1.22356076467,0.954475403879,0.5,0,0,0,0,0,67928,207929,0.814864605339,11.1262035997,12.2449519543,0.651183817553,0.57275062416,0.813100030969,3,32.24,1354080
06007,Butte,4238488659,2013,81000000,389.556050383,5.96757149389,10.110406155,2.40788216059,0.067104103718,0.0649485343063,23,23,1.10614680973,1.22356076467,0.954475403879,0.5,0,0,0,0,0,67928,207929,0.814864605339,11.1262035997,12.2449519543,0.651183817553,0.57275062416,0.813100030969,3,31.08,1305360
06007,Butte,4238488659,2014,85000000,408.793386204,6.01565309659,8.807407,2.28313791652,0.0700207721449,0.0676780615049,23,23,1.10614680973,1.22356076467,0.954475403879,0.5,0,0,0,0,0,67928,207929,0.814864605339,11.1262035997,12.2449519543,0.651183817553,0.57275062416,0.813100030969,3,29.99,1259580
06007,Butte,4238488659,2015,78000000,375.128048517,5.92992963998,9.169578,2.31940071461,0.0710153028693,0.0686070797569,23,23,1.10614680973,1.22356076467,0.954475403879,0.5,0,0,0,0,0,67928,207929,0.814864605339,11.1262035997,12.2449519543,0.651183817553,0.57275062416,0.813100030969,3,25.47,1069740
06007,Butte,4238488659,2016,83000000,399.174718293,5.99190124747,7.600915,2.15186859295,0.0719856011519,0.0695126307971,23,23,1.10614680973,1.22356076467,0.954475403879,0.5,0,0,0,0,0,67928,207929,0.814864605339,11.1262035997,12.2449519543,0.651183817553,0.57275062416,0.813100030969,3,22.01,924420
06007,Butte,4238488659,2017,87000000,418.412054115,6.03885385939,9.036593,2.30623771404,0.0715346722324,0.069091894001,23,23,1.10614680973,1.22356076467,0.954475403879,0.5,0,0,0,0,0,67928,207929,0.814864605339,11.1262035997,12.2449519543,0.651183817553,0.57275062416,0.813100030969,3,24.37,1023540
06007,Butte,4238488659,2018,86000000,413.602720159,6.0273207609,13.77341,2.69282894329,0.0746694504903,0.0720131263795,23,23,1.10614680973,1.22356076467,0.954475403879,0.5,0,0,0,0,0,67928,207929,0.814864605339,11.1262035997,12.2449519543,0.651183817553,0.57275062416,0.813100030969,3,28.09,1179780
06007,Butte,4238488659,2019,78000000,375.128048517,5.92992963998,7.10889555521,2.09296167577,0.0610754847805,0.0592830020404,23,23,1.10614680973,1.22356076467,0.954475403879,0.5,0,0,0,0,0,67928,207929,0.814864605339,11.1262035997,12.2449519543,0.651183817553,0.57275062416,0.813100030969,3,29.1,1222200
06007,Butte,4238488659,2020,68000000,327.034708963,5.7931194228,16.073259,2.83751343833,0.0704677593719,0.0680957112395,23,23,1.10614680973,1.22356076467,0.954475403879,0.5,0,0,0,0,0,67928,207929,0.814864605339,11.1262035997,12.2449519543,0.651183817553,0.57275062416,0.813100030969,3,24.79,1041180
06007,Butte,4238488659,2021,74000000,355.890712695,5.87742960801,11.124722,2.49524650873,0.0705227194045,0.0681470519934,23,23,1.10614680973,1.22356076467,0.954475403879,0.5,0,0,0,0,0,67928,207929,0.814864605339,11.1262035997,12.2449519543,0.651183817553,0.57275062416,0.813100030969,3,32.46,1363320
06007,Butte,4238488659,2022,63000000,302.988039186,5.71698835585,7.725284,2.1662250177,0.0661302927252,0.0640355440957,23,23,1.10614680973,1.22356076467,0.954475403879,0.5,1,0,1.10614680973,1.22356076467,0,67928,207929,0.814864605339,11.1262035997,12.2449519543,0.651183817553,0.57275062416,0.813100030969,3,42.81,1798020
06007,Butte,4238488659,2023,71000000,341.462710829,5.83616277828,7.87861501629,2.18364557821,0.0644264986942,0.0624361552401,23,23,1.10614680973,1.22356076467,0.954475403879,0.5,1,0,1.10614680973,1.22356076467,0,67928,207929,0.814864605339,11.1262035997,12.2449519543,0.651183817553,0.57275062416,0.813100030969,3,38.64,1622880
06007,Butte,4238488659,2024,64000000,307.797373142,5.73268531145,6.929462,2.07058518971,0.0654915800482,0.0634362701773,23,23,1.10614680973,1.22356076467,0.954475403879,0.5,1,0,1.10614680973,1.22356076467,0,67928,207929,0.814864605339,11.1262035997,12.2449519543,0.651183817553,0.57275062416,0.813100030969,3,36.76,1543920
06007,Butte,4238488659,2025,,,,8.047596,2.20249908707,0.0569756234043,0.0554116445638,23,23,1.10614680973,1.22356076467,0.954475403879,0.5,1,0,1.10614680973,1.22356076467,0,67928,207929,0.814864605339,11.1262035997,12.2449519543,0.651183817553,0.57275062416,0.813100030969,3,,
06009,Calaveras,2641829627,2010,14000000,302.715793115,5.71609237306,7.38034937118,2.1258896047,0.079,0.076034686276,12,19,2.59470679813,6.73250336827,1.68184130847,0.387096774194,0,0,0,0,0,78647,46248,0.778380430656,11.2727247641,10.7417734988,0.76407628438,0.839615989586,0.792487954446,6,24.76,1039920
06009,Calaveras,2641829627,2011,14000000,302.715793115,5.71609237306,9.191117,2.3215164585,0.075,0.0723206615796,12,19,2.59470679813,6.73250336827,1.68184130847,0.387096774194,0,0,0,0,0,78647,46248,0.778380430656,11.2727247641,10.7417734988,0.76407628438,0.839615989586,0.792487954446,6,30.51,1281420
06009,Calaveras,2641829627,2012,12000000,259.470679813,5.56249030136,6.960833,2.07453364262,0.076,0.0732504617396,12,19,2.59470679813,6.73250336827,1.68184130847,0.387096774194,0,0,0,0,0,78647,46248,0.778380430656,11.2727247641,10.7417734988,0.76407628438,0.839615989586,0.792487954446,6,32.24,1354080
06009,Calaveras,2641829627,2013,13000000,281.093236464,5.64223764205,9.176791,2.3201097355,0.067,0.0648509723196,12,19,2.59470679813,6.73250336827,1.68184130847,0.387096774194,0,0,0,0,0,78647,46248,0.778380430656,11.2727247641,10.7417734988,0.76407628438,0.839615989586,0.792487954446,6,31.08,1305360
06009,Calaveras,2641829627,2014,14000000,302.715793115,5.71609237306,7.899715,2.18601925375,0.071,0.0685927914656,12,19,2.59470679813,6.73250336827,1.68184130847,0.387096774194,0,0,0,0,0,78647,46248,0.778380430656,11.2727247641,10.7417734988,0.76407628438,0.839615989586,0.792487954446,6,29.99,1259580
06009,Calaveras,2641829627,2015,14000000,302.715793115,5.71609237306,8.703014,2.27243655889,0.081,0.0778865386571,12,19,2.59470679813,6.73250336827,1.68184130847,0.387096774194,0,0,0,0,0,78647,46248,0.778380430656,11.2727247641,10.7417734988,0.76407628438,0.839615989586,0.792487954446,6,25.47,1069740
06009,Calaveras,2641829627,2016,15000000,324.338349766,5.78486571699,8.036705,2.20129461681,0.077,0.0741793981743,12,19,2.59470679813,6.73250336827,1.68184130847,0.387096774194,0,0,0,0,0,78647,46248,0.778380430656,11.2727247641,10.7417734988,0.76407628438,0.839615989586,0.792487954446,6,22.01,924420
06009,Calaveras,2641829627,2017,15000000,324.338349766,5.78486571699,13.379149,2.66577917113,0.078,0.0751074724868,12,19,2.59470679813,6.73250336827,1.68184130847,0.387096774194,0,0,0,0,0,78647,46248,0.778380430656,11.2727247641,10.7417734988,0.76407628438,0.839615989586,0.792487954446,6,24.37,1023540
06009,Calaveras,2641829627,2018,15000000,324.338349766,5.78486571699,14.665546,2.75146377857,0.073670570674,0.071083217819,12,19,2.59470679813,6.73250336827,1.68184130847,0.387096774194,0,0,0,0,0,78647,46248,0.778380430656,11.2727247641,10.7417734988,0.76407628438,0.839615989586,0.792487954446,6,28.09,1179780
06009,Calaveras,2641829627,2019,15000000,324.338349766,5.78486571699,5.460947,1.86577590148,0.066,0.0639133257437,12,19,2.59470679813,6.73250336827,1.68184130847,0.387096774194,0,0,0,0,0,78647,46248,0.778380430656,11.2727247641,10.7417734988,0.76407628438,0.839615989586,0.792487954446,6,29.1,1222200
06009,Calaveras,2641829627,2020,15000000,324.338349766,5.78486571699,12.74104,2.62038697534,0.073,0.0704584636486,12,19,2.59470679813,6.73250336827,1.68184130847,0.387096774194,0,0,0,0,0,78647,46248,0.778380430656,11.2727247641,10.7417734988,0.76407628438,0.839615989586,0.792487954446,6,24.79,1041180
06009,Calaveras,2641829627,2021,13000000,281.093236464,5.64223764205,8.445304,2.24551768678,0.072,0.0695260626486,12,19,2.59470679813,6.73250336827,1.68184130847,0.387096774194,0,0,0,0,0,78647,46248,0.778380430656,11.2727247641,10.7417734988,0.76407628438,0.839615989586,0.792487954446,6,32.46,1363320
06009,Calaveras,2641829627,2022,15000000,324.338349766,5.78486571699,6.037746,1.95128794845,0.061,0.0592118596318,12,19,2.59470679813,6.73250336827,1.68184130847,0.387096774194,1,0,2.59470679813,6.73250336827,0,78647,46248,0.778380430656,11.2727247641,10.7417734988,0.76407628438,0.839615989586,0.792487954446,6,42.81,1798020
06009,Calaveras,2641829627,2023,14000000,302.715793115,5.71609237306,5.54073,1.87804878004,0.065,0.0629747991614,12,19,2.59470679813,6.73250336827,1.68184130847,0.387096774194,1,0,2.59470679813,6.73250336827,0,78647,46248,0.778380430656,11.2727247641,10.7417734988,0.76407628438,0.839615989586,0.792487954446,6,38.64,1622880
06009,Calaveras,2641829627,2024,16000000,345.960906418,5.84921211198,5.478632,1.86850937697,0.072,0.0695260626486,12,19,2.59470679813,6.73250336827,1.68184130847,0.387096774194,1,0,2.59470679813,6.73250336827,0,78647,46248,0.778380430656,11.2727247641,10.7417734988,0.76407628438,0.839615989586,0.792487954446,6,36.76,1543920
06009,Calaveras,2641829627,2025,,,,5.4945,1.87095566487,0.066,0.0639133257437,12,19,2.59470679813,6.73250336827,1.68184130847,0.387096774194,1,0,2.59470679813,6.73250336827,0,78647,46248,0.778380430656,11.2727247641,10.7417734988,0.76407628438,0.839615989586,0.792487954446,6,,
06011,Colusa,2980245451,2010,17000000,773.289665211,6.65194604804,5.033333,1.79729959436,0.06,0.058268908124,13,2,5.9133915575,34.9681997123,2.47744059369,0.866666666667,0,0,0,0,0,75672,21984,0.814297124601,11.2341634899,9.99807019502,0.297943959243,0.622204472843,0.922296191204,6,24.76,1039920
06011,Colusa,2980245451,2011,11000000,500.363901019,6.21733218676,5.9966776412,1.9454354137,0.062,0.0601539228197,13,2,5.9133915575,34.9681997123,2.47744059369,0.866666666667,0,0,0,0,0,75672,21984,0.814297124601,11.2341634899,9.99807019502,0.297943959243,0.622204472843,0.922296191204,6,30.51,1281420
06011,Colusa,2980245451,2012,10000000,454.876273654,6.12222144299,8.70716083632,2.2728638437,0.063,0.0610950993598,13,2,5.9133915575,34.9681997123,2.47744059369,0.866666666667,0,0,0,0,0,75672,21984,0.814297124601,11.2341634899,9.99807019502,0.297943959243,0.622204472843,0.922296191204,6,32.24,1354080
06011,Colusa,2980245451,2013,13000000,591.33915575,6.38407936907,7.3434105814,2.12147207539,0.0552607383129,0.053787881713,13,2,5.9133915575,34.9681997123,2.47744059369,0.866666666667,0,0,0,0,0,75672,21984,0.814297124601,11.2341634899,9.99807019502,0.297943959243,0.622204472843,0.922296191204,6,31.08,1305360
06011,Colusa,2980245451,2014,10000000,454.876273654,6.12222144299,6.58266326131,2.02586449168,0.061,0.0592118596318,13,2,5.9133915575,34.9681997123,2.47744059369,0.866666666667,0,0,0,0,0,75672,21984,0.814297124601,11.2341634899,9.99807019502,0.297943959243,0.622204472843,0.922296191204,6,29.99,1259580
06011,Colusa,2980245451,2015,9000000,409.388646288,6.01710462848,7.04115006907,2.08457211638,0.064,0.0620353909195,13,2,5.9133915575,34.9681997123,2.47744059369,0.866666666667,0,0,0,0,0,75672,21984,0.814297124601,11.2341634899,9.99807019502,0.297943959243,0.622204472843,0.922296191204,6,25.47,1069740
06011,Colusa,2980245451,2016,11000000,500.363901019,6.21733218676,4.86153890819,1.76841218143,0.065,0.0629747991614,13,2,5.9133915575,34.9681997123,2.47744059369,0.866666666667,0,0,0,0,0,75672,21984,0.814297124601,11.2341634899,9.99807019502,0.297943959243,0.622204472843,0.922296191204,6,22.01,924420
06011,Colusa,2980245451,2017,12000000,545.851528384,6.30417733666,4.91522396071,1.77752935989,0.062,0.0601539228197,13,2,5.9133915575,34.9681997123,2.47744059369,0.866666666667,0,0,0,0,0,75672,21984,0.814297124601,11.2341634899,9.99807019502,0.297943959243,0.622204472843,0.922296191204,6,24.37,1023540
06011,Colusa,2980245451,2018,13000000,591.33915575,6.38407936907,10.668367352,2.45688153523,0.061,0.0592118596318,13,2,5.9133915575,34.9681997123,2.47744059369,0.866666666667,0,0,0,0,0,75672,21984,0.814297124601,11.2341634899,9.99807019502,0.297943959243,0.622204472843,0.922296191204,6,28.09,1179780
06011,Colusa,2980245451,2019,13000000,591.33915575,6.38407936907,6.30382516667,1.98839820635,0.053,0.0516432331518,13,2,5.9133915575,34.9681997123,2.47744059369,0.866666666667,0,0,0,0,0,75672,21984,0.814297124601,11.2341634899,9.99807019502,0.297943959243,0.622204472843,0.922296191204,6,29.1,1222200
06011,Colusa,2980245451,2020,15000000,682.31441048,6.5269550911,20.7539232368,3.07979411997,0.052,0.0506931143155,13,2,5.9133915575,34.9681997123,2.47744059369,0.866666666667,0,0,0,0,0,75672,21984,0.814297124601,11.2341634899,9.99807019502,0.297943959243,0.622204472843,0.922296191204,6,24.79,1041180
06011,Colusa,2980245451,2021,16000000,727.802037846,6.59140214211,11.2396924092,2.5046841468,0.061,0.0592118596318,13,2,5.9133915575,34.9681997123,2.47744059369,0.866666666667,0,0,0,0,0,75672,21984,0.814297124601,11.2341634899,9.99807019502,0.297943959243,0.622204472843,0.922296191204,6,32.46,1363320
06011,Colusa,2980245451,2022,13000000,591.33915575,6.38407936907,7.60773029676,2.15266067123,0.057,0.0554347068881,13,2,5.9133915575,34.9681997123,2.47744059369,0.866666666667,1,0,5.9133915575,34.9681997123,0,75672,21984,0.814297124601,11.2341634899,9.99807019502,0.297943959243,0.622204472843,0.922296191204,6,42.81,1798020
06011,Colusa,2980245451,2023,11000000,500.363901019,6.21733218676,9.795167,2.37909853397,0.059,0.0573250666193,13,2,5.9133915575,34.9681997123,2.47744059369,0.866666666667,1,0,5.9133915575,34.9681997123,0,75672,21984,0.814297124601,11.2341634899,9.99807019502,0.297943959243,0.622204472843,0.922296191204,6,38.64,1622880
06011,Colusa,2980245451,2024,12000000,545.851528384,6.30417733666,8.35042229577,2.2354215076,0.0582622077352,0.0566281361286,13,2,5.9133915575,34.9681997123,2.47744059369,0.866666666667,1,0,5.9133915575,34.9681997123,0,75672,21984,0.814297124601,11.2341634899,9.99807019502,0.297943959243,0.622204472843,0.922296191204,6,36.76,1543920
06011,Colusa,2980245451,2025,,,,4.31920795446,1.67132441153,0.053,0.0516432331518,13,2,5.9133915575,34.9681997123,2.47744059369,0.866666666667,1,0,5.9133915575,34.9681997123,0,75672,21984,0.814297124601,11.2341634899,9.99807019502,0.297943959243,0.622204472843,0.922296191204,6,,
06013,Contra Costa,1856752855,2010,403000000,345.919183665,5.84909185272,7.60692070588,2.15256661288,0.0691240782041,0.0668396947219,254,596,2.18023505337,4.75342488796,1.52145111746,0.298823529412,0,0,0,0,0,127229,1165012,0.571986670431,11.7537438913,13.9682419454,0.381103370609,0.680037257159,0.697117353503,1,24.76,1039920
06013,Contra Costa,1856752855,2011,395000000,339.052301607,5.82909943404,8.45842255556,2.24690562028,0.0663488000912,0.0642404768123,254,596,2.18023505337,4.75342488796,1.52145111746,0.298823529412,0,0,0,0,0,127229,1165012,0.571986670431,11.7537438913,13.9682419454,0.381103370609,0.680037257159,0.697117353503,1,30.51,1281420
06013,Contra Costa,1856752855,2012,419000000,359.652947781,5.88791613244,6.7263492254,2.04463646454,0.0639845694753,0.0620208884415,254,596,2.18023505337,4.75342488796,1.52145111746,0.298823529412,0,0,0,0,0,127229,1165012,0.571986670431,11.7537438913,13.9682419454,0.381103370609,0.680037257159,0.697117353503,1,32.24,1354080
06013,Contra Costa,1856752855,2013,422000000,362.228028552,5.89503081487,9.80808955649,2.38029488675,0.0582211472868,0.0565893354942,254,596,2.18023505337,4.75342488796,1.52145111746,0.298823529412,0,0,0,0,0,127229,1165012,0.571986670431,11.7537438913,13.9682419454,0.381103370609,0.680037257159,0.697117353503,1,31.08,1305360
06013,Contra Costa,1856752855,2014,392000000,336.477220835,5.82149801421,8.54217859218,2.25572182335,0.0651723325872,0.0631366007067,254,596,2.18023505337,4.75342488796,1.52145111746,0.298823529412,0,0,0,0,0,127229,1165012,0.571986670431,11.7537438913,13.9682419454,0.381103370609,0.680037257159,0.697117353503,1,29.99,1259580
06013,Contra Costa,1856752855,2015,380000000,326.176897749,5.79050099633,8.85190608798,2.28766494793,0.0671786448354,0.0650183855174,254,596,2.18023505337,4.75342488796,1.52145111746,0.298823529412,0,0,0,0,0,127229,1165012,0.571986670431,11.7537438913,13.9682419454,0.381103370609,0.680037257159,0.697117353503,1,25.47,1069740
06013,Contra Costa,1856752855,2016,431000000,369.953270868,5.91607610014,7.04164210557,2.08463330432,0.0612070667285,0.0594070024455,254,596,2.18023505337,4.75342488796,1.52145111746,0.298823529412,0,0,0,0,0,127229,1165012,0.571986670431,11.7537438913,13.9682419454,0.381103370609,0.680037257159,0.697117353503,1,22.01,924420
06013,Contra Costa,1856752855,2017,430000000,369.09491061,5.91375948791,11.4360726309,2.52060133256,0.0620488825999,0.0601999505739,254,596,2.18023505337,4.75342488796,1.52145111746,0.298823529412,0,0,0,0,0,127229,1165012,0.571986670431,11.7537438913,13.9682419454,0.381103370609,0.680037257159,0.697117353503,1,24.37,1023540
06013,Contra Costa,1856752855,2018,397000000,340.769022122,5.83413513498,13.123774297,2.64785949784,0.0577579538565,0.0561515301894,254,596,2.18023505337,4.75342488796,1.52145111746,0.298823529412,0,0,0,0,0,127229,1165012,0.571986670431,11.7537438913,13.9682419454,0.381103370609,0.680037257159,0.697117353503,1,28.09,1179780
06013,Contra Costa,1856752855,2019,427000000,366.519829839,5.90677727594,7.17521583354,2.10110711809,0.0640182753822,0.062052566883,254,596,2.18023505337,4.75342488796,1.52145111746,0.298823529412,0,0,0,0,0,127229,1165012,0.571986670431,11.7537438913,13.9682419454,0.381103370609,0.680037257159,0.697117353503,1,29.1,1222200
06013,Contra Costa,1856752855,2020,336000000,288.40904643,5.66784107297,11.0855722301,2.49201236348,0.0632784025436,0.0613569677444,254,596,2.18023505337,4.75342488796,1.52145111746,0.298823529412,0,0,0,0,0,127229,1165012,0.571986670431,11.7537438913,13.9682419454,0.381103370609,0.680037257159,0.697117353503,1,24.79,1041180
06013,Contra Costa,1856752855,2021,374000000,321.026736205,5.77463457379,8.36816544836,2.23731728715,0.0667163920488,0.0645851375968,254,596,2.18023505337,4.75342488796,1.52145111746,0.298823529412,0,0,0,0,0,127229,1165012,0.571986670431,11.7537438913,13.9682419454,0.381103370609,0.680037257159,0.697117353503,1,32.46,1363320
06013,Contra Costa,1856752855,2022,396000000,339.910661864,5.83162045429,8.23828194724,2.22335593192,0.0571467492933,0.055573532912,254,596,2.18023505337,4.75342488796,1.52145111746,0.298823529412,1,0,2.18023505337,4.75342488796,0,127229,1165012,0.571986670431,11.7537438913,13.9682419454,0.381103370609,0.680037257159,0.697117353503,1,42.81,1798020
06013,Contra Costa,1856752855,2023,390000000,334.760500321,5.81639810914,7.95457961355,2.19216509008,0.0552132885552,0.0537429157413,254,596,2.18023505337,4.75342488796,1.52145111746,0.298823529412,1,0,2.18023505337,4.75342488796,0,127229,1165012,0.571986670431,11.7537438913,13.9682419454,0.381103370609,0.680037257159,0.697117353503,1,38.64,1622880
06013,Contra Costa,1856752855,2024,382000000,327.893618263,5.79573434973,6.8725289593,2.06337935253,0.0392673433719,0.0385159873653,254,596,2.18023505337,4.75342488796,1.52145111746,0.298823529412,1,0,2.18023505337,4.75342488796,0,127229,1165012,0.571986670431,11.7537438913,13.9682419454,0.381103370609,0.680037257159,0.697117353503,1,36.76,1543920
06013,Contra Costa,1856752855,2025,,,,,,,,254,596,2.18023505337,4.75342488796,1.52145111746,0.298823529412,1,0,2.18023505337,4.75342488796,0,127229,1165012,0.571986670431,11.7537438913,13.9682419454,0.381103370609,0.680037257159,0.697117353503,1,,
06015,Del Norte,2606049835,2010,8000000,295.126720035,5.69078747094,,,,,17,14,6.27144280075,39.3309948031,2.5354501686,0.548387096774,0,0,0,0,0,67058,27107,0.837324091577,11.1133131955,10.2075472761,0.598701442432,0.700798151649,0.871292209792,7,24.76,1039920
06015,Del Norte,2606049835,2011,7000000,258.235880031,5.55773838094,,,,,17,14,6.27144280075,39.3309948031,2.5354501686,0.548387096774,0,0,0,0,0,67058,27107,0.837324091577,11.1133131955,10.2075472761,0.598701442432,0.700798151649,0.871292209792,7,30.51,1281420
06015,Del Norte,2606049835,2012,7000000,258.235880031,5.55773838094,,,,,17,14,6.27144280075,39.3309948031,2.5354501686,0.548387096774,0,0,0,0,0,67058,27107,0.837324091577,11.1133131955,10.2075472761,0.598701442432,0.700798151649,0.871292209792,7,32.24,1354080
06015,Del Norte,2606049835,2013,5000000,184.454200022,5.22280795141,,,,,17,14,6.27144280075,39.3309948031,2.5354501686,0.548387096774,0,0,0,0,0,67058,27107,0.837324091577,11.1133131955,10.2075472761,0.598701442432,0.700798151649,0.871292209792,7,31.08,1305360
06015,Del Norte,2606049835,2014,7000000,258.235880031,5.55773838094,,,,,17,14,6.27144280075,39.3309948031,2.5354501686,0.548387096774,0,0,0,0,0,67058,27107,0.837324091577,11.1133131955,10.2075472761,0.598701442432,0.700798151649,0.871292209792,7,29.99,1259580
06015,Del Norte,2606049835,2015,6000000,221.345040027,5.40423040965,,,,,17,14,6.27144280075,39.3309948031,2.5354501686,0.548387096774,0,0,0,0,0,67058,27107,0.837324091577,11.1133131955,10.2075472761,0.598701442432,0.700798151649,0.871292209792,7,25.47,1069740
06015,Del Norte,2606049835,2016,7000000,258.235880031,5.55773838094,6.578652,2.02533534743,,,17,14,6.27144280075,39.3309948031,2.5354501686,0.548387096774,0,0,0,0,0,67058,27107,0.837324091577,11.1133131955,10.2075472761,0.598701442432,0.700798151649,0.871292209792,7,22.01,924420
06015,Del Norte,2606049835,2017,7000000,258.235880031,5.55773838094,5.993309,1.94495383479,,,17,14,6.27144280075,39.3309948031,2.5354501686,0.548387096774,0,0,0,0,0,67058,27107,0.837324091577,11.1133131955,10.2075472761,0.598701442432,0.700798151649,0.871292209792,7,24.37,1023540
06015,Del Norte,2606049835,2018,7000000,258.235880031,5.55773838094,7.825439,2.17763834662,,,17,14,6.27144280075,39.3309948031,2.5354501686,0.548387096774,0,0,0,0,0,67058,27107,0.837324091577,11.1133131955,10.2075472761,0.598701442432,0.700798151649,0.871292209792,7,28.09,1179780
06015,Del Norte,2606049835,2019,6000000,221.345040027,5.40423040965,,,,,17,14,6.27144280075,39.3309948031,2.5354501686,0.548387096774,0,0,0,0,0,67058,27107,0.837324091577,11.1133131955,10.2075472761,0.598701442432,0.700798151649,0.871292209792,7,29.1,1222200
06015,Del Norte,2606049835,2020,5000000,184.454200022,5.22280795141,,,,,17,14,6.27144280075,39.3309948031,2.5354501686,0.548387096774,0,0,0,0,0,67058,27107,0.837324091577,11.1133131955,10.2075472761,0.598701442432,0.700798151649,0.871292209792,7,24.79,1041180
06015,Del Norte,2606049835,2021,5000000,184.454200022,5.22280795141,,,,,17,14,6.27144280075,39.3309948031,2.5354501686,0.548387096774,0,0,0,0,0,67058,27107,0.837324091577,11.1133131955,10.2075472761,0.598701442432,0.700798151649,0.871292209792,7,32.46,1363320
06015,Del Norte,2606049835,2022,4000000,147.563360018,5.00101153403,,,,,17,14,6.27144280075,39.3309948031,2.5354501686,0.548387096774,1,0,6.27144280075,39.3309948031,0,67058,27107,0.837324091577,11.1133131955,10.2075472761,0.598701442432,0.700798151649,0.871292209792,7,42.81,1798020
06015,Del Norte,2606049835,2023,4000000,147.563360018,5.00101153403,,,,,17,14,6.27144280075,39.3309948031,2.5354501686,0.548387096774,1,0,6.27144280075,39.3309948031,0,67058,27107,0.837324091577,11.1133131955,10.2075472761,0.598701442432,0.700798151649,0.871292209792,7,38.64,1622880
06015,Del Norte,2606049835,2024,3000000,110.672520013,4.71557065981,,,,,17,14,6.27144280075,39.3309948031,2.5354501686,0.548387096774,1,0,6.27144280075,39.3309948031,0,67058,27107,0.837324091577,11.1133131955,10.2075472761,0.598701442432,0.700798151649,0.871292209792,7,36.76,1543920
06015,Del Norte,2606049835,2025,,,,,,,,17,14,6.27144280075,39.3309948031,2.5354501686,0.548387096774,1,0,6.27144280075,39.3309948031,0,67058,27107,0.837324091577,11.1133131955,10.2075472761,0.598701442432,0.700798151649,0.871292209792,7,,
06017,El Dorado,4423288010,2010,68000000,352.949725426,5.86915488448,,,0.0772425529218,0.0744045844445,37,26,1.92046174129,3.68817329975,1.40748835753,0.587301587302,0,0,0,0,0,108845,192662,0.654380783619,11.5976801308,12.1686926372,0.73091735786,0.772383015029,0.729780919054,1,24.76,1039920
06017,El Dorado,4423288010,2011,67000000,347.759288287,5.85438196586,,,0.0764942342263,0.0737096817711,37,26,1.92046174129,3.68817329975,1.40748835753,0.587301587302,0,0,0,0,0,108845,192662,0.654380783619,11.5976801308,12.1686926372,0.73091735786,0.772383015029,0.729780919054,1,30.51,1281420
06017,El Dorado,4423288010,2012,75000000,389.282785396,5.96687156713,,,0.0834900631481,0.0801873708845,37,26,1.92046174129,3.68817329975,1.40748835753,0.587301587302,0,0,0,0,0,108845,192662,0.654380783619,11.5976801308,12.1686926372,0.73091735786,0.772383015029,0.729780919054,1,32.24,1354080
06017,El Dorado,4423288010,2013,72000000,373.71147398,5.92615632711,,,0.0764765864056,0.0736932878464,37,26,1.92046174129,3.68817329975,1.40748835753,0.587301587302,0,0,0,0,0,108845,192662,0.654380783619,11.5976801308,12.1686926372,0.73091735786,0.772383015029,0.729780919054,1,31.08,1305360
06017,El Dorado,4423288010,2014,52000000,269.902731208,5.60175983102,,,0.0786741939639,0.0757326888386,37,26,1.92046174129,3.68817329975,1.40748835753,0.587301587302,0,0,0,0,0,108845,192662,0.654380783619,11.5976801308,12.1686926372,0.73091735786,0.772383015029,0.729780919054,1,29.99,1259580
06017,El Dorado,4423288010,2015,81000000,420.425408228,6.04364279435,,,0.08,0.0769610411361,37,26,1.92046174129,3.68817329975,1.40748835753,0.587301587302,0,0,0,0,0,108845,192662,0.654380783619,11.5976801308,12.1686926372,0.73091735786,0.772383015029,0.729780919054,1,25.47,1069740
06017,El Dorado,4423288010,2016,81000000,420.425408228,6.04364279435,,,0.0846084797404,0.0812190737055,37,26,1.92046174129,3.68817329975,1.40748835753,0.587301587302,0,0,0,0,0,108845,192662,0.654380783619,11.5976801308,12.1686926372,0.73091735786,0.772383015029,0.729780919054,1,22.01,924420
06017,El Dorado,4423288010,2017,82000000,425.615845366,6.05588394873,,,0.0752624814632,0.0725648005782,37,26,1.92046174129,3.68817329975,1.40748835753,0.587301587302,0,0,0,0,0,108845,192662,0.654380783619,11.5976801308,12.1686926372,0.73091735786,0.772383015029,0.729780919054,1,24.37,1023540
06017,El Dorado,4423288010,2018,76000000,394.473222535,5.98008307957,,,0.0890262732417,0.0852839696852,37,26,1.92046174129,3.68817329975,1.40748835753,0.587301587302,0,0,0,0,0,108845,192662,0.654380783619,11.5976801308,12.1686926372,0.73091735786,0.772383015029,0.729780919054,1,28.09,1179780
06017,El Dorado,4423288010,2019,74000000,384.092348258,5.95348317113,,,0.0681365102036,0.0659155509126,37,26,1.92046174129,3.68817329975,1.40748835753,0.587301587302,0,0,0,0,0,108845,192662,0.654380783619,11.5976801308,12.1686926372,0.73091735786,0.772383015029,0.729780919054,1,29.1,1222200
06017,El Dorado,4423288010,2020,62000000,321.807102594,5.77705493923,,,0.0816051179341,0.0784461581131,37,26,1.92046174129,3.68817329975,1.40748835753,0.587301587302,0,0,0,0,0,108845,192662,0.654380783619,11.5976801308,12.1686926372,0.73091735786,0.772383015029,0.729780919054,1,24.79,1041180
06017,El Dorado,4423288010,2021,65000000,337.37841401,5.82416483731,,,0.0755534923611,0.0728354056911,37,26,1.92046174129,3.68817329975,1.40748835753,0.587301587302,0,0,0,0,0,108845,192662,0.654380783619,11.5976801308,12.1686926372,0.73091735786,0.772383015029,0.729780919054,1,32.46,1363320
06017,El Dorado,4423288010,2022,66000000,342.568851149,5.8393875316,,,0.0654134356344,0.0633629263039,37,26,1.92046174129,3.68817329975,1.40748835753,0.587301587302,1,0,1.92046174129,3.68817329975,0,108845,192662,0.654380783619,11.5976801308,12.1686926372,0.73091735786,0.772383015029,0.729780919054,1,42.81,1798020
06017,El Dorado,4423288010,2023,67000000,347.759288287,5.85438196586,,,0.0678821257498,0.0656773652987,37,26,1.92046174129,3.68817329975,1.40748835753,0.587301587302,1,0,1.92046174129,3.68817329975,0,108845,192662,0.654380783619,11.5976801308,12.1686926372,0.73091735786,0.772383015029,0.729780919054,1,38.64,1622880
06017,El Dorado,4423288010,2024,65000000,337.37841401,5.82416483731,,,0.0685066228697,0.0662619940449,37,26,1.92046174129,3.68817329975,1.40748835753,0.587301587302,1,0,1.92046174129,3.68817329975,0,108845,192662,0.654380783619,11.5976801308,12.1686926372,0.73091735786,0.772383015029,0.729780919054,1,36.76,1543920
06017,El Dorado,4423288010,2025,,,,,,0.063,0.0610950993598,37,26,1.92046174129,3.68817329975,1.40748835753,0.587301587302,1,0,1.92046174129,3.68817329975,0,108845,192662,0.654380783619,11.5976801308,12.1686926372,0.73091735786,0.772383015029,0.729780919054,1,,
06019,Fresno,15432139286,2010,342000000,336.374142467,5.82119252956,12.5252209009,2.60455615738,0.0923079646018,0.088292856429,108,172,1.06223413411,1.12834135566,0.924702348102,0.385714285714,0,0,0,0,0,74201,1016725,0.805634089103,11.2145329062,13.8320972353,0.262482972288,0.555497040363,0.851681345076,1,24.76,1039920
06019,Fresno,15432139286,2011,335000000,329.489291598,5.80057425816,15.3730283386,2.79563536747,0.091578130263,0.087624475081,108,172,1.06223413411,1.12834135566,0.924702348102,0.385714285714,0,0,0,0,0,74201,1016725,0.805634089103,11.2145329062,13.8320972353,0.262482972288,0.555497040363,0.851681345076,1,30.51,1281420
06019,Fresno,15432139286,2012,341000000,335.390592343,5.81827296202,13.4646312644,2.67170644653,0.0914515093452,0.087508470318,108,172,1.06223413411,1.12834135566,0.924702348102,0.385714285714,0,0,0,0,0,74201,1016725,0.805634089103,11.2145329062,13.8320972353,0.262482972288,0.555497040363,0.851681345076,1,32.24,1354080
06019,Fresno,15432139286,2013,344000000,338.341242716,5.82700621676,15.5049304757,2.80365915298,0.085856224966,0.0823688232134,108,172,1.06223413411,1.12834135566,0.924702348102,0.385714285714,0,0,0,0,0,74201,1016725,0.805634089103,11.2145329062,13.8320972353,0.262482972288,0.555497040363,0.851681345076,1,31.08,1305360
06019,Fresno,15432139286,2014,300000000,295.065037252,5.69057915063,13.9655870075,2.7057533659,0.0874066745852,0.0837956638249,108,172,1.06223413411,1.12834135566,0.924702348102,0.385714285714,0,0,0,0,0,74201,1016725,0.805634089103,11.2145329062,13.8320972353,0.262482972288,0.555497040363,0.851681345076,1,29.99,1259580
06019,Fresno,15432139286,2015,331000000,325.555091101,5.7885986668,13.6047473672,2.681346638,0.0866081186573,0.0830610267228,108,172,1.06223413411,1.12834135566,0.924702348102,0.385714285714,0,0,0,0,0,74201,1016725,0.805634089103,11.2145329062,13.8320972353,0.262482972288,0.555497040363,0.851681345076,1,25.47,1069740
06019,Fresno,15432139286,2016,358000000,352.110944454,5.86678229779,11.5849613194,2.53250255503,0.0870149091426,0.0834353239076,108,172,1.06223413411,1.12834135566,0.924702348102,0.385714285714,0,0,0,0,0,74201,1016725,0.805634089103,11.2145329062,13.8320972353,0.262482972288,0.555497040363,0.851681345076,1,22.01,924420
06019,Fresno,15432139286,2017,367000000,360.962895572,5.89154170815,12.73334028,2.61982647351,0.0868517885199,0.083285249735,108,172,1.06223413411,1.12834135566,0.924702348102,0.385714285714,0,0,0,0,0,74201,1016725,0.805634089103,11.2145329062,13.8320972353,0.262482972288,0.555497040363,0.851681345076,1,24.37,1023540
06019,Fresno,15432139286,2018,368000000,361.946445696,5.89425529086,14.020376541,2.70940771533,0.0828333323047,0.0795810617204,108,172,1.06223413411,1.12834135566,0.924702348102,0.385714285714,0,0,0,0,0,74201,1016725,0.805634089103,11.2145329062,13.8320972353,0.262482972288,0.555497040363,0.851681345076,1,28.09,1179780
06019,Fresno,15432139286,2019,376000000,369.814846689,5.9157028725,9.26128478303,2.32837805442,0.0759238035831,0.0731796447183,108,172,1.06223413411,1.12834135566,0.924702348102,0.385714285714,0,0,0,0,0,74201,1016725,0.805634089103,11.2145329062,13.8320972353,0.262482972288,0.555497040363,0.851681345076,1,29.1,1222200
06019,Fresno,15432139286,2020,347000000,341.291893088,5.83566386161,18.1233533937,2.95091027895,0.08287593412,0.0796204038573,108,172,1.06223413411,1.12834135566,0.924702348102,0.385714285714,0,0,0,0,0,74201,1016725,0.805634089103,11.2145329062,13.8320972353,0.262482972288,0.555497040363,0.851681345076,1,24.79,1041180
06019,Fresno,15432139286,2021,387000000,380.633898055,5.94446176701,14.3143328153,2.7287891752,0.0839519231361,0.0806135506834,108,172,1.06223413411,1.12834135566,0.924702348102,0.385714285714,0,0,0,0,0,74201,1016725,0.805634089103,11.2145329062,13.8320972353,0.262482972288,0.555497040363,0.851681345076,1,32.46,1363320
06019,Fresno,15432139286,2022,371000000,364.897096068,5.90235213559,10.959123865,2.4814944904,0.075009127291,0.0723291520469,108,172,1.06223413411,1.12834135566,0.924702348102,0.385714285714,1,0,1.06223413411,1.12834135566,0,74201,1016725,0.805634089103,11.2145329062,13.8320972353,0.262482972288,0.555497040363,0.851681345076,1,42.81,1798020
06019,Fresno,15432139286,2023,372000000,365.880646192,5.90503658043,9.38007901671,2.33988849011,0.0781235513373,0.0752220775495,108,172,1.06223413411,1.12834135566,0.924702348102,0.385714285714,1,0,1.06223413411,1.12834135566,0,74201,1016725,0.805634089103,11.2145329062,13.8320972353,0.262482972288,0.555497040363,0.851681345076,1,38.64,1622880
06019,Fresno,15432139286,2024,378000000,371.781946937,5.92099365604,10.0310656888,2.4007154459,0.0826554680016,0.0794167899833,108,172,1.06223413411,1.12834135566,0.924702348102,0.385714285714,1,0,1.06223413411,1.12834135566,0,74201,1016725,0.805634089103,11.2145329062,13.8320972353,0.262482972288,0.555497040363,0.851681345076,1,36.76,1543920
06019,Fresno,15432139286,2025,,,,8.84114125626,2.28657168567,0.0628802203484,0.0609824122474,108,172,1.06223413411,1.12834135566,0.924702348102,0.385714285714,1,0,1.06223413411,1.12834135566,0,74201,1016725,0.805634089103,11.2145329062,13.8320972353,0.262482972288,0.555497040363,0.851681345076,1,,
06021,Glenn,3403160293,2010,14000000,491.331508388,6.19915228713,,,0.061,0.0592118596318,8,0,2.80760861936,7.8826661595,1.75578487774,1,0,0,0,0,0,67139,28494,0.861162079511,11.1145203762,10.2574488178,0.47466133221,0.611824668705,0.885917258671,6,24.76,1039920
06021,Glenn,3403160293,2011,14000000,491.331508388,6.19915228713,,,0.064,0.0620353909195,8,0,2.80760861936,7.8826661595,1.75578487774,1,0,0,0,0,0,67139,28494,0.861162079511,11.1145203762,10.2574488178,0.47466133221,0.611824668705,0.885917258671,6,30.51,1281420
06021,Glenn,3403160293,2012,12000000,421.141292904,6.0453400753,,,0.065,0.0629747991614,8,0,2.80760861936,7.8826661595,1.75578487774,1,0,0,0,0,0,67139,28494,0.861162079511,11.1145203762,10.2574488178,0.47466133221,0.611824668705,0.885917258671,6,32.24,1354080
06021,Glenn,3403160293,2013,14000000,491.331508388,6.19915228713,,,0.066,0.0639133257437,8,0,2.80760861936,7.8826661595,1.75578487774,1,0,0,0,0,0,67139,28494,0.861162079511,11.1145203762,10.2574488178,0.47466133221,0.611824668705,0.885917258671,6,31.08,1305360
06021,Glenn,3403160293,2014,16000000,561.521723872,6.33242975355,,,0.067,0.0648509723196,8,0,2.80760861936,7.8826661595,1.75578487774,1,0,0,0,0,0,67139,28494,0.861162079511,11.1145203762,10.2574488178,0.47466133221,0.611824668705,0.885917258671,6,29.99,1259580
06021,Glenn,3403160293,2015,16000000,561.521723872,6.33242975355,,,0.064,0.0620353909195,8,0,2.80760861936,7.8826661595,1.75578487774,1,0,0,0,0,0,67139,28494,0.861162079511,11.1145203762,10.2574488178,0.47466133221,0.611824668705,0.885917258671,6,25.47,1069740
06021,Glenn,3403160293,2016,17000000,596.616831614,6.39294979877,,,0.061,0.0592118596318,8,0,2.80760861936,7.8826661595,1.75578487774,1,0,0,0,0,0,67139,28494,0.861162079511,11.1145203762,10.2574488178,0.47466133221,0.611824668705,0.885917258671,6,22.01,924420
06021,Glenn,3403160293,2017,18000000,631.711939356,6.45001524646,,,0.064,0.0620353909195,8,0,2.80760861936,7.8826661595,1.75578487774,1,0,0,0,0,0,67139,28494,0.861162079511,11.1145203762,10.2574488178,0.47466133221,0.611824668705,0.885917258671,6,24.37,1023540
06021,Glenn,3403160293,2018,17000000,596.616831614,6.39294979877,,,0.061,0.0592118596318,8,0,2.80760861936,7.8826661595,1.75578487774,1,0,0,0,0,0,67139,28494,0.861162079511,11.1145203762,10.2574488178,0.47466133221,0.611824668705,0.885917258671,6,28.09,1179780
06021,Glenn,3403160293,2019,18000000,631.711939356,6.45001524646,,,0.058,0.0563803334361,8,0,2.80760861936,7.8826661595,1.75578487774,1,0,0,0,0,0,67139,28494,0.861162079511,11.1145203762,10.2574488178,0.47466133221,0.611824668705,0.885917258671,6,29.1,1222200
06021,Glenn,3403160293,2020,15000000,526.42661613,6.26800973933,,,0.056,0.0544881852841,8,0,2.80760861936,7.8826661595,1.75578487774,1,0,0,0,0,0,67139,28494,0.861162079511,11.1145203762,10.2574488178,0.47466133221,0.611824668705,0.885917258671,6,24.79,1041180
06021,Glenn,3403160293,2021,17000000,596.616831614,6.39294979877,,,0.0632608394034,0.0613404496949,8,0,2.80760861936,7.8826661595,1.75578487774,1,0,0,0,0,0,67139,28494,0.861162079511,11.1145203762,10.2574488178,0.47466133221,0.611824668705,0.885917258671,6,32.46,1363320
06021,Glenn,3403160293,2022,14000000,491.331508388,6.19915228713,,,0.063,0.0610950993598,8,0,2.80760861936,7.8826661595,1.75578487774,1,1,0,2.80760861936,7.8826661595,0,67139,28494,0.861162079511,11.1145203762,10.2574488178,0.47466133221,0.611824668705,0.885917258671,6,42.81,1798020
06021,Glenn,3403160293,2023,15000000,526.42661613,6.26800973933,,,0.06,0.058268908124,8,0,2.80760861936,7.8826661595,1.75578487774,1,1,0,2.80760861936,7.8826661595,0,67139,28494,0.861162079511,11.1145203762,10.2574488178,0.47466133221,0.611824668705,0.885917258671,6,38.64,1622880
06021,Glenn,3403160293,2024,15000000,526.42661613,6.26800973933,,,0.057,0.0554347068881,8,0,2.80760861936,7.8826661595,1.75578487774,1,1,0,2.80760861936,7.8826661595,0,67139,28494,0.861162079511,11.1145203762,10.2574488178,0.47466133221,0.611824668705,0.885917258671,6,36.76,1543920
06021,Glenn,3403160293,2025,,,,,,0.056,0.0544881852841,8,0,2.80760861936,7.8826661595,1.75578487774,1,1,0,2.80760861936,7.8826661595,0,67139,28494,0.861162079511,11.1145203762,10.2574488178,0.47466133221,0.611824668705,0.885917258671,6,,
06023,Humboldt,9241141221,2010,54000000,401.364639775,5.9973587416,5.90340901705,1.93201535004,0.045,0.0440168854168,17,102,1.26355534744,1.59657211605,1.05603305834,0.142857142857,0,0,0,0,0,61160,134541,0.849076872656,11.02124866,11.8096242643,0.69506693127,0.565401842613,0.789091619041,5,24.76,1039920
06023,Humboldt,9241141221,2011,54000000,401.364639775,5.9973587416,7.90119749701,2.18618581791,0.0446968847256,0.043726780877,17,102,1.26355534744,1.59657211605,1.05603305834,0.142857142857,0,0,0,0,0,61160,134541,0.849076872656,11.02124866,11.8096242643,0.69506693127,0.565401842613,0.789091619041,5,30.51,1281420
06023,Humboldt,9241141221,2012,53000000,393.931961261,5.97871350009,6.54077686214,2.02032520883,0.0455086568252,0.0445035199338,17,102,1.26355534744,1.59657211605,1.05603305834,0.142857142857,0,0,0,0,0,61160,134541,0.849076872656,11.02124866,11.8096242643,0.69506693127,0.565401842613,0.789091619041,5,32.24,1354080
06023,Humboldt,9241141221,2013,64000000,475.691424919,6.16686937363,7.31184511617,2.11768161986,0.0454973996533,0.0444927527034,17,102,1.26355534744,1.59657211605,1.05603305834,0.142857142857,0,0,0,0,0,61160,134541,0.849076872656,11.02124866,11.8096242643,0.69506693127,0.565401842613,0.789091619041,5,31.08,1305360
06023,Humboldt,9241141221,2014,44000000,327.037854632,5.79312901219,8.13442602368,2.2120503552,0.0423602194545,0.0414875836429,17,102,1.26355534744,1.59657211605,1.05603305834,0.142857142857,0,0,0,0,0,61160,134541,0.849076872656,11.02124866,11.8096242643,0.69506693127,0.565401842613,0.789091619041,5,29.99,1259580
06023,Humboldt,9241141221,2015,59000000,438.528032347,6.08570149745,6.36120702874,1.99622391776,0.0460196335671,0.0449921356072,17,102,1.26355534744,1.59657211605,1.05603305834,0.142857142857,0,0,0,0,0,61160,134541,0.849076872656,11.02124866,11.8096242643,0.69506693127,0.565401842613,0.789091619041,5,25.47,1069740
06023,Humboldt,9241141221,2016,61000000,453.393389376,6.11896331927,4.76340388085,1.7515282517,0.0460010106682,0.0449743318642,17,102,1.26355534744,1.59657211605,1.05603305834,0.142857142857,0,0,0,0,0,61160,134541,0.849076872656,11.02124866,11.8096242643,0.69506693127,0.565401842613,0.789091619041,5,22.01,924420
06023,Humboldt,9241141221,2017,55000000,408.79731829,6.01566269183,6.80504704416,2.05477058139,0.0493880672423,0.048207201177,17,102,1.26355534744,1.59657211605,1.05603305834,0.142857142857,0,0,0,0,0,61160,134541,0.849076872656,11.02124866,11.8096242643,0.69506693127,0.565401842613,0.789091619041,5,24.37,1023540
06023,Humboldt,9241141221,2018,58000000,431.095353833,6.06864629035,7.17480914758,2.10105737065,0.0442290349625,0.0432788475477,17,102,1.26355534744,1.59657211605,1.05603305834,0.142857142857,0,0,0,0,0,61160,134541,0.849076872656,11.02124866,11.8096242643,0.69506693127,0.565401842613,0.789091619041,5,28.09,1179780
06023,Humboldt,9241141221,2019,53000000,393.931961261,5.97871350009,6.78785,2.05256482692,0.046,0.0449733656427,17,102,1.26355534744,1.59657211605,1.05603305834,0.142857142857,0,0,0,0,0,61160,134541,0.849076872656,11.02124866,11.8096242643,0.69506693127,0.565401842613,0.789091619041,5,29.1,1222200
06023,Humboldt,9241141221,2020,56000000,416.229996804,6.03363762084,9.579439,2.35891240045,0.04,0.0392207131533,17,102,1.26355534744,1.59657211605,1.05603305834,0.142857142857,0,0,0,0,0,61160,134541,0.849076872656,11.02124866,11.8096242643,0.69506693127,0.565401842613,0.789091619041,5,24.79,1041180
06023,Humboldt,9241141221,2021,52000000,386.499282747,5.95971399781,6.92087,2.06950104828,0.041,0.0401817896328,17,102,1.26355534744,1.59657211605,1.05603305834,0.142857142857,0,0,0,0,0,61160,134541,0.849076872656,11.02124866,11.8096242643,0.69506693127,0.565401842613,0.789091619041,5,32.46,1363320
06023,Humboldt,9241141221,2022,45000000,334.470533146,5.81553412289,6.757759,2.04869350383,0.0357339992928,0.0351103534301,17,102,1.26355534744,1.59657211605,1.05603305834,0.142857142857,1,0,1.26355534744,1.59657211605,0,61160,134541,0.849076872656,11.02124866,11.8096242643,0.69506693127,0.565401842613,0.789091619041,5,42.81,1798020
06023,Humboldt,9241141221,2023,42000000,312.172497603,5.74675414929,11.6690296082,2.53916040168,0.047,0.0459289318884,17,102,1.26355534744,1.59657211605,1.05603305834,0.142857142857,1,0,1.26355534744,1.59657211605,0,61160,134541,0.849076872656,11.02124866,11.8096242643,0.69506693127,0.565401842613,0.789091619041,5,38.64,1622880
06023,Humboldt,9241141221,2024,30000000,222.980355431,5.41155834904,6.64507047485,2.03406105776,0.047,0.0459289318884,17,102,1.26355534744,1.59657211605,1.05603305834,0.142857142857,1,0,1.26355534744,1.59657211605,0,61160,134541,0.849076872656,11.02124866,11.8096242643,0.69506693127,0.565401842613,0.789091619041,5,36.76,1543920
06023,Humboldt,9241141221,2025,,,,6.2005668017,1.97415974538,0.047,0.0459289318884,17,102,1.26355534744,1.59657211605,1.05603305834,0.142857142857,1,0,1.26355534744,1.59657211605,0,61160,134541,0.849076872656,11.02124866,11.8096242643,0.69506693127,0.565401842613,0.789091619041,5,,
06025,Imperial,10814568238,2010,69000000,382.90363037,5.95039155851,10.4352662853,2.43670211407,0.0729966423089,0.0704553343883,30,20,1.66479839291,2.77155368905,1.28283404751,0.6,0,0,0,0,0,57681,180202,0.876762549351,10.9626831088,12.1018337229,0.0910811200764,0.568245910886,0.878202601498,3,24.76,1039920
06025,Imperial,10814568238,2011,60000000,332.959678583,5.81102026288,9.23099121559,2.32542146829,0.0746346441863,0.0719807379389,30,20,1.66479839291,2.77155368905,1.28283404751,0.6,0,0,0,0,0,57681,180202,0.876762549351,10.9626831088,12.1018337229,0.0910811200764,0.568245910886,0.878202601498,3,30.51,1281420
06025,Imperial,10814568238,2012,54000000,299.663710725,5.70599240005,11.8800340324,2.55567836294,0.0757721452949,0.0730386784367,30,20,1.66479839291,2.77155368905,1.28283404751,0.6,0,0,0,0,0,57681,180202,0.876762549351,10.9626831088,12.1018337229,0.0910811200764,0.568245910886,0.878202601498,3,32.24,1354080
06025,Imperial,10814568238,2013,58000000,321.86102263,5.77722196013,9.96297965688,2.39452411107,0.0767456453433,0.0739432006842,30,20,1.66479839291,2.77155368905,1.28283404751,0.6,0,0,0,0,0,57681,180202,0.876762549351,10.9626831088,12.1018337229,0.0910811200764,0.568245910886,0.878202601498,3,31.08,1305360
06025,Imperial,10814568238,2014,83000000,460.59422204,6.13468619787,14.0985540837,2.71459898319,0.0750239377,0.0723429289596,30,20,1.66479839291,2.77155368905,1.28283404751,0.6,0,0,0,0,0,57681,180202,0.876762549351,10.9626831088,12.1018337229,0.0910811200764,0.568245910886,0.878202601498,3,29.99,1259580
06025,Imperial,10814568238,2015,79000000,438.396910134,6.08540312791,11.2887173217,2.50868155049,0.0722318965082,0.0697423606241,30,20,1.66479839291,2.77155368905,1.28283404751,0.6,0,0,0,0,0,57681,180202,0.876762549351,10.9626831088,12.1018337229,0.0910811200764,0.568245910886,0.878202601498,3,25.47,1069740
06025,Imperial,10814568238,2016,86000000,477.242205969,6.17011731121,11.6645527886,2.53880697202,0.0678829950724,0.0656781793608,30,20,1.66479839291,2.77155368905,1.28283404751,0.6,0,0,0,0,0,57681,180202,0.876762549351,10.9626831088,12.1018337229,0.0910811200764,0.568245910886,0.878202601498,3,22.01,924420
06025,Imperial,10814568238,2017,83000000,460.59422204,6.13468619787,10.6115386488,2.45199931482,0.0697944935077,0.0674665678852,30,20,1.66479839291,2.77155368905,1.28283404751,0.6,0,0,0,0,0,57681,180202,0.876762549351,10.9626831088,12.1018337229,0.0910811200764,0.568245910886,0.878202601498,3,24.37,1023540
06025,Imperial,10814568238,2018,89000000,493.890189898,6.20433589937,11.5684600983,2.531190509,0.0660846016115,0.0639926862075,30,20,1.66479839291,2.77155368905,1.28283404751,0.6,0,0,0,0,0,57681,180202,0.876762549351,10.9626831088,12.1018337229,0.0910811200764,0.568245910886,0.878202601498,3,28.09,1179780
06025,Imperial,10814568238,2019,86000000,477.242205969,6.17011731121,9.67257217036,2.3676771019,0.0638841748917,0.0619265268095,30,20,1.66479839291,2.77155368905,1.28283404751,0.6,0,0,0,0,0,57681,180202,0.876762549351,10.9626831088,12.1018337229,0.0910811200764,0.568245910886,0.878202601498,3,29.1,1222200
06025,Imperial,10814568238,2020,64000000,355.156990488,5.87537161817,10.9985482194,2.48478566075,0.0634649171875,0.061532367044,30,20,1.66479839291,2.77155368905,1.28283404751,0.6,0,0,0,0,0,57681,180202,0.876762549351,10.9626831088,12.1018337229,0.0910811200764,0.568245910886,0.878202601498,3,24.79,1041180
06025,Imperial,10814568238,2021,74000000,410.650270252,6.02017413025,8.79000018437,2.28136147538,0.0673035804781,0.0651354496385,30,20,1.66479839291,2.77155368905,1.28283404751,0.6,0,0,0,0,0,57681,180202,0.876762549351,10.9626831088,12.1018337229,0.0910811200764,0.568245910886,0.878202601498,3,32.46,1363320
06025,Imperial,10814568238,2022,66000000,366.255646441,5.90605818986,9.48489476737,2.34993562781,0.0666307164005,0.0645048171951,30,20,1.66479839291,2.77155368905,1.28283404751,0.6,1,0,1.66479839291,2.77155368905,0,57681,180202,0.876762549351,10.9626831088,12.1018337229,0.0910811200764,0.568245910886,0.878202601498,3,42.81,1798020
06025,Imperial,10814568238,2023,74000000,410.650270252,6.02017413025,8.82530335121,2.28496103272,0.0761906163032,0.073427598748,30,20,1.66479839291,2.77155368905,1.28283404751,0.6,1,0,1.66479839291,2.77155368905,0,57681,180202,0.876762549351,10.9626831088,12.1018337229,0.0910811200764,0.568245910886,0.878202601498,3,38.64,1622880
06025,Imperial,10814568238,2024,75000000,416.199598229,6.03356476011,8.40278992062,2.24100644531,0.0751451612903,0.0724556862218,30,20,1.66479839291,2.77155368905,1.28283404751,0.6,1,0,1.66479839291,2.77155368905,0,57681,180202,0.876762549351,10.9626831088,12.1018337229,0.0910811200764,0.568245910886,0.878202601498,3,36.76,1543920
06025,Imperial,10814568238,2025,,,,6.99661015012,2.07901772065,0.0735733191676,0.0709926351824,30,20,1.66479839291,2.77155368905,1.28283404751,0.6,1,0,1.66479839291,2.77155368905,0,57681,180202,0.876762549351,10.9626831088,12.1018337229,0.0910811200764,0.568245910886,0.878202601498,3,,
06027,Inyo,26410783053,2010,19000000,1013.92817119,6.92257312167,6.9219316841,2.0696350756,0.069,0.0667236320429,20,2,10.6729281178,113.911394608,3.06304513182,0.909090909091,0,0,0,0,0,73991,18739,0.821766169154,11.2116987432,9.83836219258,0.580287101766,0.664054726368,0.787922358016,6,24.76,1039920
06027,Inyo,26410783053,2011,18000000,960.563530605,6.86856063732,8.225399656,2.22196051213,0.075,0.0723206615796,20,2,10.6729281178,113.911394608,3.06304513182,0.909090909091,0,0,0,0,0,73991,18739,0.821766169154,11.2116987432,9.83836219258,0.580287101766,0.664054726368,0.787922358016,6,30.51,1281420
06027,Inyo,26410783053,2012,16000000,853.834249426,6.75090758982,7.14356463366,2.09722799984,0.073,0.0704584636486,20,2,10.6729281178,113.911394608,3.06304513182,0.909090909091,0,0,0,0,0,73991,18739,0.821766169154,11.2116987432,9.83836219258,0.580287101766,0.664054726368,0.787922358016,6,32.24,1354080
06027,Inyo,26410783053,2013,16000000,853.834249426,6.75090758982,8.10601648133,2.20893534685,0.07,0.0676586484738,20,2,10.6729281178,113.911394608,3.06304513182,0.909090909091,0,0,0,0,0,73991,18739,0.821766169154,11.2116987432,9.83836219258,0.580287101766,0.664054726368,0.787922358016,6,31.08,1305360
06027,Inyo,26410783053,2014,17000000,907.198890015,6.81146339648,7.88291140506,2.1841293642,0.069,0.0667236320429,20,2,10.6729281178,113.911394608,3.06304513182,0.909090909091,0,0,0,0,0,73991,18739,0.821766169154,11.2116987432,9.83836219258,0.580287101766,0.664054726368,0.787922358016,6,29.99,1259580
06027,Inyo,26410783053,2015,18000000,960.563530605,6.86856063732,6.79968749493,2.05408366814,0.0664210549297,0.06430823362,20,2,10.6729281178,113.911394608,3.06304513182,0.909090909091,0,0,0,0,0,73991,18739,0.821766169154,11.2116987432,9.83836219258,0.580287101766,0.664054726368,0.787922358016,6,25.47,1069740
06027,Inyo,26410783053,2016,18000000,960.563530605,6.86856063732,5.26447363397,1.83489456789,0.0643238293806,0.0623396955357,20,2,10.6729281178,113.911394608,3.06304513182,0.909090909091,0,0,0,0,0,73991,18739,0.821766169154,11.2116987432,9.83836219258,0.580287101766,0.664054726368,0.787922358016,6,22.01,924420
06027,Inyo,26410783053,2017,18000000,960.563530605,6.86856063732,6.37774671276,1.99846826852,0.062191805287,0.060334514127,20,2,10.6729281178,113.911394608,3.06304513182,0.909090909091,0,0,0,0,0,73991,18739,0.821766169154,11.2116987432,9.83836219258,0.580287101766,0.664054726368,0.787922358016,6,24.37,1023540
06027,Inyo,26410783053,2018,18000000,960.563530605,6.86856063732,6.55549157861,2.02227466027,0.0661871952387,0.0640889156165,20,2,10.6729281178,113.911394608,3.06304513182,0.909090909091,0,0,0,0,0,73991,18739,0.821766169154,11.2116987432,9.83836219258,0.580287101766,0.664054726368,0.787922358016,6,28.09,1179780
06027,Inyo,26410783053,2019,17000000,907.198890015,6.81146339648,4.37510239417,1.68177762391,0.0641844796323,0.0622087590034,20,2,10.6729281178,113.911394608,3.06304513182,0.909090909091,0,0,0,0,0,73991,18739,0.821766169154,11.2116987432,9.83836219258,0.580287101766,0.664054726368,0.787922358016,6,29.1,1222200
06027,Inyo,26410783053,2020,16000000,853.834249426,6.75090758982,12.5806601097,2.60864672991,0.0622291284335,0.0603696513693,20,2,10.6729281178,113.911394608,3.06304513182,0.909090909091,0,0,0,0,0,73991,18739,0.821766169154,11.2116987432,9.83836219258,0.580287101766,0.664054726368,0.787922358016,6,24.79,1041180
06027,Inyo,26410783053,2021,15000000,800.469608837,6.68644705347,9.65875306309,2.36638143845,0.0707807266369,0.0683880334704,20,2,10.6729281178,113.911394608,3.06304513182,0.909090909091,0,0,0,0,0,73991,18739,0.821766169154,11.2116987432,9.83836219258,0.580287101766,0.664054726368,0.787922358016,6,32.46,1363320
06027,Inyo,26410783053,2022,15000000,800.469608837,6.68644705347,5.55648217181,1.88045420482,0.0633434065489,0.0614181013273,20,2,10.6729281178,113.911394608,3.06304513182,0.909090909091,1,0,10.6729281178,113.911394608,0,73991,18739,0.821766169154,11.2116987432,9.83836219258,0.580287101766,0.664054726368,0.787922358016,6,42.81,1798020
06027,Inyo,26410783053,2023,15000000,800.469608837,6.68644705347,5.30844798592,1.84188968527,0.0601727814666,0.0584318962243,20,2,10.6729281178,113.911394608,3.06304513182,0.909090909091,1,0,10.6729281178,113.911394608,0,73991,18739,0.821766169154,11.2116987432,9.83836219258,0.580287101766,0.664054726368,0.787922358016,6,38.64,1622880
06027,Inyo,26410783053,2024,15000000,800.469608837,6.68644705347,6.02700611202,1.949760742,0.0628464364438,0.0609506265006,20,2,10.6729281178,113.911394608,3.06304513182,0.909090909091,1,0,10.6729281178,113.911394608,0,73991,18739,0.821766169154,11.2116987432,9.83836219258,0.580287101766,0.664054726368,0.787922358016,6,36.76,1543920
06027,Inyo,26410783053,2025,,,,4.91160718973,1.77691773857,0.0716859558133,0.0692330680632,20,2,10.6729281178,113.911394608,3.06304513182,0.909090909091,1,0,10.6729281178,113.911394608,0,73991,18739,0.821766169154,11.2116987432,9.83836219258,0.580287101766,0.664054726368,0.787922358016,6,,
06029,Kern,21068705434,2010,362000000,395.5959894,5.98291810358,14.0172319917,2.70919834118,0.090827562075,0.0869366394323,209,107,2.28396579515,5.21649975343,1.56386647874,0.661392405063,0,0,0,0,0,70210,915075,0.826287767916,11.15924603,13.7267613081,0.295556101959,0.600612078012,0.898015614834,2,24.76,1039920
06029,Kern,21068705434,2011,359000000,392.317569598,5.9746173507,11.8562265899,2.55382825351,0.0882347939252,0.0845569283916,209,107,2.28396579515,5.21649975343,1.56386647874,0.661392405063,0,0,0,0,0,70210,915075,0.826287767916,11.15924603,13.7267613081,0.295556101959,0.600612078012,0.898015614834,2,30.51,1281420
06029,Kern,21068705434,2012,356000000,389.039149796,5.96624711818,10.122563536,2.40897579607,0.0869645349145,0.0833889810332,209,107,2.28396579515,5.21649975343,1.56386647874,0.661392405063,0,0,0,0,0,70210,915075,0.826287767916,11.15924603,13.7267613081,0.295556101959,0.600612078012,0.898015614834,2,32.24,1354080
06029,Kern,21068705434,2013,367000000,401.060022403,5.99660138693,16.4550500482,2.85962900782,0.081577143712,0.0784202941602,209,107,2.28396579515,5.21649975343,1.56386647874,0.661392405063,0,0,0,0,0,70210,915075,0.826287767916,11.15924603,13.7267613081,0.295556101959,0.600612078012,0.898015614834,2,31.08,1305360
06029,Kern,21068705434,2014,384000000,419.637734612,6.04177197539,15.4734468179,2.80174980086,0.0836456114267,0.0803309228371,209,107,2.28396579515,5.21649975343,1.56386647874,0.661392405063,0,0,0,0,0,70210,915075,0.826287767916,11.15924603,13.7267613081,0.295556101959,0.600612078012,0.898015614834,2,29.99,1259580
06029,Kern,21068705434,2015,375000000,409.802475207,6.01811250337,11.8081644087,2.55008281202,0.0859821699835,0.0824848033139,209,107,2.28396579515,5.21649975343,1.56386647874,0.661392405063,0,0,0,0,0,70210,915075,0.826287767916,11.15924603,13.7267613081,0.295556101959,0.600612078012,0.898015614834,2,25.47,1069740
06029,Kern,21068705434,2016,407000000,444.772286425,6.09980825308,11.8064221498,2.54994677556,0.0830299371326,0.0797626104185,209,107,2.28396579515,5.21649975343,1.56386647874,0.661392405063,0,0,0,0,0,70210,915075,0.826287767916,11.15924603,13.7267613081,0.295556101959,0.600612078012,0.898015614834,2,22.01,924420
06029,Kern,21068705434,2017,390000000,426.194574215,6.05723958676,11.5692231565,2.5312512193,0.0840451086509,0.0806995152982,209,107,2.28396579515,5.21649975343,1.56386647874,0.661392405063,0,0,0,0,0,70210,915075,0.826287767916,11.15924603,13.7267613081,0.295556101959,0.600612078012,0.898015614834,2,24.37,1023540
06029,Kern,21068705434,2018,396000000,432.751413819,6.07247159078,12.0311606604,2.56734346318,0.0915046554935,0.0875571622241,209,107,2.28396579515,5.21649975343,1.56386647874,0.661392405063,0,0,0,0,0,70210,915075,0.826287767916,11.15924603,13.7267613081,0.295556101959,0.600612078012,0.898015614834,2,28.09,1179780
06029,Kern,21068705434,2019,392000000,428.380187416,6.06234274422,8.4690372437,2.24802723822,0.078182957597,0.0752771775638,209,107,2.28396579515,5.21649975343,1.56386647874,0.661392405063,0,0,0,0,0,70210,915075,0.826287767916,11.15924603,13.7267613081,0.295556101959,0.600612078012,0.898015614834,2,29.1,1222200
06029,Kern,21068705434,2020,364000000,397.781602601,5.98841390513,15.9748080952,2.83173036824,0.0886571791584,0.0849449910458,209,107,2.28396579515,5.21649975343,1.56386647874,0.661392405063,0,0,0,0,0,70210,915075,0.826287767916,11.15924603,13.7267613081,0.295556101959,0.600612078012,0.898015614834,2,24.79,1041180
06029,Kern,21068705434,2021,406000000,443.679479824,6.09735375259,14.44004281,2.73696431726,0.0819164041145,0.0787339169169,209,107,2.28396579515,5.21649975343,1.56386647874,0.661392405063,0,0,0,0,0,70210,915075,0.826287767916,11.15924603,13.7267613081,0.295556101959,0.600612078012,0.898015614834,2,32.46,1363320
06029,Kern,21068705434,2022,395000000,431.658607218,6.06994898104,10.8420834968,2.47165958499,0.0795074240545,0.0765048482575,209,107,2.28396579515,5.21649975343,1.56386647874,0.661392405063,1,0,2.28396579515,5.21649975343,0,70210,915075,0.826287767916,11.15924603,13.7267613081,0.295556101959,0.600612078012,0.898015614834,2,42.81,1798020
06029,Kern,21068705434,2023,401000000,438.215446821,6.08499005994,9.26974440873,2.32920213646,0.0791684800035,0.0761908186683,209,107,2.28396579515,5.21649975343,1.56386647874,0.661392405063,1,0,2.28396579515,5.21649975343,0,70210,915075,0.826287767916,11.15924603,13.7267613081,0.295556101959,0.600612078012,0.898015614834,2,38.64,1622880
06029,Kern,21068705434,2024,406000000,443.679479824,6.09735375259,9.20596911104,2.32297275609,0.0831997132289,0.0799193584315,209,107,2.28396579515,5.21649975343,1.56386647874,0.661392405063,1,0,2.28396579515,5.21649975343,0,70210,915075,0.826287767916,11.15924603,13.7267613081,0.295556101959,0.600612078012,0.898015614834,2,36.76,1543920
06029,Kern,21068705434,2025,,,,8.091693377,2.20736118094,0.0659961899612,0.063909751592,209,107,2.28396579515,5.21649975343,1.56386647874,0.661392405063,1,0,2.28396579515,5.21649975343,0,70210,915075,0.826287767916,11.15924603,13.7267613081,0.295556101959,0.600612078012,0.898015614834,2,,
06031,Kings,3602601921,2010,51000000,332.68535793,5.81019850685,18.3545587321,2.96292798512,0.095806809513,0.0914909042961,136,45,8.87160954481,78.7054559155,2.87916479135,0.75138121547,0,0,0,0,0,70995,153298,0.851130482157,11.170364731,11.9401390185,0.280375477827,0.541859620449,0.905961754781,3,24.76,1039920
06031,Kings,3602601921,2011,48000000,313.115630993,5.74976116969,17.1037427106,2.89611869649,0.0829151721247,0.0796566381964,136,45,8.87160954481,78.7054559155,2.87916479135,0.75138121547,0,0,0,0,0,70995,153298,0.851130482157,11.170364731,11.9401390185,0.280375477827,0.541859620449,0.905961754781,3,30.51,1281420
06031,Kings,3602601921,2012,47000000,306.592388681,5.72877549311,14.876042,2.76481118042,0.0803286453591,0.0772652961044,136,45,8.87160954481,78.7054559155,2.87916479135,0.75138121547,0,0,0,0,0,70995,153298,0.851130482157,11.170364731,11.9401390185,0.280375477827,0.541859620449,0.905961754781,3,32.24,1354080
06031,Kings,3602601921,2013,49000000,319.638873306,5.77031548456,18.0061228571,2.94476118289,0.0799763333905,0.0769391273687,136,45,8.87160954481,78.7054559155,2.87916479135,0.75138121547,0,0,0,0,0,70995,153298,0.851130482157,11.170364731,11.9401390185,0.280375477827,0.541859620449,0.905961754781,3,31.08,1305360
06031,Kings,3602601921,2014,45000000,293.545904056,5.6854348621,16.6450305569,2.87045418889,0.0812272823854,0.0780967685327,136,45,8.87160954481,78.7054559155,2.87916479135,0.75138121547,0,0,0,0,0,70995,153298,0.851130482157,11.170364731,11.9401390185,0.280375477827,0.541859620449,0.905961754781,3,29.99,1259580
06031,Kings,3602601921,2015,51000000,332.68535793,5.81019850685,16.7363012333,2.87561345645,0.0778654880861,0.0749826855603,136,45,8.87160954481,78.7054559155,2.87916479135,0.75138121547,0,0,0,0,0,70995,153298,0.851130482157,11.170364731,11.9401390185,0.280375477827,0.541859620449,0.905961754781,3,25.47,1069740
06031,Kings,3602601921,2016,57000000,371.824811804,5.92110863587,15.3745832167,2.79573032878,0.0799869300781,0.0769489392833,136,45,8.87160954481,78.7054559155,2.87916479135,0.75138121547,0,0,0,0,0,70995,153298,0.851130482157,11.170364731,11.9401390185,0.280375477827,0.541859620449,0.905961754781,3,22.01,924420
06031,Kings,3602601921,2017,60000000,391.394538742,5.97226781001,16.6929508142,2.87316630117,0.0804588838367,0.0773858433362,136,45,8.87160954481,78.7054559155,2.87916479135,0.75138121547,0,0,0,0,0,70995,153298,0.851130482157,11.170364731,11.9401390185,0.280375477827,0.541859620449,0.905961754781,3,24.37,1023540
06031,Kings,3602601921,2018,60000000,391.394538742,5.97226781001,17.528948967,2.91933431807,0.0785062093053,0.0755769441836,136,45,8.87160954481,78.7054559155,2.87916479135,0.75138121547,0,0,0,0,0,70995,153298,0.851130482157,11.170364731,11.9401390185,0.280375477827,0.541859620449,0.905961754781,3,28.09,1179780
06031,Kings,3602601921,2019,76000000,495.766415739,6.20811992717,12.1344096671,2.57523547862,0.0735172792455,0.0709404343837,136,45,8.87160954481,78.7054559155,2.87916479135,0.75138121547,0,0,0,0,0,70995,153298,0.851130482157,11.170364731,11.9401390185,0.280375477827,0.541859620449,0.905961754781,3,29.1,1222200
06031,Kings,3602601921,2020,52000000,339.208600243,5.8295589596,19.0133361203,2.99639885735,0.0799718488998,0.0769349749629,136,45,8.87160954481,78.7054559155,2.87916479135,0.75138121547,0,0,0,0,0,70995,153298,0.851130482157,11.170364731,11.9401390185,0.280375477827,0.541859620449,0.905961754781,3,24.79,1041180
06031,Kings,3602601921,2021,58000000,378.348054117,5.93845413225,15.231497,2.78695361387,0.0739737044949,0.0713655120764,136,45,8.87160954481,78.7054559155,2.87916479135,0.75138121547,0,0,0,0,0,70995,153298,0.851130482157,11.170364731,11.9401390185,0.280375477827,0.541859620449,0.905961754781,3,32.46,1363320
06031,Kings,3602601921,2022,58000000,378.348054117,5.93845413225,14.4023578225,2.73452060306,0.075,0.0723206615796,136,45,8.87160954481,78.7054559155,2.87916479135,0.75138121547,1,0,8.87160954481,78.7054559155,0,70995,153298,0.851130482157,11.170364731,11.9401390185,0.280375477827,0.541859620449,0.905961754781,3,42.81,1798020
06031,Kings,3602601921,2023,55000000,358.77832718,5.88548808396,11.2801399445,2.50798331879,0.0756710635086,0.072944711944,136,45,8.87160954481,78.7054559155,2.87916479135,0.75138121547,1,0,8.87160954481,78.7054559155,0,70995,153298,0.851130482157,11.170364731,11.9401390185,0.280375477827,0.541859620449,0.905961754781,3,38.64,1622880
06031,Kings,3602601921,2024,55000000,358.77832718,5.88548808396,10.9542136685,2.48108382447,0.083,0.0797349680189,136,45,8.87160954481,78.7054559155,2.87916479135,0.75138121547,1,0,8.87160954481,78.7054559155,0,70995,153298,0.851130482157,11.170364731,11.9401390185,0.280375477827,0.541859620449,0.905961754781,3,36.76,1543920
06031,Kings,3602601921,2025,,,,10.3575069717,2.42987893249,0.068,0.065787740538,136,45,8.87160954481,78.7054559155,2.87916479135,0.75138121547,1,0,8.87160954481,78.7054559155,0,70995,153298,0.851130482157,11.170364731,11.9401390185,0.280375477827,0.541859620449,0.905961754781,3,,
06033,Lake,3250647505,2010,25000000,366.827092382,5.90761297009,3.07541,1.40497135513,0.056,0.0544881852841,0,14,0,0,0,0,0,0,0,0,0,60621,68152,0.843763919822,11.0123966467,11.1294957837,0.640304026294,0.721640682999,0.807298546896,4,24.76,1039920
06033,Lake,3250647505,2011,22000000,322.807841296,5.78015025743,3.518033,1.50807672214,0.055,0.053540766928,0,14,0,0,0,0,0,0,0,0,0,60621,68152,0.843763919822,11.0123966467,11.1294957837,0.640304026294,0.721640682999,0.807298546896,4,30.51,1281420
06033,Lake,3250647505,2012,20000000,293.461673905,5.68514885508,3.916667,1.59263086191,0.0640003390261,0.062035709553,0,14,0,0,0,0,0,0,0,0,0,60621,68152,0.843763919822,11.0123966467,11.1294957837,0.640304026294,0.721640682999,0.807298546896,4,32.24,1354080
06033,Lake,3250647505,2013,24000000,352.154008686,5.86690424702,3.868852,1.58285818035,0.059,0.0573250666193,0,14,0,0,0,0,0,0,0,0,0,60621,68152,0.843763919822,11.0123966467,11.1294957837,0.640304026294,0.721640682999,0.807298546896,4,31.08,1305360
06033,Lake,3250647505,2014,25000000,366.827092382,5.90761297009,4.065574,1.62246745803,0.061,0.0592118596318,0,14,0,0,0,0,0,0,0,0,0,60621,68152,0.843763919822,11.0123966467,11.1294957837,0.640304026294,0.721640682999,0.807298546896,4,29.99,1259580
06033,Lake,3250647505,2015,23000000,337.480924991,5.82446773919,3.56145259218,1.51764112372,0.058,0.0563803334361,0,14,0,0,0,0,0,0,0,0,0,60621,68152,0.843763919822,11.0123966467,11.1294957837,0.640304026294,0.721640682999,0.807298546896,4,25.47,1069740
06033,Lake,3250647505,2016,21000000,308.134757601,5.73377729057,2.985246,1.38259904183,0.057,0.0554347068881,0,14,0,0,0,0,0,0,0,0,0,60621,68152,0.843763919822,11.0123966467,11.1294957837,0.640304026294,0.721640682999,0.807298546896,4,22.01,924420
06033,Lake,3250647505,2017,21000000,308.134757601,5.73377729057,5.92881359322,1.93568859988,0.0556381835625,0.0541454973711,0,14,0,0,0,0,0,0,0,0,0,60621,68152,0.843763919822,11.0123966467,11.1294957837,0.640304026294,0.721640682999,0.807298546896,4,24.37,1023540
06033,Lake,3250647505,2018,23000000,337.480924991,5.82446773919,7.76551713793,2.17082551697,0.053,0.0516432331518,0,14,0,0,0,0,0,0,0,0,0,60621,68152,0.843763919822,11.0123966467,11.1294957837,0.640304026294,0.721640682999,0.807298546896,4,28.09,1179780
06033,Lake,3250647505,2019,24000000,352.154008686,5.86690424702,3.141667,1.4210983638,0.051,0.0497420918948,0,14,0,0,0,0,0,0,0,0,0,60621,68152,0.843763919822,11.0123966467,11.1294957837,0.640304026294,0.721640682999,0.807298546896,4,29.1,1222200
06033,Lake,3250647505,2020,20000000,293.461673905,5.68514885508,8.08156405587,2.20624643063,0.059,0.0573250666193,0,14,0,0,0,0,0,0,0,0,0,60621,68152,0.843763919822,11.0123966467,11.1294957837,0.640304026294,0.721640682999,0.807298546896,4,24.79,1041180
06033,Lake,3250647505,2021,20000000,293.461673905,5.68514885508,5.94780201099,1.93842535215,0.054,0.0525924501192,0,14,0,0,0,0,0,0,0,0,0,60621,68152,0.843763919822,11.0123966467,11.1294957837,0.640304026294,0.721640682999,0.807298546896,4,32.46,1363320
06033,Lake,3250647505,2022,18000000,264.115506515,5.58016560466,4.257377,1.65963223317,0.053,0.0516432331518,0,14,0,0,0,0,1,0,0,0,0,60621,68152,0.843763919822,11.0123966467,11.1294957837,0.640304026294,0.721640682999,0.807298546896,4,42.81,1798020
06033,Lake,3250647505,2023,19000000,278.78859021,5.63403428302,4.123333,1.63380520382,0.048,0.0468835858989,0,14,0,0,0,0,1,0,0,0,0,60621,68152,0.843763919822,11.0123966467,11.1294957837,0.640304026294,0.721640682999,0.807298546896,4,38.64,1622880
06033,Lake,3250647505,2024,18000000,264.115506515,5.58016560466,3.234426,1.44324778173,0.05,0.0487901641694,0,14,0,0,0,0,1,0,0,0,0,60621,68152,0.843763919822,11.0123966467,11.1294957837,0.640304026294,0.721640682999,0.807298546896,4,36.76,1543920
06033,Lake,3250647505,2025,,,,3.316667,1.4624835767,,,0,14,0,0,0,0,1,0,0,0,0,60621,68152,0.843763919822,11.0123966467,11.1294957837,0.640304026294,0.721640682999,0.807298546896,4,,
06035,Lassen,11762090640,2010,7000000,230.59691659,5.44499843209,,,,,8,4,2.63539333245,6.94529801675,1.69637382286,0.666666666667,0,0,0,0,0,67403,30356,0.873039904834,11.1184448063,10.3207494705,0.613025431546,0.681842759814,0.873833757422,7,24.76,1039920
06035,Lassen,11762090640,2011,7000000,230.59691659,5.44499843209,,,,,8,4,2.63539333245,6.94529801675,1.69637382286,0.666666666667,0,0,0,0,0,67403,30356,0.873039904834,11.1184448063,10.3207494705,0.613025431546,0.681842759814,0.873833757422,7,30.51,1281420
06035,Lassen,11762090640,2012,6000000,197.654499934,5.29156713458,,,,,8,4,2.63539333245,6.94529801675,1.69637382286,0.666666666667,0,0,0,0,0,67403,30356,0.873039904834,11.1184448063,10.3207494705,0.613025431546,0.681842759814,0.873833757422,7,32.24,1354080
06035,Lassen,11762090640,2013,6000000,197.654499934,5.29156713458,,,,,8,4,2.63539333245,6.94529801675,1.69637382286,0.666666666667,0,0,0,0,0,67403,30356,0.873039904834,11.1184448063,10.3207494705,0.613025431546,0.681842759814,0.873833757422,7,31.08,1305360
06035,Lassen,11762090640,2014,8000000,263.539333245,5.57798994816,,,,,8,4,2.63539333245,6.94529801675,1.69637382286,0.666666666667,0,0,0,0,0,67403,30356,0.873039904834,11.1184448063,10.3207494705,0.613025431546,0.681842759814,0.873833757422,7,29.99,1259580
06035,Lassen,11762090640,2015,9000000,296.481749901,5.69535287823,,,,,8,4,2.63539333245,6.94529801675,1.69637382286,0.666666666667,0,0,0,0,0,67403,30356,0.873039904834,11.1184448063,10.3207494705,0.613025431546,0.681842759814,0.873833757422,7,25.47,1069740
06035,Lassen,11762090640,2016,8000000,263.539333245,5.57798994816,,,,,8,4,2.63539333245,6.94529801675,1.69637382286,0.666666666667,0,0,0,0,0,67403,30356,0.873039904834,11.1184448063,10.3207494705,0.613025431546,0.681842759814,0.873833757422,7,22.01,924420
06035,Lassen,11762090640,2017,6000000,197.654499934,5.29156713458,,,,,8,4,2.63539333245,6.94529801675,1.69637382286,0.666666666667,0,0,0,0,0,67403,30356,0.873039904834,11.1184448063,10.3207494705,0.613025431546,0.681842759814,0.873833757422,7,24.37,1023540
06035,Lassen,11762090640,2018,5000000,164.712083278,5.1102518444,,,,,8,4,2.63539333245,6.94529801675,1.69637382286,0.666666666667,0,0,0,0,0,67403,30356,0.873039904834,11.1184448063,10.3207494705,0.613025431546,0.681842759814,0.873833757422,7,28.09,1179780
06035,Lassen,11762090640,2019,7000000,230.59691659,5.44499843209,,,,,8,4,2.63539333245,6.94529801675,1.69637382286,0.666666666667,0,0,0,0,0,67403,30356,0.873039904834,11.1184448063,10.3207494705,0.613025431546,0.681842759814,0.873833757422,7,29.1,1222200
06035,Lassen,11762090640,2020,6000000,197.654499934,5.29156713458,,,,,8,4,2.63539333245,6.94529801675,1.69637382286,0.666666666667,0,0,0,0,0,67403,30356,0.873039904834,11.1184448063,10.3207494705,0.613025431546,0.681842759814,0.873833757422,7,24.79,1041180
06035,Lassen,11762090640,2021,7000000,230.59691659,5.44499843209,,,,,8,4,2.63539333245,6.94529801675,1.69637382286,0.666666666667,0,0,0,0,0,67403,30356,0.873039904834,11.1184448063,10.3207494705,0.613025431546,0.681842759814,0.873833757422,7,32.46,1363320
06035,Lassen,11762090640,2022,6000000,197.654499934,5.29156713458,,,,,8,4,2.63539333245,6.94529801675,1.69637382286,0.666666666667,1,0,2.63539333245,6.94529801675,0,67403,30356,0.873039904834,11.1184448063,10.3207494705,0.613025431546,0.681842759814,0.873833757422,7,42.81,1798020
06035,Lassen,11762090640,2023,6000000,197.654499934,5.29156713458,,,,,8,4,2.63539333245,6.94529801675,1.69637382286,0.666666666667,1,0,2.63539333245,6.94529801675,0,67403,30356,0.873039904834,11.1184448063,10.3207494705,0.613025431546,0.681842759814,0.873833757422,7,38.64,1622880
06035,Lassen,11762090640,2024,6000000,197.654499934,5.29156713458,,,,,8,4,2.63539333245,6.94529801675,1.69637382286,0.666666666667,1,0,2.63539333245,6.94529801675,0,67403,30356,0.873039904834,11.1184448063,10.3207494705,0.613025431546,0.681842759814,0.873833757422,7,36.76,1543920
06035,Lassen,11762090640,2025,,,,,,,,8,4,2.63539333245,6.94529801675,1.69637382286,0.666666666667,1,0,2.63539333245,6.94529801675,0,67403,30356,0.873039904834,11.1184448063,10.3207494705,0.613025431546,0.681842759814,0.873833757422,7,,
06037,Los Angeles,10515988121,2010,3658000000,372.935486545,5.92408328667,11.1918439372,2.50076719843,0.070700614503,0.0683132141083,866,6118,0.882892649939,0.779499431316,0.79609694389,0.123997709049,0,0,0,0,0,90112,9808667,0.720246958172,11.4088086201,16.0987769406,0.247249091033,0.458951092201,0.740836638511,1,24.76,1039920
06037,Los Angeles,10515988121,2011,3554000000,362.332618693,5.89531871965,11.8277152524,2.55160808423,0.0755110069022,0.0727959038919,866,6118,0.882892649939,0.779499431316,0.79609694389,0.123997709049,0,0,0,0,0,90112,9808667,0.720246958172,11.4088086201,16.0987769406,0.247249091033,0.458951092201,0.740836638511,1,30.51,1281420
06037,Los Angeles,10515988121,2012,3451000000,351.831701494,5.86599117694,11.2116791653,2.50239280244,0.0771056619154,0.0742775009901,866,6118,0.882892649939,0.779499431316,0.79609694389,0.123997709049,0,0,0,0,0,90112,9808667,0.720246958172,11.4088086201,16.0987769406,0.247249091033,0.458951092201,0.740836638511,1,32.24,1354080
06037,Los Angeles,10515988121,2013,3445000000,351.21999758,5.8642559735,11.3889763982,2.51680707707,0.0737184903869,0.0711278484952,866,6118,0.882892649939,0.779499431316,0.79609694389,0.123997709049,0,0,0,0,0,90112,9808667,0.720246958172,11.4088086201,16.0987769406,0.247249091033,0.458951092201,0.740836638511,1,31.08,1305360
06037,Los Angeles,10515988121,2014,3749000000,382.212995915,5.9485909597,13.9801757403,2.70672770968,0.0802568723068,0.0771988575841,866,6118,0.882892649939,0.779499431316,0.79609694389,0.123997709049,0,0,0,0,0,90112,9808667,0.720246958172,11.4088086201,16.0987769406,0.247249091033,0.458951092201,0.740836638511,1,29.99,1259580
06037,Los Angeles,10515988121,2015,3465000000,353.259010628,5.87002831404,11.196104678,2.50111661207,0.0805582203046,0.077477778257,866,6118,0.882892649939,0.779499431316,0.79609694389,0.123997709049,0,0,0,0,0,90112,9808667,0.720246958172,11.4088086201,16.0987769406,0.247249091033,0.458951092201,0.740836638511,1,25.47,1069740
06037,Los Angeles,10515988121,2016,3577000000,364.677483699,5.90175175284,10.9275348695,2.47884958185,0.0791425813264,0.0761668196464,866,6118,0.882892649939,0.779499431316,0.79609694389,0.123997709049,0,0,0,0,0,90112,9808667,0.720246958172,11.4088086201,16.0987769406,0.247249091033,0.458951092201,0.740836638511,1,22.01,924420
06037,Los Angeles,10515988121,2017,3659000000,373.037437197,5.92435589186,11.7729205979,2.54732735164,0.0872512846088,0.083652754016,866,6118,0.882892649939,0.779499431316,0.79609694389,0.123997709049,0,0,0,0,0,90112,9808667,0.720246958172,11.4088086201,16.0987769406,0.247249091033,0.458951092201,0.740836638511,1,24.37,1023540
06037,Los Angeles,10515988121,2018,3638000000,370.896473496,5.91861551849,11.8736772645,2.55518470454,0.079044014937,0.076075477786,866,6118,0.882892649939,0.779499431316,0.79609694389,0.123997709049,0,0,0,0,0,90112,9808667,0.720246958172,11.4088086201,16.0987769406,0.247249091033,0.458951092201,0.740836638511,1,28.09,1179780
06037,Los Angeles,10515988121,2019,3559000000,362.842371955,5.89672072977,10.0998224017,2.40692910834,0.0764897636423,0.0737055288522,866,6118,0.882892649939,0.779499431316,0.79609694389,0.123997709049,0,0,0,0,0,90112,9808667,0.720246958172,11.4088086201,16.0987769406,0.247249091033,0.458951092201,0.740836638511,1,29.1,1222200
06037,Los Angeles,10515988121,2020,2770000000,282.403307198,5.6468709969,13.4200733744,2.66862122022,0.0928088373383,0.0887512966779,866,6118,0.882892649939,0.779499431316,0.79609694389,0.123997709049,0,0,0,0,0,90112,9808667,0.720246958172,11.4088086201,16.0987769406,0.247249091033,0.458951092201,0.740836638511,1,24.79,1041180
06037,Los Angeles,10515988121,2021,3061000000,312.070947051,5.74642983275,12.2860128306,2.58671181496,0.0739932014833,0.0713836659766,866,6118,0.882892649939,0.779499431316,0.79609694389,0.123997709049,0,0,0,0,0,90112,9808667,0.720246958172,11.4088086201,16.0987769406,0.247249091033,0.458951092201,0.740836638511,1,32.46,1363320
06037,Los Angeles,10515988121,2022,3070000000,312.988502923,5.74935637034,10.9351262715,2.47948583967,0.0767748235446,0.0739702988257,866,6118,0.882892649939,0.779499431316,0.79609694389,0.123997709049,1,0,0.882892649939,0.779499431316,0,90112,9808667,0.720246958172,11.4088086201,16.0987769406,0.247249091033,0.458951092201,0.740836638511,1,42.81,1798020
06037,Los Angeles,10515988121,2023,3039000000,309.828032698,5.73923980972,10.0461170848,2.40207897117,0.0812058859525,0.0780769793125,866,6118,0.882892649939,0.779499431316,0.79609694389,0.123997709049,1,0,0.882892649939,0.779499431316,0,90112,9808667,0.720246958172,11.4088086201,16.0987769406,0.247249091033,0.458951092201,0.740836638511,1,38.64,1622880
06037,Los Angeles,10515988121,2024,2987000000,304.526598772,5.72203684118,11.3334678653,2.51231653192,0.0815741088452,0.078417488192,866,6118,0.882892649939,0.779499431316,0.79609694389,0.123997709049,1,0,0.882892649939,0.779499431316,0,90112,9808667,0.720246958172,11.4088086201,16.0987769406,0.247249091033,0.458951092201,0.740836638511,1,36.76,1543920
06037,Los Angeles,10515988121,2025,,,,10.7984742131,2.46797021914,0.0779692315906,0.0750789299558,866,6118,0.882892649939,0.779499431316,0.79609694389,0.123997709049,1,0,0.882892649939,0.779499431316,0,90112,9808667,0.720246958172,11.4088086201,16.0987769406,0.247249091033,0.458951092201,0.740836638511,1,,
06039,Madera,5534591545,2010,57000000,354.169255623,5.87259445226,20.4201874878,3.06433381791,0.0803016765345,0.0772403322553,40,49,2.48539828508,6.17720463545,1.64179451084,0.449438202247,0,0,0,0,0,76627,160940,0.810551135988,11.246704774,11.9887869037,0.299459425873,0.674607197162,0.834456143853,1,24.76,1039920
06039,Madera,5534591545,2011,61000000,379.023238474,5.94023240473,17.7220045076,2.92969954372,0.0815682498679,0.0784120710938,40,49,2.48539828508,6.17720463545,1.64179451084,0.449438202247,0,0,0,0,0,76627,160940,0.810551135988,11.246704774,11.9887869037,0.299459425873,0.674607197162,0.834456143853,1,30.51,1281420
06039,Madera,5534591545,2012,53000000,329.315272772,5.80004757042,12.1112359984,2.57346957239,0.0836413419158,0.0803269828781,40,49,2.48539828508,6.17720463545,1.64179451084,0.449438202247,0,0,0,0,0,76627,160940,0.810551135988,11.246704774,11.9887869037,0.299459425873,0.674607197162,0.834456143853,1,32.24,1354080
06039,Madera,5534591545,2013,54000000,335.528768485,5.8186836387,15.967296771,2.83128777198,0.0819834441489,0.078795879151,40,49,2.48539828508,6.17720463545,1.64179451084,0.449438202247,0,0,0,0,0,76627,160940,0.810551135988,11.246704774,11.9887869037,0.299459425873,0.674607197162,0.834456143853,1,31.08,1305360
06039,Madera,5534591545,2014,45000000,279.607307071,5.63695620821,12.1746169387,2.57829201915,0.0832352498408,0.0799521649662,40,49,2.48539828508,6.17720463545,1.64179451084,0.449438202247,0,0,0,0,0,76627,160940,0.810551135988,11.246704774,11.9887869037,0.299459425873,0.674607197162,0.834456143853,1,29.99,1259580
06039,Madera,5534591545,2015,44000000,273.393811358,5.61456434224,13.3781512017,2.66570977669,0.0815135007775,0.078361449715,40,49,2.48539828508,6.17720463545,1.64179451084,0.449438202247,0,0,0,0,0,76627,160940,0.810551135988,11.246704774,11.9887869037,0.299459425873,0.674607197162,0.834456143853,1,25.47,1069740
06039,Madera,5534591545,2016,59000000,366.596247049,5.90698518109,11.8575541271,2.55393150843,0.0825098431907,0.07928227387,40,49,2.48539828508,6.17720463545,1.64179451084,0.449438202247,0,0,0,0,0,76627,160940,0.810551135988,11.246704774,11.9887869037,0.299459425873,0.674607197162,0.834456143853,1,22.01,924420
06039,Madera,5534591545,2017,62000000,385.236734187,5.95645048247,12.5371965687,2.60544119795,0.0830223861395,0.0797556382941,40,49,2.48539828508,6.17720463545,1.64179451084,0.449438202247,0,0,0,0,0,76627,160940,0.810551135988,11.246704774,11.9887869037,0.299459425873,0.674607197162,0.834456143853,1,24.37,1023540
06039,Madera,5534591545,2018,57000000,354.169255623,5.87259445226,14.0940154447,2.71429833709,0.0739986327708,0.0713887230605,40,49,2.48539828508,6.17720463545,1.64179451084,0.449438202247,0,0,0,0,0,76627,160940,0.810551135988,11.246704774,11.9887869037,0.299459425873,0.674607197162,0.834456143853,1,28.09,1179780
06039,Madera,5534591545,2019,62000000,385.236734187,5.95645048247,9.61288478151,2.36206880837,0.0740848644331,0.071469010128,40,49,2.48539828508,6.17720463545,1.64179451084,0.449438202247,0,0,0,0,0,76627,160940,0.810551135988,11.246704774,11.9887869037,0.299459425873,0.674607197162,0.834456143853,1,29.1,1222200
06039,Madera,5534591545,2020,63000000,391.450229899,5.97240972638,17.0678477418,2.8941339908,0.0830267045699,0.0797596256742,40,49,2.48539828508,6.17720463545,1.64179451084,0.449438202247,0,0,0,0,0,76627,160940,0.810551135988,11.246704774,11.9887869037,0.299459425873,0.674607197162,0.834456143853,1,24.79,1041180
06039,Madera,5534591545,2021,71000000,441.158195601,6.09166772664,12.4168651784,2.596512511,0.0839792542017,0.080638764644,40,49,2.48539828508,6.17720463545,1.64179451084,0.449438202247,0,0,0,0,0,76627,160940,0.810551135988,11.246704774,11.9887869037,0.299459425873,0.674607197162,0.834456143853,1,32.46,1363320
06039,Madera,5534591545,2022,67000000,416.30421275,6.0338154828,10.386389,2.43241869471,0.0741275955462,0.0715087930768,40,49,2.48539828508,6.17720463545,1.64179451084,0.449438202247,1,0,2.48539828508,6.17720463545,0,76627,160940,0.810551135988,11.246704774,11.9887869037,0.299459425873,0.674607197162,0.834456143853,1,42.81,1798020
06039,Madera,5534591545,2023,69000000,428.731204175,6.06315990666,9.941274,2.3925422436,0.0745097826549,0.0718645414377,40,49,2.48539828508,6.17720463545,1.64179451084,0.449438202247,1,0,2.48539828508,6.17720463545,0,76627,160940,0.810551135988,11.246704774,11.9887869037,0.299459425873,0.674607197162,0.834456143853,1,38.64,1622880
06039,Madera,5534591545,2024,63000000,391.450229899,5.97240972638,9.076177,2.31017392483,0.077,0.0741793981743,40,49,2.48539828508,6.17720463545,1.64179451084,0.449438202247,1,0,2.48539828508,6.17720463545,0,76627,160940,0.810551135988,11.246704774,11.9887869037,0.299459425873,0.674607197162,0.834456143853,1,36.76,1543920
06039,Madera,5534591545,2025,,,,8.188793,2.21798458933,0.0492553015491,0.0480806759223,40,49,2.48539828508,6.17720463545,1.64179451084,0.449438202247,1,0,2.48539828508,6.17720463545,0,76627,160940,0.810551135988,11.246704774,11.9887869037,0.299459425873,0.674607197162,0.834456143853,1,,
06041,Marin,1347159145,2010,94000000,364.384867949,5.9009512308,10.8464818743,2.47203093526,0.053,0.0516432331518,114,283,4.41913563258,19.5287597391,2.19165387535,0.287153652393,0,0,0,0,0,149091,257969,0.502242326584,11.9123121368,12.4605947016,0.650527776593,0.646644275758,0.588851903998,1,24.76,1039920
06041,Marin,1347159145,2011,103000000,399.272780838,5.99214626678,10.062462,2.4035575753,0.053,0.0516432331518,114,283,4.41913563258,19.5287597391,2.19165387535,0.287153652393,0,0,0,0,0,149091,257969,0.502242326584,11.9123121368,12.4605947016,0.650527776593,0.646644275758,0.588851903998,1,30.51,1281420
06041,Marin,1347159145,2012,107000000,414.7785199,6.0301527144,8.043064,2.20199805503,0.049,0.0478373294142,114,283,4.41913563258,19.5287597391,2.19165387535,0.287153652393,0,0,0,0,0,149091,257969,0.502242326584,11.9123121368,12.4605947016,0.650527776593,0.646644275758,0.588851903998,1,32.24,1354080
06041,Marin,1347159145,2013,106000000,410.902085134,6.02078566366,10.822535,2.47000745599,0.057,0.0554347068881,114,283,4.41913563258,19.5287597391,2.19165387535,0.287153652393,0,0,0,0,0,149091,257969,0.502242326584,11.9123121368,12.4605947016,0.650527776593,0.646644275758,0.588851903998,1,31.08,1305360
06041,Marin,1347159145,2014,75000000,290.732607406,5.67583765467,10.767887,2.46537438094,0.064,0.0620353909195,114,283,4.41913563258,19.5287597391,2.19165387535,0.287153652393,0,0,0,0,0,149091,257969,0.502242326584,11.9123121368,12.4605947016,0.650527776593,0.646644275758,0.588851903998,1,29.99,1259580
06041,Marin,1347159145,2015,105000000,407.025650369,6.01133004098,8.876708,2.29017925786,0.063,0.0610950993598,114,283,4.41913563258,19.5287597391,2.19165387535,0.287153652393,0,0,0,0,0,149091,257969,0.502242326584,11.9123121368,12.4605947016,0.650527776593,0.646644275758,0.588851903998,1,25.47,1069740
06041,Marin,1347159145,2016,102000000,395.396346073,5.98241458463,6.434682,2.00615580832,0.056,0.0544881852841,114,283,4.41913563258,19.5287597391,2.19165387535,0.287153652393,0,0,0,0,0,149091,257969,0.502242326584,11.9123121368,12.4605947016,0.650527776593,0.646644275758,0.588851903998,1,22.01,924420
06041,Marin,1347159145,2017,101000000,391.519911307,5.97258726538,9.687637,2.36908765289,0.057,0.0554347068881,114,283,4.41913563258,19.5287597391,2.19165387535,0.287153652393,0,0,0,0,0,149091,257969,0.502242326584,11.9123121368,12.4605947016,0.650527776593,0.646644275758,0.588851903998,1,24.37,1023540
06041,Marin,1347159145,2018,82000000,317.867650764,5.76477612881,11.196875,2.50117977139,0.049,0.0478373294142,114,283,4.41913563258,19.5287597391,2.19165387535,0.287153652393,0,0,0,0,0,149091,257969,0.502242326584,11.9123121368,12.4605947016,0.650527776593,0.646644275758,0.588851903998,1,28.09,1179780
06041,Marin,1347159145,2019,96000000,372.13773748,5.92194762086,6.38017,1.99879667358,0.059,0.0573250666193,114,283,4.41913563258,19.5287597391,2.19165387535,0.287153652393,0,0,0,0,0,149091,257969,0.502242326584,11.9123121368,12.4605947016,0.650527776593,0.646644275758,0.588851903998,1,29.1,1222200
06041,Marin,1347159145,2020,77000000,298.485476937,5.70206592535,8.639227,2.26584091869,0.06,0.058268908124,114,283,4.41913563258,19.5287597391,2.19165387535,0.287153652393,0,0,0,0,0,149091,257969,0.502242326584,11.9123121368,12.4605947016,0.650527776593,0.646644275758,0.588851903998,1,24.79,1041180
06041,Marin,1347159145,2021,88000000,341.126259357,5.83517984834,7.038227,2.08420853648,0.06,0.058268908124,114,283,4.41913563258,19.5287597391,2.19165387535,0.287153652393,0,0,0,0,0,149091,257969,0.502242326584,11.9123121368,12.4605947016,0.650527776593,0.646644275758,0.588851903998,1,32.46,1363320
06041,Marin,1347159145,2022,86000000,333.373389826,5.81225830216,6.874444,2.06362257904,0.053,0.0516432331518,114,283,4.41913563258,19.5287597391,2.19165387535,0.287153652393,1,0,4.41913563258,19.5287597391,0,149091,257969,0.502242326584,11.9123121368,12.4605947016,0.650527776593,0.646644275758,0.588851903998,1,42.81,1798020
06041,Marin,1347159145,2023,91000000,352.755563653,5.86860617647,5.360845,1.85016123016,0.0492620494821,0.0480871070656,114,283,4.41913563258,19.5287597391,2.19165387535,0.287153652393,1,0,4.41913563258,19.5287597391,0,149091,257969,0.502242326584,11.9123121368,12.4605947016,0.650527776593,0.646644275758,0.588851903998,1,38.64,1622880
06041,Marin,1347159145,2024,86000000,333.373389826,5.81225830216,5.04051,1.79848844547,0.039,0.0382587121171,114,283,4.41913563258,19.5287597391,2.19165387535,0.287153652393,1,0,4.41913563258,19.5287597391,0,149091,257969,0.502242326584,11.9123121368,12.4605947016,0.650527776593,0.646644275758,0.588851903998,1,36.76,1543920
06041,Marin,1347159145,2025,,,,,,,,114,283,4.41913563258,19.5287597391,2.19165387535,0.287153652393,1,0,4.41913563258,19.5287597391,0,149091,257969,0.502242326584,11.9123121368,12.4605947016,0.650527776593,0.646644275758,0.588851903998,1,,
06043,Mariposa,3752476985,2010,7000000,409.788081021,6.01807746357,,,0.0734491010858,0.0708769232264,0,10,0,0,0,0,0,0,0,0,0,68412,17082,0.833910495471,11.1333035268,9.74578055651,0.740487062405,0.747336174747,0.753463349025,8,24.76,1039920
06043,Mariposa,3752476985,2011,7000000,409.788081021,6.01807746357,,,0.0729267212618,0.070390167991,0,10,0,0,0,0,0,0,0,0,0,68412,17082,0.833910495471,11.1333035268,9.74578055651,0.740487062405,0.747336174747,0.753463349025,8,30.51,1281420
06043,Mariposa,3752476985,2012,6000000,351.246926589,5.86433242566,,,0.0780216373093,0.0751275440008,0,10,0,0,0,0,0,0,0,0,0,68412,17082,0.833910495471,11.1333035268,9.74578055651,0.740487062405,0.747336174747,0.753463349025,8,32.24,1354080
06043,Mariposa,3752476985,2013,5000000,292.705772158,5.68257849126,,,0.0709838908047,0.0685777500871,0,10,0,0,0,0,0,0,0,0,0,68412,17082,0.833910495471,11.1333035268,9.74578055651,0.740487062405,0.747336174747,0.753463349025,8,31.08,1305360
06043,Mariposa,3752476985,2014,9000000,526.870389884,6.26885077987,,,0.077,0.0741793981743,0,10,0,0,0,0,0,0,0,0,0,68412,17082,0.833910495471,11.1333035268,9.74578055651,0.740487062405,0.747336174747,0.753463349025,8,29.99,1259580
06043,Mariposa,3752476985,2015,6000000,351.246926589,5.86433242566,,,0.07232607637,0.0698301921148,0,10,0,0,0,0,0,0,0,0,0,68412,17082,0.833910495471,11.1333035268,9.74578055651,0.740487062405,0.747336174747,0.753463349025,8,25.47,1069740
06043,Mariposa,3752476985,2016,8000000,468.329235453,6.15130451673,,,0.0750527185838,0.0723697009202,0,10,0,0,0,0,0,0,0,0,0,68412,17082,0.833910495471,11.1333035268,9.74578055651,0.740487062405,0.747336174747,0.753463349025,8,22.01,924420
06043,Mariposa,3752476985,2017,6000000,351.246926589,5.86433242566,,,0.0769662066476,0.0741480203817,0,10,0,0,0,0,0,0,0,0,0,68412,17082,0.833910495471,11.1333035268,9.74578055651,0.740487062405,0.747336174747,0.753463349025,8,24.37,1023540
06043,Mariposa,3752476985,2018,7000000,409.788081021,6.01807746357,,,0.0825883549181,0.0793547987352,0,10,0,0,0,0,0,0,0,0,0,68412,17082,0.833910495471,11.1333035268,9.74578055651,0.740487062405,0.747336174747,0.753463349025,8,28.09,1179780
06043,Mariposa,3752476985,2019,8000000,468.329235453,6.15130451673,,,0.0689282538935,0.0666565146301,0,10,0,0,0,0,0,0,0,0,0,68412,17082,0.833910495471,11.1333035268,9.74578055651,0.740487062405,0.747336174747,0.753463349025,8,29.1,1222200
06043,Mariposa,3752476985,2020,5000000,292.705772158,5.68257849126,,,0.086824641318,0.0832602715905,0,10,0,0,0,0,0,0,0,0,0,68412,17082,0.833910495471,11.1333035268,9.74578055651,0.740487062405,0.747336174747,0.753463349025,8,24.79,1041180
06043,Mariposa,3752476985,2021,7000000,409.788081021,6.01807746357,,,0.0790944036864,0.0761221742805,0,10,0,0,0,0,0,0,0,0,0,68412,17082,0.833910495471,11.1333035268,9.74578055651,0.740487062405,0.747336174747,0.753463349025,8,32.46,1363320
06043,Mariposa,3752476985,2022,6000000,351.246926589,5.86433242566,,,0.0706903462193,0.068303623815,0,10,0,0,0,0,1,0,0,0,0,68412,17082,0.833910495471,11.1333035268,9.74578055651,0.740487062405,0.747336174747,0.753463349025,8,42.81,1798020
06043,Mariposa,3752476985,2023,7000000,409.788081021,6.01807746357,,,0.0651408972125,0.063107088263,0,10,0,0,0,0,1,0,0,0,0,68412,17082,0.833910495471,11.1333035268,9.74578055651,0.740487062405,0.747336174747,0.753463349025,8,38.64,1622880
06043,Mariposa,3752476985,2024,6000000,351.246926589,5.86433242566,,,0.0707374334713,0.0683476012514,0,10,0,0,0,0,1,0,0,0,0,68412,17082,0.833910495471,11.1333035268,9.74578055651,0.740487062405,0.747336174747,0.753463349025,8,36.76,1543920
06043,Mariposa,3752476985,2025,,,,,,0.0620311518325,0.0601832555651,0,10,0,0,0,0,1,0,0,0,0,68412,17082,0.833910495471,11.1333035268,9.74578055651,0.740487062405,0.747336174747,0.753463349025,8,,
06045,Mendocino,9082586851,2010,41000000,454.323833163,6.12100888704,7.13412942697,2.09606871921,0.047,0.0459289318884,40,89,4.43242764062,19.6464147893,2.19458334243,0.31007751938,0,0,0,0,0,68092,90244,0.826100683084,11.1286150109,11.410272392,0.611342582332,0.617071350669,0.809182445004,4,24.76,1039920
06045,Mendocino,9082586851,2011,40000000,443.242764062,6.09637117892,8.68714688136,2.27079994306,0.043,0.0421011760186,40,89,4.43242764062,19.6464147893,2.19458334243,0.31007751938,0,0,0,0,0,68092,90244,0.826100683084,11.1286150109,11.410272392,0.611342582332,0.617071350669,0.809182445004,4,30.51,1281420
06045,Mendocino,9082586851,2012,43000000,476.485971367,6.16853478015,6.015649518,1.94814329915,0.057,0.0554347068881,40,89,4.43242764062,19.6464147893,2.19458334243,0.31007751938,0,0,0,0,0,68092,90244,0.826100683084,11.1286150109,11.410272392,0.611342582332,0.617071350669,0.809182445004,4,32.24,1354080
06045,Mendocino,9082586851,2013,42000000,465.404902265,6.14505414584,9.59677418952,2.36054963306,0.046,0.0449733656427,40,89,4.43242764062,19.6464147893,2.19458334243,0.31007751938,0,0,0,0,0,68092,90244,0.826100683084,11.1286150109,11.410272392,0.611342582332,0.617071350669,0.809182445004,4,31.08,1305360
06045,Mendocino,9082586851,2014,40000000,443.242764062,6.09637117892,7.90238598337,2.18631932883,0.052,0.0506931143155,40,89,4.43242764062,19.6464147893,2.19458334243,0.31007751938,0,0,0,0,0,68092,90244,0.826100683084,11.1286150109,11.410272392,0.611342582332,0.617071350669,0.809182445004,4,29.99,1259580
06045,Mendocino,9082586851,2015,40000000,443.242764062,6.09637117892,8.07245363845,2.20524274997,0.053,0.0516432331518,40,89,4.43242764062,19.6464147893,2.19458334243,0.31007751938,0,0,0,0,0,68092,90244,0.826100683084,11.1286150109,11.410272392,0.611342582332,0.617071350669,0.809182445004,4,25.47,1069740
06045,Mendocino,9082586851,2016,42000000,465.404902265,6.14505414584,6.33067015121,1.99206693753,0.048,0.0468835858989,40,89,4.43242764062,19.6464147893,2.19458334243,0.31007751938,0,0,0,0,0,68092,90244,0.826100683084,11.1286150109,11.410272392,0.611342582332,0.617071350669,0.809182445004,4,22.01,924420
06045,Mendocino,9082586851,2017,38000000,421.080625859,6.04519635232,8.69186043907,2.27128640325,0.0566670795389,0.0551196899518,40,89,4.43242764062,19.6464147893,2.19458334243,0.31007751938,0,0,0,0,0,68092,90244,0.826100683084,11.1286150109,11.410272392,0.611342582332,0.617071350669,0.809182445004,4,24.37,1023540
06045,Mendocino,9082586851,2018,40000000,443.242764062,6.09637117892,9.49505822819,2.35090450144,0.053,0.0516432331518,40,89,4.43242764062,19.6464147893,2.19458334243,0.31007751938,0,0,0,0,0,68092,90244,0.826100683084,11.1286150109,11.410272392,0.611342582332,0.617071350669,0.809182445004,4,28.09,1179780
06045,Mendocino,9082586851,2019,44000000,487.567040468,6.19147669946,5.65231431697,1.89496481171,0.051,0.0497420918948,40,89,4.43242764062,19.6464147893,2.19458334243,0.31007751938,0,0,0,0,0,68092,90244,0.826100683084,11.1286150109,11.410272392,0.611342582332,0.617071350669,0.809182445004,4,29.1,1222200
06045,Mendocino,9082586851,2020,37000000,409.999556757,6.01859213605,11.400137358,2.51770754981,0.059,0.0573250666193,40,89,4.43242764062,19.6464147893,2.19458334243,0.31007751938,0,0,0,0,0,68092,90244,0.826100683084,11.1286150109,11.410272392,0.611342582332,0.617071350669,0.809182445004,4,24.79,1041180
06045,Mendocino,9082586851,2021,39000000,432.16169496,6.07111108776,9.47137289058,2.34864514242,0.061,0.0592118596318,40,89,4.43242764062,19.6464147893,2.19458334243,0.31007751938,0,0,0,0,0,68092,90244,0.826100683084,11.1286150109,11.410272392,0.611342582332,0.617071350669,0.809182445004,4,32.46,1363320
06045,Mendocino,9082586851,2022,36000000,398.918487656,5.99126074548,10.1383737475,2.41039624067,0.05,0.0487901641694,40,89,4.43242764062,19.6464147893,2.19458334243,0.31007751938,1,0,4.43242764062,19.6464147893,0,68092,90244,0.826100683084,11.1286150109,11.410272392,0.611342582332,0.617071350669,0.809182445004,4,42.81,1798020
06045,Mendocino,9082586851,2023,37000000,409.999556757,6.01859213605,9.39646510015,2.34146585415,0.049,0.0478373294142,40,89,4.43242764062,19.6464147893,2.19458334243,0.31007751938,1,0,4.43242764062,19.6464147893,0,68092,90244,0.826100683084,11.1286150109,11.410272392,0.611342582332,0.617071350669,0.809182445004,4,38.64,1622880
06045,Mendocino,9082586851,2024,35000000,387.837418554,5.96316130909,6.91604556447,2.06889178372,0.0472733273711,0.0461899554798,40,89,4.43242764062,19.6464147893,2.19458334243,0.31007751938,1,0,4.43242764062,19.6464147893,0,68092,90244,0.826100683084,11.1286150109,11.410272392,0.611342582332,0.617071350669,0.809182445004,4,36.76,1543920
06045,Mendocino,9082586851,2025,,,,,,,,40,89,4.43242764062,19.6464147893,2.19458334243,0.31007751938,1,0,4.43242764062,19.6464147893,0,68092,90244,0.826100683084,11.1286150109,11.410272392,0.611342582332,0.617071350669,0.809182445004,4,,
06047,Merced,5019407135,2010,106000000,365.264075589,5.90335459124,14.6955883176,2.75337967399,0.0880096910272,0.0843500555882,33,43,1.13714287683,1.29309392233,0.975102657646,0.434210526316,0,0,0,0,0,65510,290201,0.855348323746,11.0899580817,12.5783290653,0.231994376312,0.540049968044,0.86552087366,2,24.76,1039920
06047,Merced,5019407135,2011,95000000,327.359313028,5.79410847535,14.8954958073,2.76603578653,0.082,0.0788111804243,33,43,1.13714287683,1.29309392233,0.975102657646,0.434210526316,0,0,0,0,0,65510,290201,0.855348323746,11.0899580817,12.5783290653,0.231994376312,0.540049968044,0.86552087366,2,30.51,1281420
06047,Merced,5019407135,2012,92000000,317.021650511,5.76211946383,10.9038637523,2.47686303248,0.079,0.076034686276,33,43,1.13714287683,1.29309392233,0.975102657646,0.434210526316,0,0,0,0,0,65510,290201,0.855348323746,11.0899580817,12.5783290653,0.231994376312,0.540049968044,0.86552087366,2,32.24,1354080
06047,Merced,5019407135,2013,94000000,323.913425522,5.78355876384,13.4424346913,2.67017072668,0.083,0.0797349680189,33,43,1.13714287683,1.29309392233,0.975102657646,0.434210526316,0,0,0,0,0,65510,290201,0.855348323746,11.0899580817,12.5783290653,0.231994376312,0.540049968044,0.86552087366,2,31.08,1305360
06047,Merced,5019407135,2014,83000000,286.008662961,5.65951239984,11.0002271,2.48492557461,0.082,0.0788111804243,33,43,1.13714287683,1.29309392233,0.975102657646,0.434210526316,0,0,0,0,0,65510,290201,0.855348323746,11.0899580817,12.5783290653,0.231994376312,0.540049968044,0.86552087366,2,29.99,1259580
06047,Merced,5019407135,2015,105000000,361.818188083,5.89390184952,12.8909193357,2.63123534145,0.083,0.0797349680189,33,43,1.13714287683,1.29309392233,0.975102657646,0.434210526316,0,0,0,0,0,65510,290201,0.855348323746,11.0899580817,12.5783290653,0.231994376312,0.540049968044,0.86552087366,2,25.47,1069740
06047,Merced,5019407135,2016,114000000,392.831175633,5.97592232923,11.7870759746,2.54843497136,0.082,0.0788111804243,33,43,1.13714287683,1.29309392233,0.975102657646,0.434210526316,0,0,0,0,0,65510,290201,0.855348323746,11.0899580817,12.5783290653,0.231994376312,0.540049968044,0.86552087366,2,22.01,924420
06047,Merced,5019407135,2017,117000000,403.16883815,6.00183270687,13.0804673079,2.64478853966,0.078,0.0751074724868,33,43,1.13714287683,1.29309392233,0.975102657646,0.434210526316,0,0,0,0,0,65510,290201,0.855348323746,11.0899580817,12.5783290653,0.231994376312,0.540049968044,0.86552087366,2,24.37,1023540
06047,Merced,5019407135,2018,132000000,454.857150733,6.1221794945,14.9903969332,2.77198835038,0.0786309167166,0.0756925672563,33,43,1.13714287683,1.29309392233,0.975102657646,0.434210526316,0,0,0,0,0,65510,290201,0.855348323746,11.0899580817,12.5783290653,0.231994376312,0.540049968044,0.86552087366,2,28.09,1179780
06047,Merced,5019407135,2019,119000000,410.060613161,6.0187406809,9.27411269311,2.32962740075,0.072,0.0695260626486,33,43,1.13714287683,1.29309392233,0.975102657646,0.434210526316,0,0,0,0,0,65510,290201,0.855348323746,11.0899580817,12.5783290653,0.231994376312,0.540049968044,0.86552087366,2,29.1,1222200
06047,Merced,5019407135,2020,106000000,365.264075589,5.90335459124,15.05126025,2.77578736674,0.079,0.076034686276,33,43,1.13714287683,1.29309392233,0.975102657646,0.434210526316,0,0,0,0,0,65510,290201,0.855348323746,11.0899580817,12.5783290653,0.231994376312,0.540049968044,0.86552087366,2,24.79,1041180
06047,Merced,5019407135,2021,122000000,420.398275678,6.04357840947,11.2179665822,2.50290753909,0.079,0.076034686276,33,43,1.13714287683,1.29309392233,0.975102657646,0.434210526316,0,0,0,0,0,65510,290201,0.855348323746,11.0899580817,12.5783290653,0.231994376312,0.540049968044,0.86552087366,2,32.46,1363320
06047,Merced,5019407135,2022,120000000,413.506500667,6.02708865761,10.0613348206,2.40345567783,0.072,0.0695260626486,33,43,1.13714287683,1.29309392233,0.975102657646,0.434210526316,1,0,1.13714287683,1.29309392233,0,65510,290201,0.855348323746,11.0899580817,12.5783290653,0.231994376312,0.540049968044,0.86552087366,2,42.81,1798020
06047,Merced,5019407135,2023,120000000,413.506500667,6.02708865761,9.01555556667,2.30413944104,0.075,0.0723206615796,33,43,1.13714287683,1.29309392233,0.975102657646,0.434210526316,1,0,1.13714287683,1.29309392233,0,65510,290201,0.855348323746,11.0899580817,12.5783290653,0.231994376312,0.540049968044,0.86552087366,2,38.64,1622880
06047,Merced,5019407135,2024,120000000,413.506500667,6.02708865761,7.57584681149,2.1489497417,0.081,0.0778865386571,33,43,1.13714287683,1.29309392233,0.975102657646,0.434210526316,1,0,1.13714287683,1.29309392233,0,65510,290201,0.855348323746,11.0899580817,12.5783290653,0.231994376312,0.540049968044,0.86552087366,2,36.76,1543920
06047,Merced,5019407135,2025,,,,7.93333304321,2.18978956637,0.0487385513592,0.0475880622765,33,43,1.13714287683,1.29309392233,0.975102657646,0.434210526316,1,0,1.13714287683,1.29309392233,0,65510,290201,0.855348323746,11.0899580817,12.5783290653,0.231994376312,0.540049968044,0.86552087366,2,,
06049,Modoc,10225876984,2010,,,,,,,,8,4,9.3023255814,86.5332612223,2.92628823423,0.666666666667,0,0,0,0,0,59455,8600,0.904499540863,10.9929750029,9.05951748224,0.747674418605,0.774410774411,0.784433055734,8,24.76,1039920
06049,Modoc,10225876984,2011,,,,,,,,8,4,9.3023255814,86.5332612223,2.92628823423,0.666666666667,0,0,0,0,0,59455,8600,0.904499540863,10.9929750029,9.05951748224,0.747674418605,0.774410774411,0.784433055734,8,30.51,1281420
06049,Modoc,10225876984,2012,,,,,,,,8,4,9.3023255814,86.5332612223,2.92628823423,0.666666666667,0,0,0,0,0,59455,8600,0.904499540863,10.9929750029,9.05951748224,0.747674418605,0.774410774411,0.784433055734,8,32.24,1354080
06049,Modoc,10225876984,2013,,,,,,,,8,4,9.3023255814,86.5332612223,2.92628823423,0.666666666667,0,0,0,0,0,59455,8600,0.904499540863,10.9929750029,9.05951748224,0.747674418605,0.774410774411,0.784433055734,8,31.08,1305360
06049,Modoc,10225876984,2014,,,,,,,,8,4,9.3023255814,86.5332612223,2.92628823423,0.666666666667,0,0,0,0,0,59455,8600,0.904499540863,10.9929750029,9.05951748224,0.747674418605,0.774410774411,0.784433055734,8,29.99,1259580
06049,Modoc,10225876984,2015,,,,,,,,8,4,9.3023255814,86.5332612223,2.92628823423,0.666666666667,0,0,0,0,0,59455,8600,0.904499540863,10.9929750029,9.05951748224,0.747674418605,0.774410774411,0.784433055734,8,25.47,1069740
06049,Modoc,10225876984,2016,,,,,,,,8,4,9.3023255814,86.5332612223,2.92628823423,0.666666666667,0,0,0,0,0,59455,8600,0.904499540863,10.9929750029,9.05951748224,0.747674418605,0.774410774411,0.784433055734,8,22.01,924420
06049,Modoc,10225876984,2017,,,,,,,,8,4,9.3023255814,86.5332612223,2.92628823423,0.666666666667,0,0,0,0,0,59455,8600,0.904499540863,10.9929750029,9.05951748224,0.747674418605,0.774410774411,0.784433055734,8,24.37,1023540
06049,Modoc,10225876984,2018,,,,,,,,8,4,9.3023255814,86.5332612223,2.92628823423,0.666666666667,0,0,0,0,0,59455,8600,0.904499540863,10.9929750029,9.05951748224,0.747674418605,0.774410774411,0.784433055734,8,28.09,1179780
06049,Modoc,10225876984,2019,,,,,,,,8,4,9.3023255814,86.5332612223,2.92628823423,0.666666666667,0,0,0,0,0,59455,8600,0.904499540863,10.9929750029,9.05951748224,0.747674418605,0.774410774411,0.784433055734,8,29.1,1222200
06049,Modoc,10225876984,2020,,,,,,,,8,4,9.3023255814,86.5332612223,2.92628823423,0.666666666667,0,0,0,0,0,59455,8600,0.904499540863,10.9929750029,9.05951748224,0.747674418605,0.774410774411,0.784433055734,8,24.79,1041180
06049,Modoc,10225876984,2021,,,,,,,,8,4,9.3023255814,86.5332612223,2.92628823423,0.666666666667,0,0,0,0,0,59455,8600,0.904499540863,10.9929750029,9.05951748224,0.747674418605,0.774410774411,0.784433055734,8,32.46,1363320
06049,Modoc,10225876984,2022,,,,,,,,8,4,9.3023255814,86.5332612223,2.92628823423,0.666666666667,1,0,9.3023255814,86.5332612223,0,59455,8600,0.904499540863,10.9929750029,9.05951748224,0.747674418605,0.774410774411,0.784433055734,8,42.81,1798020
06049,Modoc,10225876984,2023,,,,,,,,8,4,9.3023255814,86.5332612223,2.92628823423,0.666666666667,1,0,9.3023255814,86.5332612223,0,59455,8600,0.904499540863,10.9929750029,9.05951748224,0.747674418605,0.774410774411,0.784433055734,8,38.64,1622880
06049,Modoc,10225876984,2024,,,,,,,,8,4,9.3023255814,86.5332612223,2.92628823423,0.666666666667,1,0,9.3023255814,86.5332612223,0,59455,8600,0.904499540863,10.9929750029,9.05951748224,0.747674418605,0.774410774411,0.784433055734,8,36.76,1543920
06049,Modoc,10225876984,2025,,,,,,,,8,4,9.3023255814,86.5332612223,2.92628823423,0.666666666667,1,0,9.3023255814,86.5332612223,0,59455,8600,0.904499540863,10.9929750029,9.05951748224,0.747674418605,0.774410774411,0.784433055734,8,,
06051,Mono,7896625264,2010,7000000,532.400365075,6.27927229618,,,,,29,19,22.0565865531,486.493010374,3.78727193408,0.604166666667,0,0,0,0,0,99415,13148,0.75069637883,11.5070582867,9.48402493478,0.649376331001,0.654247910864,0.683975872017,7,24.76,1039920
06051,Mono,7896625264,2011,6000000,456.343170064,6.12543402827,,,,,29,19,22.0565865531,486.493010374,3.78727193408,0.604166666667,0,0,0,0,0,99415,13148,0.75069637883,11.5070582867,9.48402493478,0.649376331001,0.654247910864,0.683975872017,7,30.51,1281420
06051,Mono,7896625264,2012,2000000,152.114390021,5.03118528924,,,,,29,19,22.0565865531,486.493010374,3.78727193408,0.604166666667,0,0,0,0,0,99415,13148,0.75069637883,11.5070582867,9.48402493478,0.649376331001,0.654247910864,0.683975872017,7,32.24,1354080
06051,Mono,7896625264,2013,8000000,608.457560085,6.41256931579,,,,,29,19,22.0565865531,486.493010374,3.78727193408,0.604166666667,0,0,0,0,0,99415,13148,0.75069637883,11.5070582867,9.48402493478,0.649376331001,0.654247910864,0.683975872017,7,31.08,1305360
06051,Mono,7896625264,2014,8000000,608.457560085,6.41256931579,,,,,29,19,22.0565865531,486.493010374,3.78727193408,0.604166666667,0,0,0,0,0,99415,13148,0.75069637883,11.5070582867,9.48402493478,0.649376331001,0.654247910864,0.683975872017,7,29.99,1259580
06051,Mono,7896625264,2015,7000000,532.400365075,6.27927229618,,,,,29,19,22.0565865531,486.493010374,3.78727193408,0.604166666667,0,0,0,0,0,99415,13148,0.75069637883,11.5070582867,9.48402493478,0.649376331001,0.654247910864,0.683975872017,7,25.47,1069740
06051,Mono,7896625264,2016,8000000,608.457560085,6.41256931579,,,,,29,19,22.0565865531,486.493010374,3.78727193408,0.604166666667,0,0,0,0,0,99415,13148,0.75069637883,11.5070582867,9.48402493478,0.649376331001,0.654247910864,0.683975872017,7,22.01,924420
06051,Mono,7896625264,2017,5000000,380.285975053,5.94354968427,,,,,29,19,22.0565865531,486.493010374,3.78727193408,0.604166666667,0,0,0,0,0,99415,13148,0.75069637883,11.5070582867,9.48402493478,0.649376331001,0.654247910864,0.683975872017,7,24.37,1023540
06051,Mono,7896625264,2018,7000000,532.400365075,6.27927229618,9.9314896969,2.39164758722,,,29,19,22.0565865531,486.493010374,3.78727193408,0.604166666667,0,0,0,0,0,99415,13148,0.75069637883,11.5070582867,9.48402493478,0.649376331001,0.654247910864,0.683975872017,7,28.09,1179780
06051,Mono,7896625264,2019,8000000,608.457560085,6.41256931579,5.52592597576,1.87578285513,,,29,19,22.0565865531,486.493010374,3.78727193408,0.604166666667,0,0,0,0,0,99415,13148,0.75069637883,11.5070582867,9.48402493478,0.649376331001,0.654247910864,0.683975872017,7,29.1,1222200
06051,Mono,7896625264,2020,7000000,532.400365075,6.27927229618,25.0154196402,3.25868942531,,,29,19,22.0565865531,486.493010374,3.78727193408,0.604166666667,0,0,0,0,0,99415,13148,0.75069637883,11.5070582867,9.48402493478,0.649376331001,0.654247910864,0.683975872017,7,24.79,1041180
06051,Mono,7896625264,2021,6000000,456.343170064,6.12543402827,10.2508710132,2.42044554905,,,29,19,22.0565865531,486.493010374,3.78727193408,0.604166666667,0,0,0,0,0,99415,13148,0.75069637883,11.5070582867,9.48402493478,0.649376331001,0.654247910864,0.683975872017,7,32.46,1363320
06051,Mono,7896625264,2022,6000000,456.343170064,6.12543402827,4.23346342235,1.65507328115,,,29,19,22.0565865531,486.493010374,3.78727193408,0.604166666667,1,0,22.0565865531,486.493010374,0,99415,13148,0.75069637883,11.5070582867,9.48402493478,0.649376331001,0.654247910864,0.683975872017,7,42.81,1798020
06051,Mono,7896625264,2023,6000000,456.343170064,6.12543402827,3.75776637563,1.5597783093,,,29,19,22.0565865531,486.493010374,3.78727193408,0.604166666667,1,0,22.0565865531,486.493010374,0,99415,13148,0.75069637883,11.5070582867,9.48402493478,0.649376331001,0.654247910864,0.683975872017,7,38.64,1622880
06051,Mono,7896625264,2024,6000000,456.343170064,6.12543402827,3.39354197917,1.48013573074,,,29,19,22.0565865531,486.493010374,3.78727193408,0.604166666667,1,0,22.0565865531,486.493010374,0,99415,13148,0.75069637883,11.5070582867,9.48402493478,0.649376331001,0.654247910864,0.683975872017,7,36.76,1543920
06051,Mono,7896625264,2025,,,,3.12723401277,1.41760745204,,,29,19,22.0565865531,486.493010374,3.78727193408,0.604166666667,1,0,22.0565865531,486.493010374,0,99415,13148,0.75069637883,11.5070582867,9.48402493478,0.649376331001,0.654247910864,0.683975872017,7,,
06053,Monterey,8499609695,2010,152000000,347.338858763,5.85317573808,6.28269213942,1.98550059322,0.0600279817766,0.058295305678,34,37,0.776942184076,0.603639157397,0.714561711169,0.478873239437,0,0,0,0,0,97230,437613,0.72081455819,11.4848345848,12.9890902371,0.268609479152,0.520745118463,0.801472229604,2,24.76,1039920
06053,Monterey,8499609695,2011,155000000,354.194230976,5.87266476936,6.06029394608,1.95448668606,0.0566503787717,0.0551038846907,34,37,0.776942184076,0.603639157397,0.714561711169,0.478873239437,0,0,0,0,0,97230,437613,0.72081455819,11.4848345848,12.9890902371,0.268609479152,0.520745118463,0.801472229604,2,30.51,1281420
06053,Monterey,8499609695,2012,147000000,335.913238409,5.81982544441,5.61980371543,1.89006571927,0.0533276993153,0.0519543901651,34,37,0.776942184076,0.603639157397,0.714561711169,0.478873239437,0,0,0,0,0,97230,437613,0.72081455819,11.4848345848,12.9890902371,0.268609479152,0.520745118463,0.801472229604,2,32.24,1354080
06053,Monterey,8499609695,2013,177000000,404.466960534,6.0050393919,6.44531115863,2.00758445957,0.055332752144,0.0538561220742,34,37,0.776942184076,0.603639157397,0.714561711169,0.478873239437,0,0,0,0,0,97230,437613,0.72081455819,11.4848345848,12.9890902371,0.268609479152,0.520745118463,0.801472229604,2,31.08,1305360
06053,Monterey,8499609695,2014,126000000,287.925632922,5.66616932947,4.73524728975,1.74663086905,0.0613314236528,0.0595241799903,34,37,0.776942184076,0.603639157397,0.714561711169,0.478873239437,0,0,0,0,0,97230,437613,0.72081455819,11.4848345848,12.9890902371,0.268609479152,0.520745118463,0.801472229604,2,29.99,1259580
06053,Monterey,8499609695,2015,184000000,420.462829029,6.0437315862,5.55779756652,1.88065480977,0.0586581191746,0.0570021808566,34,37,0.776942184076,0.603639157397,0.714561711169,0.478873239437,0,0,0,0,0,97230,437613,0.72081455819,11.4848345848,12.9890902371,0.268609479152,0.520745118463,0.801472229604,2,25.47,1069740
06053,Monterey,8499609695,2016,177000000,404.466960534,6.0050393919,5.80223909066,1.91725183602,0.0553343071845,0.0538575955804,34,37,0.776942184076,0.603639157397,0.714561711169,0.478873239437,0,0,0,0,0,97230,437613,0.72081455819,11.4848345848,12.9890902371,0.268609479152,0.520745118463,0.801472229604,2,22.01,924420
06053,Monterey,8499609695,2017,174000000,397.611588321,5.98798747991,5.85716822743,1.92529456168,0.0559987270876,0.0544869798739,34,37,0.776942184076,0.603639157397,0.714561711169,0.478873239437,0,0,0,0,0,97230,437613,0.72081455819,11.4848345848,12.9890902371,0.268609479152,0.520745118463,0.801472229604,2,24.37,1023540
06053,Monterey,8499609695,2018,181000000,413.607456817,6.02733218541,6.38161868782,1.99899294895,0.0523304656156,0.0510071958001,34,37,0.776942184076,0.603639157397,0.714561711169,0.478873239437,0,0,0,0,0,97230,437613,0.72081455819,11.4848345848,12.9890902371,0.268609479152,0.520745118463,0.801472229604,2,28.09,1179780
06053,Monterey,8499609695,2019,174000000,397.611588321,5.98798747991,4.50017780373,1.70478041967,0.0566586010805,0.0551116661451,34,37,0.776942184076,0.603639157397,0.714561711169,0.478873239437,0,0,0,0,0,97230,437613,0.72081455819,11.4848345848,12.9890902371,0.268609479152,0.520745118463,0.801472229604,2,29.1,1222200
06053,Monterey,8499609695,2020,141000000,322.202493984,5.77827904315,7.84863430925,2.18026313177,0.052639881756,0.0513011820247,34,37,0.776942184076,0.603639157397,0.714561711169,0.478873239437,0,0,0,0,0,97230,437613,0.72081455819,11.4848345848,12.9890902371,0.268609479152,0.520745118463,0.801472229604,2,24.79,1041180
06053,Monterey,8499609695,2021,162000000,370.190099471,5.91671432887,5.11233492599,1.81030884846,0.0545822984484,0.0531447628874,34,37,0.776942184076,0.603639157397,0.714561711169,0.478873239437,0,0,0,0,0,97230,437613,0.72081455819,11.4848345848,12.9890902371,0.268609479152,0.520745118463,0.801472229604,2,32.46,1363320
06053,Monterey,8499609695,2022,174000000,397.611588321,5.98798747991,4.75227896604,1.74959611821,0.0500233234473,0.0488123767296,34,37,0.776942184076,0.603639157397,0.714561711169,0.478873239437,1,0,0.776942184076,0.603639157397,0,97230,437613,0.72081455819,11.4848345848,12.9890902371,0.268609479152,0.520745118463,0.801472229604,2,42.81,1798020
06053,Monterey,8499609695,2023,157000000,358.764479117,5.88544959268,5.48312711042,1.86920297273,0.0509395233013,0.0496845481853,34,37,0.776942184076,0.603639157397,0.714561711169,0.478873239437,1,0,0.776942184076,0.603639157397,0,97230,437613,0.72081455819,11.4848345848,12.9890902371,0.268609479152,0.520745118463,0.801472229604,2,38.64,1622880
06053,Monterey,8499609695,2024,162000000,370.190099471,5.91671432887,5.43511382574,1.86176952943,0.0543377123443,0.0529128089926,34,37,0.776942184076,0.603639157397,0.714561711169,0.478873239437,1,0,0.776942184076,0.603639157397,0,97230,437613,0.72081455819,11.4848345848,12.9890902371,0.268609479152,0.520745118463,0.801472229604,2,36.76,1543920
06053,Monterey,8499609695,2025,,,,5.10284689146,1.80875536582,0.0470019668206,0.0459308104163,34,37,0.776942184076,0.603639157397,0.714561711169,0.478873239437,1,0,0.776942184076,0.603639157397,0,97230,437613,0.72081455819,11.4848345848,12.9890902371,0.268609479152,0.520745118463,0.801472229604,2,,
06055,Napa,1947606499,2010,52000000,385.559320526,5.95728533756,,,0.067,0.0648509723196,51,290,3.78144718208,14.2993427909,2.04029582565,0.149560117302,0,0,0,0,0,111471,134869,0.627735466109,11.6215197464,11.8120592159,0.485500745168,0.634105660832,0.795485979178,3,24.76,1039920
06055,Napa,1947606499,2011,47000000,348.486308937,5.85646438762,,,0.064,0.0620353909195,51,290,3.78144718208,14.2993427909,2.04029582565,0.149560117302,0,0,0,0,0,111471,134869,0.627735466109,11.6215197464,11.8120592159,0.485500745168,0.634105660832,0.795485979178,3,30.51,1281420
06055,Napa,1947606499,2012,58000000,430.046934433,6.06621698077,13.694737,2.68748940247,0.058,0.0563803334361,51,290,3.78144718208,14.2993427909,2.04029582565,0.149560117302,0,0,0,0,0,111471,134869,0.627735466109,11.6215197464,11.8120592159,0.485500745168,0.634105660832,0.795485979178,3,32.24,1354080
06055,Napa,1947606499,2013,52000000,385.559320526,5.95728533756,11.717847,2.54300628258,0.055,0.053540766928,51,290,3.78144718208,14.2993427909,2.04029582565,0.149560117302,0,0,0,0,0,111471,134869,0.627735466109,11.6215197464,11.8120592159,0.485500745168,0.634105660832,0.795485979178,3,31.08,1305360
06055,Napa,1947606499,2014,39000000,289.169490394,5.67046520189,11.951541,2.56121477721,0.062,0.0601539228197,51,290,3.78144718208,14.2993427909,2.04029582565,0.149560117302,0,0,0,0,0,111471,134869,0.627735466109,11.6215197464,11.8120592159,0.485500745168,0.634105660832,0.795485979178,3,29.99,1259580
06055,Napa,1947606499,2015,63000000,467.119946022,6.148724558,10.610894,2.45194379533,0.066,0.0639133257437,51,290,3.78144718208,14.2993427909,2.04029582565,0.149560117302,0,0,0,0,0,111471,134869,0.627735466109,11.6215197464,11.8120592159,0.485500745168,0.634105660832,0.795485979178,3,25.47,1069740
06055,Napa,1947606499,2016,57000000,422.632332115,6.04886593781,8.578161,2.25948561113,0.058,0.0563803334361,51,290,3.78144718208,14.2993427909,2.04029582565,0.149560117302,0,0,0,0,0,111471,134869,0.627735466109,11.6215197464,11.8120592159,0.485500745168,0.634105660832,0.795485979178,3,22.01,924420
06055,Napa,1947606499,2017,53000000,392.973922844,5.97628472143,13.728134,2.68975954221,0.065,0.0629747991614,51,290,3.78144718208,14.2993427909,2.04029582565,0.149560117302,0,0,0,0,0,111471,134869,0.627735466109,11.6215197464,11.8120592159,0.485500745168,0.634105660832,0.795485979178,3,24.37,1023540
06055,Napa,1947606499,2018,61000000,452.290741386,6.11653373282,11.413881272,2.5188153039,0.0506134921325,0.0493742717668,51,290,3.78144718208,14.2993427909,2.04029582565,0.149560117302,0,0,0,0,0,111471,134869,0.627735466109,11.6215197464,11.8120592159,0.485500745168,0.634105660832,0.795485979178,3,28.09,1179780
06055,Napa,1947606499,2019,57000000,422.632332115,6.04886593781,5.923099,1.93486350175,0.06,0.058268908124,51,290,3.78144718208,14.2993427909,2.04029582565,0.149560117302,0,0,0,0,0,111471,134869,0.627735466109,11.6215197464,11.8120592159,0.485500745168,0.634105660832,0.795485979178,3,29.1,1222200
06055,Napa,1947606499,2020,44000000,326.242501983,5.79070149233,10.332759,2.42769755819,0.06,0.058268908124,51,290,3.78144718208,14.2993427909,2.04029582565,0.149560117302,0,0,0,0,0,111471,134869,0.627735466109,11.6215197464,11.8120592159,0.485500745168,0.634105660832,0.795485979178,3,24.79,1041180
06055,Napa,1947606499,2021,47000000,348.486308937,5.85646438762,7.226866,2.10740514022,0.053,0.0516432331518,51,290,3.78144718208,14.2993427909,2.04029582565,0.149560117302,0,0,0,0,0,111471,134869,0.627735466109,11.6215197464,11.8120592159,0.485500745168,0.634105660832,0.795485979178,3,32.46,1363320
06055,Napa,1947606499,2022,49000000,363.315513572,5.89802028772,,,,,51,290,3.78144718208,14.2993427909,2.04029582565,0.149560117302,1,0,3.78144718208,14.2993427909,0,111471,134869,0.627735466109,11.6215197464,11.8120592159,0.485500745168,0.634105660832,0.795485979178,3,42.81,1798020
06055,Napa,1947606499,2023,47000000,348.486308937,5.85646438762,,,,,51,290,3.78144718208,14.2993427909,2.04029582565,0.149560117302,1,0,3.78144718208,14.2993427909,0,111471,134869,0.627735466109,11.6215197464,11.8120592159,0.485500745168,0.634105660832,0.795485979178,3,38.64,1622880
06055,Napa,1947606499,2024,56000000,415.217729797,6.03120851228,,,,,51,290,3.78144718208,14.2993427909,2.04029582565,0.149560117302,1,0,3.78144718208,14.2993427909,0,111471,134869,0.627735466109,11.6215197464,11.8120592159,0.485500745168,0.634105660832,0.795485979178,3,36.76,1543920
06055,Napa,1947606499,2025,,,,,,,,51,290,3.78144718208,14.2993427909,2.04029582565,0.149560117302,1,0,3.78144718208,14.2993427909,0,111471,134869,0.627735466109,11.6215197464,11.8120592159,0.485500745168,0.634105660832,0.795485979178,3,,
06057,Nevada,2480587299,2010,42000000,409.832066432,6.01818453351,5.01555546667,1.79434869207,0.0706013532203,0.0682205029594,3,11,0.292737190308,0.0856950625897,0.288709627145,0.214285714286,0,0,0,0,0,89882,102481,0.726910066488,11.4062529779,11.5374326945,0.806725149052,0.754508340138,0.692181469412,4,24.76,1039920
06057,Nevada,2480587299,2011,35000000,341.526722027,5.83634967517,4.67647032353,1.73632961766,0.0708269782411,0.0684312268191,3,11,0.292737190308,0.0856950625897,0.288709627145,0.214285714286,0,0,0,0,0,89882,102481,0.726910066488,11.4062529779,11.5374326945,0.806725149052,0.754508340138,0.692181469412,4,30.51,1281420
06057,Nevada,2480587299,2012,34000000,331.768815683,5.80744800168,4.63418815385,1.72885306504,0.0769133893544,0.0740989765138,3,11,0.292737190308,0.0856950625897,0.288709627145,0.214285714286,0,0,0,0,0,89882,102481,0.726910066488,11.4062529779,11.5374326945,0.806725149052,0.754508340138,0.692181469412,4,32.24,1354080
06057,Nevada,2480587299,2013,25000000,243.94765859,5.50104454931,6.8926314,2.06592959003,0.0737553766532,0.0711622016642,3,11,0.292737190308,0.0856950625897,0.288709627145,0.214285714286,0,0,0,0,0,89882,102481,0.726910066488,11.4062529779,11.5374326945,0.806725149052,0.754508340138,0.692181469412,4,31.08,1305360
06057,Nevada,2480587299,2014,27000000,263.463471278,5.57770313695,5.32417596154,1.84437974337,0.0804997436482,0.0774236597118,3,11,0.292737190308,0.0856950625897,0.288709627145,0.214285714286,0,0,0,0,0,89882,102481,0.726910066488,11.4062529779,11.5374326945,0.806725149052,0.754508340138,0.692181469412,4,29.99,1259580
06057,Nevada,2480587299,2015,40000000,390.316253745,5.96951606616,4.94105255789,1.78188631598,0.0805810795258,0.0774989330443,3,11,0.292737190308,0.0856950625897,0.288709627145,0.214285714286,0,0,0,0,0,89882,102481,0.726910066488,11.4062529779,11.5374326945,0.806725149052,0.754508340138,0.692181469412,4,25.47,1069740
06057,Nevada,2480587299,2016,40000000,390.316253745,5.96951606616,5.71271712139,1.90400380514,0.086,0.0825012215117,3,11,0.292737190308,0.0856950625897,0.288709627145,0.214285714286,0,0,0,0,0,89882,102481,0.726910066488,11.4062529779,11.5374326945,0.806725149052,0.754508340138,0.692181469412,4,22.01,924420
06057,Nevada,2480587299,2017,39000000,380.558347401,5.9442637811,5.83214263095,1.92163833316,0.09,0.0861776962411,3,11,0.292737190308,0.0856950625897,0.288709627145,0.214285714286,0,0,0,0,0,89882,102481,0.726910066488,11.4062529779,11.5374326945,0.806725149052,0.754508340138,0.692181469412,4,24.37,1023540
06057,Nevada,2480587299,2018,38000000,370.800441057,5.91835726156,6.38847650781,1.9999215578,0.0878216141323,0.0841771773923,3,11,0.292737190308,0.0856950625897,0.288709627145,0.214285714286,0,0,0,0,0,89882,102481,0.726910066488,11.4062529779,11.5374326945,0.806725149052,0.754508340138,0.692181469412,4,28.09,1179780
06057,Nevada,2480587299,2019,39000000,380.558347401,5.9442637811,5.82167268441,1.92010470343,0.072,0.0695260626486,3,11,0.292737190308,0.0856950625897,0.288709627145,0.214285714286,0,0,0,0,0,89882,102481,0.726910066488,11.4062529779,11.5374326945,0.806725149052,0.754508340138,0.692181469412,4,29.1,1222200
06057,Nevada,2480587299,2020,36000000,351.28462837,5.86443945218,12.1082912622,2.57324495077,0.0809487776484,0.0778391533054,3,11,0.292737190308,0.0856950625897,0.288709627145,0.214285714286,0,0,0,0,0,89882,102481,0.726910066488,11.4062529779,11.5374326945,0.806725149052,0.754508340138,0.692181469412,4,24.79,1041180
06057,Nevada,2480587299,2021,35000000,341.526722027,5.83634967517,8.73399720777,2.27562462456,0.09,0.0861776962411,3,11,0.292737190308,0.0856950625897,0.288709627145,0.214285714286,0,0,0,0,0,89882,102481,0.726910066488,11.4062529779,11.5374326945,0.806725149052,0.754508340138,0.692181469412,4,32.46,1363320
06057,Nevada,2480587299,2022,32000000,312.253002996,5.74701118031,5.96167553046,1.94042018251,0.0747383237364,0.0720772121681,3,11,0.292737190308,0.0856950625897,0.288709627145,0.214285714286,1,0,0.292737190308,0.0856950625897,0,89882,102481,0.726910066488,11.4062529779,11.5374326945,0.806725149052,0.754508340138,0.692181469412,4,42.81,1798020
06057,Nevada,2480587299,2023,34000000,331.768815683,5.80744800168,4.759831,1.750908134,0.063,0.0610950993598,3,11,0.292737190308,0.0856950625897,0.288709627145,0.214285714286,1,0,0.292737190308,0.0856950625897,0,89882,102481,0.726910066488,11.4062529779,11.5374326945,0.806725149052,0.754508340138,0.692181469412,4,38.64,1622880
06057,Nevada,2480587299,2024,32000000,312.253002996,5.74701118031,3.93839673418,1.59704073079,0.07,0.0676586484738,3,11,0.292737190308,0.0856950625897,0.288709627145,0.214285714286,1,0,0.292737190308,0.0856950625897,0,89882,102481,0.726910066488,11.4062529779,11.5374326945,0.806725149052,0.754508340138,0.692181469412,4,36.76,1543920
06057,Nevada,2480587299,2025,,,,3.39939936036,1.4814680226,0.063,0.0610950993598,3,11,0.292737190308,0.0856950625897,0.288709627145,0.214285714286,1,0,0.292737190308,0.0856950625897,0,89882,102481,0.726910066488,11.4062529779,11.5374326945,0.806725149052,0.754508340138,0.692181469412,4,,
06059,Orange,2053499195,2010,1406000000,444.118743327,6.09834108551,9.59149856823,2.36005165746,0.0648084705831,0.0627949431601,963,2928,3.04186593047,9.25294833895,1.83160314043,0.247494217425,0,0,0,0,0,116289,3165820,0.617307195095,11.6638337511,14.9679226637,0.36900360728,0.563879552338,0.764338292114,1,24.76,1039920
06059,Orange,2053499195,2011,1338000000,422.639316196,6.04888242386,10.3586580952,2.4299802809,0.0668162475611,0.0646787433945,963,2928,3.04186593047,9.25294833895,1.83160314043,0.247494217425,0,0,0,0,0,116289,3165820,0.617307195095,11.6638337511,14.9679226637,0.36900360728,0.563879552338,0.764338292114,1,30.51,1281420
06059,Orange,2053499195,2012,1355000000,428.009172979,6.06147830093,10.0568082957,2.40304637359,0.0661597288271,0.0640631539439,963,2928,3.04186593047,9.25294833895,1.83160314043,0.247494217425,0,0,0,0,0,116289,3165820,0.617307195095,11.6638337511,14.9679226637,0.36900360728,0.563879552338,0.764338292114,1,32.24,1354080
06059,Orange,2053499195,2013,1332000000,420.744072626,6.04439866709,9.57790188616,2.35876709733,0.0671325094443,0.0649751534038,963,2928,3.04186593047,9.25294833895,1.83160314043,0.247494217425,0,0,0,0,0,116289,3165820,0.617307195095,11.6638337511,14.9679226637,0.36900360728,0.563879552338,0.764338292114,1,31.08,1305360
06059,Orange,2053499195,2014,1465000000,462.755305103,6.13935705343,12.5708465078,2.60792385273,0.0762817593849,0.0735122856252,963,2928,3.04186593047,9.25294833895,1.83160314043,0.247494217425,0,0,0,0,0,116289,3165820,0.617307195095,11.6638337511,14.9679226637,0.36900360728,0.563879552338,0.764338292114,1,29.99,1259580
06059,Orange,2053499195,2015,1370000000,432.747281905,6.07246206474,8.87707286585,2.29021619923,0.0703263832395,0.0679636330263,963,2928,3.04186593047,9.25294833895,1.83160314043,0.247494217425,0,0,0,0,0,116289,3165820,0.617307195095,11.6638337511,14.9679226637,0.36900360728,0.563879552338,0.764338292114,1,25.47,1069740
06059,Orange,2053499195,2016,1375000000,434.326651547,6.07609667238,10.5992641755,2.45094166295,0.0725623383455,0.0700504944624,963,2928,3.04186593047,9.25294833895,1.83160314043,0.247494217425,0,0,0,0,0,116289,3165820,0.617307195095,11.6638337511,14.9679226637,0.36900360728,0.563879552338,0.764338292114,1,22.01,924420
06059,Orange,2053499195,2017,1382000000,436.537769046,6.08116303132,11.6850560598,2.54042461242,0.0781171914568,0.0752161785046,963,2928,3.04186593047,9.25294833895,1.83160314043,0.247494217425,0,0,0,0,0,116289,3165820,0.617307195095,11.6638337511,14.9679226637,0.36900360728,0.563879552338,0.764338292114,1,24.37,1023540
06059,Orange,2053499195,2018,1402000000,442.855247614,6.09549849039,11.2822916262,2.50815851982,0.0699827895456,0.0676425638076,963,2928,3.04186593047,9.25294833895,1.83160314043,0.247494217425,0,0,0,0,0,116289,3165820,0.617307195095,11.6638337511,14.9679226637,0.36900360728,0.563879552338,0.764338292114,1,28.09,1179780
06059,Orange,2053499195,2019,1325000000,418.532955127,6.03914208093,8.94544335966,2.29711449247,0.0733332101853,0.070768956154,963,2928,3.04186593047,9.25294833895,1.83160314043,0.247494217425,0,0,0,0,0,116289,3165820,0.617307195095,11.6638337511,14.9679226637,0.36900360728,0.563879552338,0.764338292114,1,29.1,1222200
06059,Orange,2053499195,2020,1029000000,325.034272321,5.78700250566,11.5137036826,2.52682433842,0.0856318302387,0.0821621495202,963,2928,3.04186593047,9.25294833895,1.83160314043,0.247494217425,0,0,0,0,0,116289,3165820,0.617307195095,11.6638337511,14.9679226637,0.36900360728,0.563879552338,0.764338292114,1,24.79,1041180
06059,Orange,2053499195,2021,1159000000,366.097883013,5.9056285237,10.8771860285,2.47461941959,0.0703611111111,0.0679960785576,963,2928,3.04186593047,9.25294833895,1.83160314043,0.247494217425,0,0,0,0,0,116289,3165820,0.617307195095,11.6638337511,14.9679226637,0.36900360728,0.563879552338,0.764338292114,1,32.46,1363320
06059,Orange,2053499195,2022,1176000000,371.467739796,5.92015042949,9.14257925061,2.31674232978,0.0670008444408,0.0648517637352,963,2928,3.04186593047,9.25294833895,1.83160314043,0.247494217425,1,0,3.04186593047,9.25294833895,0,116289,3165820,0.617307195095,11.6638337511,14.9679226637,0.36900360728,0.563879552338,0.764338292114,1,42.81,1798020
06059,Orange,2053499195,2023,1150000000,363.255017657,5.89785422029,9.73657034446,2.3736557033,0.0708779461095,0.0684788224219,963,2928,3.04186593047,9.25294833895,1.83160314043,0.247494217425,1,0,3.04186593047,9.25294833895,0,116289,3165820,0.617307195095,11.6638337511,14.9679226637,0.36900360728,0.563879552338,0.764338292114,1,38.64,1622880
06059,Orange,2053499195,2024,1155000000,364.834387299,5.90218073728,10.7551820168,2.46429416608,0.0719387584432,0.0694689326988,963,2928,3.04186593047,9.25294833895,1.83160314043,0.247494217425,1,0,3.04186593047,9.25294833895,0,116289,3165820,0.617307195095,11.6638337511,14.9679226637,0.36900360728,0.563879552338,0.764338292114,1,36.76,1543920
06059,Orange,2053499195,2025,,,,9.87999992771,2.38692623478,0.0665871363912,0.0644639587246,963,2928,3.04186593047,9.25294833895,1.83160314043,0.247494217425,1,0,3.04186593047,9.25294833895,0,116289,3165820,0.617307195095,11.6638337511,14.9679226637,0.36900360728,0.563879552338,0.764338292114,1,,
06061,Placer,3644330331,2010,190000000,453.291853153,6.11873983986,6.648333,2.0344877156,0.0813214645426,0.0781838714545,9,21,0.214717193599,0.0461034732268,0.213100643799,0.3,0,0,0,0,0,115998,419156,0.624485609734,11.6613282286,12.9459984446,0.655040128258,0.747705028046,0.738419533667,1,24.76,1039920
06061,Placer,3644330331,2011,189000000,450.906106557,6.1134744294,8.462295,2.24731495406,0.0785906986051,0.0756552803024,9,21,0.214717193599,0.0461034732268,0.213100643799,0.3,0,0,0,0,0,115998,419156,0.624485609734,11.6613282286,12.9459984446,0.655040128258,0.747705028046,0.738419533667,1,30.51,1281420
06061,Placer,3644330331,2012,192000000,458.063346344,6.12918821,5.0183816095,1.79481838755,0.0798601280181,0.0768315216545,9,21,0.214717193599,0.0461034732268,0.213100643799,0.3,0,0,0,0,0,115998,419156,0.624485609734,11.6613282286,12.9459984446,0.655040128258,0.747705028046,0.738419533667,1,32.24,1354080
06061,Placer,3644330331,2013,167000000,398.419681455,5.99001269732,6.10824060178,1.96125475915,0.0704294953204,0.0680599654311,9,21,0.214717193599,0.0461034732268,0.213100643799,0.3,0,0,0,0,0,115998,419156,0.624485609734,11.6613282286,12.9459984446,0.655040128258,0.747705028046,0.738419533667,1,31.08,1305360
06061,Placer,3644330331,2014,170000000,405.576921242,6.00777313923,6.06195672917,1.95472217021,0.0738195000905,0.071221918732,9,21,0.214717193599,0.0461034732268,0.213100643799,0.3,0,0,0,0,0,115998,419156,0.624485609734,11.6613282286,12.9459984446,0.655040128258,0.747705028046,0.738419533667,1,29.99,1259580
06061,Placer,3644330331,2015,209000000,498.621038468,6.21384988799,7.43315749077,2.13217125595,0.073,0.0704584636486,9,21,0.214717193599,0.0461034732268,0.213100643799,0.3,0,0,0,0,0,115998,419156,0.624485609734,11.6613282286,12.9459984446,0.655040128258,0.747705028046,0.738419533667,1,25.47,1069740
06061,Placer,3644330331,2016,204000000,486.69230549,6.18968468545,5.79779679492,1.91659855893,0.084,0.0806579030175,9,21,0.214717193599,0.0461034732268,0.213100643799,0.3,0,0,0,0,0,115998,419156,0.624485609734,11.6613282286,12.9459984446,0.655040128258,0.747705028046,0.738419533667,1,22.01,924420
06061,Placer,3644330331,2017,203000000,484.306558895,6.18478077145,5.43741289161,1.8621267345,0.08,0.0769610411361,9,21,0.214717193599,0.0461034732268,0.213100643799,0.3,0,0,0,0,0,115998,419156,0.624485609734,11.6613282286,12.9459984446,0.655040128258,0.747705028046,0.738419533667,1,24.37,1023540
06061,Placer,3644330331,2018,206000000,491.463798681,6.19942095269,8.63646515868,2.26555435659,0.08,0.0769610411361,9,21,0.214717193599,0.0461034732268,0.213100643799,0.3,0,0,0,0,0,115998,419156,0.624485609734,11.6613282286,12.9459984446,0.655040128258,0.747705028046,0.738419533667,1,28.09,1179780
06061,Placer,3644330331,2019,198000000,472.377825917,6.15989385593,7.01711695045,2.08157887476,0.0689771411155,0.0667022483863,9,21,0.214717193599,0.0461034732268,0.213100643799,0.3,0,0,0,0,0,115998,419156,0.624485609734,11.6613282286,12.9459984446,0.655040128258,0.747705028046,0.738419533667,1,29.1,1222200
06061,Placer,3644330331,2020,163000000,388.876695073,5.96583052265,12.7374709241,2.6201272032,0.0772271998636,0.0743903321597,9,21,0.214717193599,0.0461034732268,0.213100643799,0.3,0,0,0,0,0,115998,419156,0.624485609734,11.6613282286,12.9459984446,0.655040128258,0.747705028046,0.738419533667,1,24.79,1041180
06061,Placer,3644330331,2021,178000000,424.662894006,6.05364770438,10.6246877224,2.45313108853,0.0790344600622,0.0760666228023,9,21,0.214717193599,0.0461034732268,0.213100643799,0.3,0,0,0,0,0,115998,419156,0.624485609734,11.6613282286,12.9459984446,0.655040128258,0.747705028046,0.738419533667,1,32.46,1363320
06061,Placer,3644330331,2022,169000000,403.191174646,6.0018879706,7.61394010242,2.15338183309,0.0685973389475,0.0663468903153,9,21,0.214717193599,0.0461034732268,0.213100643799,0.3,1,0,0.214717193599,0.0461034732268,0,115998,419156,0.624485609734,11.6613282286,12.9459984446,0.655040128258,0.747705028046,0.738419533667,1,42.81,1798020
06061,Placer,3644330331,2023,184000000,438.977373579,6.08672330191,6.47524605063,2.01159703521,0.0664073249662,0.0642953587318,9,21,0.214717193599,0.0461034732268,0.213100643799,0.3,1,0,0.214717193599,0.0461034732268,0,115998,419156,0.624485609734,11.6613282286,12.9459984446,0.655040128258,0.747705028046,0.738419533667,1,38.64,1622880
06061,Placer,3644330331,2024,178000000,424.662894006,6.05364770438,6.02893619149,1.95003537026,0.0699065749922,0.0675713315704,9,21,0.214717193599,0.0461034732268,0.213100643799,0.3,1,0,0.214717193599,0.0461034732268,0,115998,419156,0.624485609734,11.6613282286,12.9459984446,0.655040128258,0.747705028046,0.738419533667,1,36.76,1543920
06061,Placer,3644330331,2025,,,,6.57995204057,2.02550687253,0.0620627482129,0.0602130060205,9,21,0.214717193599,0.0461034732268,0.213100643799,0.3,1,0,0.214717193599,0.0461034732268,0,115998,419156,0.624485609734,11.6613282286,12.9459984446,0.655040128258,0.747705028046,0.738419533667,1,,
06063,Plumas,6612400771,2010,7000000,360.397466921,5.88997836906,8.33203448052,2.23345304902,,,0,0,0,0,0,,0,0,0,0,0,66031,19423,0.840576111249,11.0978796077,9.87421320983,0.808320032951,0.745716414204,0.866794512465,9,24.76,1039920
06063,Plumas,6612400771,2011,8000000,411.882819338,6.02316382229,11.4463203766,2.52142502715,,,0,0,0,0,0,,0,0,0,0,0,66031,19423,0.840576111249,11.0978796077,9.87421320983,0.808320032951,0.745716414204,0.866794512465,9,30.51,1281420
06063,Plumas,6612400771,2012,7000000,360.397466921,5.88997836906,11.2807691779,2.50803455739,,,0,0,0,0,0,,0,0,0,0,0,66031,19423,0.840576111249,11.0978796077,9.87421320983,0.808320032951,0.745716414204,0.866794512465,9,32.24,1354080
06063,Plumas,6612400771,2013,4000000,205.941409669,5.33243570812,12.1480517955,2.57627359521,,,0,0,0,0,0,,0,0,0,0,0,66031,19423,0.840576111249,11.0978796077,9.87421320983,0.808320032951,0.745716414204,0.866794512465,9,31.08,1305360
06063,Plumas,6612400771,2014,8000000,411.882819338,6.02316382229,14.0187498056,2.70929940756,,,0,0,0,0,0,,0,0,0,0,0,66031,19423,0.840576111249,11.0978796077,9.87421320983,0.808320032951,0.745716414204,0.866794512465,9,29.99,1259580
06063,Plumas,6612400771,2015,7000000,360.397466921,5.88997836906,12.131506726,2.57501443619,,,0,0,0,0,0,,0,0,0,0,0,66031,19423,0.840576111249,11.0978796077,9.87421320983,0.808320032951,0.745716414204,0.866794512465,9,25.47,1069740
06063,Plumas,6612400771,2016,5000000,257.426762086,5.55461233499,10.0857145875,2.40565730536,,,0,0,0,0,0,,0,0,0,0,0,66031,19423,0.840576111249,11.0978796077,9.87421320983,0.808320032951,0.745716414204,0.866794512465,9,22.01,924420
06063,Plumas,6612400771,2017,6000000,308.912114503,5.73628875568,12.5496777634,2.60636276575,,,0,0,0,0,0,,0,0,0,0,0,66031,19423,0.840576111249,11.0978796077,9.87421320983,0.808320032951,0.745716414204,0.866794512465,9,24.37,1023540
06063,Plumas,6612400771,2018,6000000,308.912114503,5.73628875568,11.5359507521,2.52860057653,,,0,0,0,0,0,,0,0,0,0,0,66031,19423,0.840576111249,11.0978796077,9.87421320983,0.808320032951,0.745716414204,0.866794512465,9,28.09,1179780
06063,Plumas,6612400771,2019,6000000,308.912114503,5.73628875568,8.94051144136,2.2966184722,,,0,0,0,0,0,,0,0,0,0,0,66031,19423,0.840576111249,11.0978796077,9.87421320983,0.808320032951,0.745716414204,0.866794512465,9,29.1,1222200
06063,Plumas,6612400771,2020,6000000,308.912114503,5.73628875568,19.4546954794,3.01821246393,,,0,0,0,0,0,,0,0,0,0,0,66031,19423,0.840576111249,11.0978796077,9.87421320983,0.808320032951,0.745716414204,0.866794512465,9,24.79,1041180
06063,Plumas,6612400771,2021,7000000,360.397466921,5.88997836906,15.3241005288,2.79264257587,,,0,0,0,0,0,,0,0,0,0,0,66031,19423,0.840576111249,11.0978796077,9.87421320983,0.808320032951,0.745716414204,0.866794512465,9,32.46,1363320
06063,Plumas,6612400771,2022,8000000,411.882819338,6.02316382229,12.9252754898,2.63370556944,,,0,0,0,0,0,,1,0,0,0,0,66031,19423,0.840576111249,11.0978796077,9.87421320983,0.808320032951,0.745716414204,0.866794512465,9,42.81,1798020
06063,Plumas,6612400771,2023,7000000,360.397466921,5.88997836906,9.70025164186,2.37026725912,,,0,0,0,0,0,,1,0,0,0,0,66031,19423,0.840576111249,11.0978796077,9.87421320983,0.808320032951,0.745716414204,0.866794512465,9,38.64,1622880
06063,Plumas,6612400771,2024,8000000,411.882819338,6.02316382229,8.74444454094,2.27669733194,,,0,0,0,0,0,,1,0,0,0,0,66031,19423,0.840576111249,11.0978796077,9.87421320983,0.808320032951,0.745716414204,0.866794512465,9,36.76,1543920
06063,Plumas,6612400771,2025,,,,9.69430218803,2.36971109385,,,0,0,0,0,0,,1,0,0,0,0,66031,19423,0.840576111249,11.0978796077,9.87421320983,0.808320032951,0.745716414204,0.866794512465,9,,
06065,Riverside,18671879658,2010,952000000,384.087791495,5.95347133815,11.5976527793,2.53351050925,0.0822063253589,0.0790018511169,160,239,0.645525699992,0.41670342935,0.607469031553,0.401002506266,0,0,0,0,0,93074,2478600,0.729614940639,11.4411501547,14.7232044426,0.309603808602,0.69129602043,0.843627512756,1,24.76,1039920
06065,Riverside,18671879658,2011,916000000,369.563463245,5.91502472088,10.6249019125,2.4531495138,0.0895632128753,0.0857768937978,160,239,0.645525699992,0.41670342935,0.607469031553,0.401002506266,0,0,0,0,0,93074,2478600,0.729614940639,11.4411501547,14.7232044426,0.309603808602,0.69129602043,0.843627512756,1,30.51,1281420
06065,Riverside,18671879658,2012,895000000,361.090938433,5.89189539142,11.8116756796,2.55035691763,0.0854038620301,0.0819521408039,160,239,0.645525699992,0.41670342935,0.607469031553,0.401002506266,0,0,0,0,0,93074,2478600,0.729614940639,11.4411501547,14.7232044426,0.309603808602,0.69129602043,0.843627512756,1,32.24,1354080
06065,Riverside,18671879658,2013,925000000,373.194545308,5.92477583679,11.4912506078,2.52502844785,0.0820594766353,0.0788661480774,160,239,0.645525699992,0.41670342935,0.607469031553,0.401002506266,0,0,0,0,0,93074,2478600,0.729614940639,11.4411501547,14.7232044426,0.309603808602,0.69129602043,0.843627512756,1,31.08,1305360
06065,Riverside,18671879658,2014,1010000000,407.48809812,6.01246277831,13.2190714812,2.65458412556,0.0854047742202,0.0819529812189,160,239,0.645525699992,0.41670342935,0.607469031553,0.401002506266,0,0,0,0,0,93074,2478600,0.729614940639,11.4411501547,14.7232044426,0.309603808602,0.69129602043,0.843627512756,1,29.99,1259580
06065,Riverside,18671879658,2015,1039000000,419.188251432,6.04070282855,11.5212397116,2.52742637927,0.0834510824421,0.0801513932521,160,239,0.645525699992,0.41670342935,0.607469031553,0.401002506266,0,0,0,0,0,93074,2478600,0.729614940639,11.4411501547,14.7232044426,0.309603808602,0.69129602043,0.843627512756,1,25.47,1069740
06065,Riverside,18671879658,2016,1035000000,417.574437182,6.03685474074,12.1622574895,2.57735345294,0.082304305397,0.0790923843181,160,239,0.645525699992,0.41670342935,0.607469031553,0.401002506266,0,0,0,0,0,93074,2478600,0.729614940639,11.4411501547,14.7232044426,0.309603808602,0.69129602043,0.843627512756,1,22.01,924420
06065,Riverside,18671879658,2017,1052000000,424.433147745,6.05310782109,11.1386255796,2.49639256502,0.0886573120477,0.084945113113,160,239,0.645525699992,0.41670342935,0.607469031553,0.401002506266,0,0,0,0,0,93074,2478600,0.729614940639,11.4411501547,14.7232044426,0.309603808602,0.69129602043,0.843627512756,1,24.37,1023540
06065,Riverside,18671879658,2018,1052000000,424.433147745,6.05310782109,11.1487544183,2.49722664752,0.0858560776208,0.0823686875184,160,239,0.645525699992,0.41670342935,0.607469031553,0.401002506266,0,0,0,0,0,93074,2478600,0.729614940639,11.4411501547,14.7232044426,0.309603808602,0.69129602043,0.843627512756,1,28.09,1179780
06065,Riverside,18671879658,2019,1046000000,422.01242637,6.04740155538,8.66423590325,2.26843205141,0.079925572755,0.0768921246457,160,239,0.645525699992,0.41670342935,0.607469031553,0.401002506266,0,0,0,0,0,93074,2478600,0.729614940639,11.4411501547,14.7232044426,0.309603808602,0.69129602043,0.843627512756,1,29.1,1222200
06065,Riverside,18671879658,2020,876000000,353.425320746,5.87049766298,11.8095252919,2.55018905761,0.0856274044502,0.0821580728181,160,239,0.645525699992,0.41670342935,0.607469031553,0.401002506266,0,0,0,0,0,93074,2478600,0.729614940639,11.4411501547,14.7232044426,0.309603808602,0.69129602043,0.843627512756,1,24.79,1041180
06065,Riverside,18671879658,2021,981000000,395.787944808,5.98340199392,10.5681510101,2.44825571946,0.0826570060989,0.0794182106533,160,239,0.645525699992,0.41670342935,0.607469031553,0.401002506266,0,0,0,0,0,93074,2478600,0.729614940639,11.4411501547,14.7232044426,0.309603808602,0.69129602043,0.843627512756,1,32.46,1363320
06065,Riverside,18671879658,2022,981000000,395.787944808,5.98340199392,9.57366201984,2.35836619398,0.0798053384139,0.0767807826812,160,239,0.645525699992,0.41670342935,0.607469031553,0.401002506266,1,0,0.645525699992,0.41670342935,0,93074,2478600,0.729614940639,11.4411501547,14.7232044426,0.309603808602,0.69129602043,0.843627512756,1,42.81,1798020
06065,Riverside,18671879658,2023,980000000,395.384491245,5.98238467769,9.52009939213,2.35328765519,0.0829045197972,0.0796468014335,160,239,0.645525699992,0.41670342935,0.607469031553,0.401002506266,1,0,0.645525699992,0.41670342935,0,93074,2478600,0.729614940639,11.4411501547,14.7232044426,0.309603808602,0.69129602043,0.843627512756,1,38.64,1622880
06065,Riverside,18671879658,2024,966000000,389.73614137,5.96803250193,10.3157487357,2.42619544886,0.0860916211012,0.0825855836081,160,239,0.645525699992,0.41670342935,0.607469031553,0.401002506266,1,0,0.645525699992,0.41670342935,0,93074,2478600,0.729614940639,11.4411501547,14.7232044426,0.309603808602,0.69129602043,0.843627512756,1,36.76,1543920
06065,Riverside,18671879658,2025,,,,9.65040378777,2.36559780578,0.0796739755786,0.0766591210986,160,239,0.645525699992,0.41670342935,0.607469031553,0.401002506266,1,0,0.645525699992,0.41670342935,0,93074,2478600,0.729614940639,11.4411501547,14.7232044426,0.309603808602,0.69129602043,0.843627512756,1,,
06067,Sacramento,2500063005,2010,566000000,355.080219271,5.8751560405,8.20259750649,2.21948578187,0.0761577464222,0.0733970554758,280,694,1.75658059004,3.08557536929,1.32915803365,0.287474332649,0,0,0,0,0,92175,1594006,0.736670770168,11.4314442231,14.2817609024,0.405630844551,0.590249309614,0.754122907806,1,24.76,1039920
06067,Sacramento,2500063005,2011,553000000,346.924666532,5.85198598086,10.4448717667,2.43754174903,0.07732208882,0.0744784145786,280,694,1.75658059004,3.08557536929,1.32915803365,0.287474332649,0,0,0,0,0,92175,1594006,0.736670770168,11.4314442231,14.2817609024,0.405630844551,0.590249309614,0.754122907806,1,30.51,1281420
06067,Sacramento,2500063005,2012,560000000,351.316118007,5.8645288351,8.52739003618,2.25417081197,0.0832129284685,0.0799315585445,280,694,1.75658059004,3.08557536929,1.32915803365,0.287474332649,0,0,0,0,0,92175,1594006,0.736670770168,11.4314442231,14.2817609024,0.405630844551,0.590249309614,0.754122907806,1,32.24,1354080
06067,Sacramento,2500063005,2013,568000000,356.334919693,5.87867349239,10.2530811195,2.42064196844,0.0698384497712,0.0675076555527,280,694,1.75658059004,3.08557536929,1.32915803365,0.287474332649,0,0,0,0,0,92175,1594006,0.736670770168,11.4314442231,14.2817609024,0.405630844551,0.590249309614,0.754122907806,1,31.08,1305360
06067,Sacramento,2500063005,2014,442000000,277.288793141,5.62865939874,8.11541857093,2.20996732819,0.0736866836624,0.0710982250922,280,694,1.75658059004,3.08557536929,1.32915803365,0.287474332649,0,0,0,0,0,92175,1594006,0.736670770168,11.4314442231,14.2817609024,0.405630844551,0.590249309614,0.754122907806,1,29.99,1259580
06067,Sacramento,2500063005,2015,584000000,366.372523065,5.90637638246,8.27560979069,2.22738835196,0.0747798398112,0.0721158404296,280,694,1.75658059004,3.08557536929,1.32915803365,0.287474332649,0,0,0,0,0,92175,1594006,0.736670770168,11.4314442231,14.2817609024,0.405630844551,0.590249309614,0.754122907806,1,25.47,1069740
06067,Sacramento,2500063005,2016,600000000,376.410126436,5.93333246468,7.19199381447,2.10315731323,0.0763002789555,0.0735294924682,280,694,1.75658059004,3.08557536929,1.32915803365,0.287474332649,0,0,0,0,0,92175,1594006,0.736670770168,11.4314442231,14.2817609024,0.405630844551,0.590249309614,0.754122907806,1,22.01,924420
06067,Sacramento,2500063005,2017,599000000,375.782776225,5.931668831,8.93763070877,2.29632863298,0.0718173583256,0.069355673437,280,694,1.75658059004,3.08557536929,1.32915803365,0.287474332649,0,0,0,0,0,92175,1594006,0.736670770168,11.4314442231,14.2817609024,0.405630844551,0.590249309614,0.754122907806,1,24.37,1023540
06067,Sacramento,2500063005,2018,586000000,367.627223486,5.90978589895,11.3639057878,2.51478140436,0.0719912798302,0.0695179281288,280,694,1.75658059004,3.08557536929,1.32915803365,0.287474332649,0,0,0,0,0,92175,1594006,0.736670770168,11.4314442231,14.2817609024,0.405630844551,0.590249309614,0.754122907806,1,28.09,1179780
06067,Sacramento,2500063005,2019,600000000,376.410126436,5.93333246468,6.6906479514,2.04000503893,0.0675112823335,0.0653300349955,280,694,1.75658059004,3.08557536929,1.32915803365,0.287474332649,0,0,0,0,0,92175,1594006,0.736670770168,11.4314442231,14.2817609024,0.405630844551,0.590249309614,0.754122907806,1,29.1,1222200
06067,Sacramento,2500063005,2020,689000000,432.244295191,6.07130176103,13.3275659765,2.66218537232,0.071069837365,0.0686579969634,280,694,1.75658059004,3.08557536929,1.32915803365,0.287474332649,0,0,0,0,0,92175,1594006,0.736670770168,11.4314442231,14.2817609024,0.405630844551,0.590249309614,0.754122907806,1,24.79,1041180
06067,Sacramento,2500063005,2021,557000000,349.434067375,5.85917257858,9.8082528944,2.3803099992,0.0748979649804,0.0722257407775,280,694,1.75658059004,3.08557536929,1.32915803365,0.287474332649,0,0,0,0,0,92175,1594006,0.736670770168,11.4314442231,14.2817609024,0.405630844551,0.590249309614,0.754122907806,1,32.46,1363320
06067,Sacramento,2500063005,2022,535000000,335.632362739,5.81899142312,8.21622597997,2.22096562405,0.0672701135637,0.0651040926378,280,694,1.75658059004,3.08557536929,1.32915803365,0.287474332649,1,0,1.75658059004,3.08557536929,0,92175,1594006,0.736670770168,11.4314442231,14.2817609024,0.405630844551,0.590249309614,0.754122907806,1,42.81,1798020
06067,Sacramento,2500063005,2023,544000000,341.278514635,5.83562477592,7.58695527488,2.15024422321,0.0659506988037,0.0638670758972,280,694,1.75658059004,3.08557536929,1.32915803365,0.287474332649,1,0,1.75658059004,3.08557536929,0,92175,1594006,0.736670770168,11.4314442231,14.2817609024,0.405630844551,0.590249309614,0.754122907806,1,38.64,1622880
06067,Sacramento,2500063005,2024,540000000,338.769113793,5.82826630985,6.65380953016,2.03520350169,0.0653493436353,0.0633027675666,280,694,1.75658059004,3.08557536929,1.32915803365,0.287474332649,1,0,1.75658059004,3.08557536929,0,92175,1594006,0.736670770168,11.4314442231,14.2817609024,0.405630844551,0.590249309614,0.754122907806,1,36.76,1543920
06067,Sacramento,2500063005,2025,,,,6.400289,2.0015190535,0.0632027480916,0.0612858131498,280,694,1.75658059004,3.08557536929,1.32915803365,0.287474332649,1,0,1.75658059004,3.08557536929,0,92175,1594006,0.736670770168,11.4314442231,14.2817609024,0.405630844551,0.590249309614,0.754122907806,1,,
06069,San Benito,3596591086,2010,18000000,267.498885421,5.59284676281,5.696338,1.90156080981,0.071,0.0685927914656,66,6,9.80829246545,96.2026010878,2.97896398909,0.916666666667,0,0,0,0,0,114394,67290,0.642478478673,11.647403909,11.1167669162,0.291707534552,0.679441661398,0.848732624693,1,24.76,1039920
06069,San Benito,3596591086,2011,16000000,237.776787041,5.4755291701,5.70113,1.90227616889,0.0650229081315,0.0629963089127,66,6,9.80829246545,96.2026010878,2.97896398909,0.916666666667,0,0,0,0,0,114394,67290,0.642478478673,11.647403909,11.1167669162,0.291707534552,0.679441661398,0.848732624693,1,30.51,1281420
06069,San Benito,3596591086,2012,20000000,297.220983801,5.69783476807,4.842407,1.76514286946,0.0639940784604,0.0620298255472,66,6,9.80829246545,96.2026010878,2.97896398909,0.916666666667,0,0,0,0,0,114394,67290,0.642478478673,11.647403909,11.1167669162,0.291707534552,0.679441661398,0.848732624693,1,32.24,1354080
06069,San Benito,3596591086,2013,7000000,104.027344331,4.65422073845,5.973746,1.9421525266,0.0649135699105,0.0628936408545,66,6,9.80829246545,96.2026010878,2.97896398909,0.916666666667,0,0,0,0,0,114394,67290,0.642478478673,11.647403909,11.1167669162,0.291707534552,0.679441661398,0.848732624693,1,31.08,1305360
06069,San Benito,3596591086,2014,14000000,208.054688661,5.34259588597,4.629661,1.72804922719,0.0685017842262,0.0662574656177,66,6,9.80829246545,96.2026010878,2.97896398909,0.916666666667,0,0,0,0,0,114394,67290,0.642478478673,11.647403909,11.1167669162,0.291707534552,0.679441661398,0.848732624693,1,29.99,1259580
06069,San Benito,3596591086,2015,15000000,222.915737851,5.41126981078,4.276045,1.66317676401,0.0644722520972,0.062479138405,66,6,9.80829246545,96.2026010878,2.97896398909,0.916666666667,0,0,0,0,0,114394,67290,0.642478478673,11.647403909,11.1167669162,0.291707534552,0.679441661398,0.848732624693,1,25.47,1069740
06069,San Benito,3596591086,2016,17000000,252.637836231,5.53590740793,4.252557,1.65871500565,0.0650709666403,0.0630414322844,66,6,9.80829246545,96.2026010878,2.97896398909,0.916666666667,0,0,0,0,0,114394,67290,0.642478478673,11.647403909,11.1167669162,0.291707534552,0.679441661398,0.848732624693,1,22.01,924420
06069,San Benito,3596591086,2017,20000000,297.220983801,5.69783476807,5.046111,1.79941525543,0.0639912600764,0.0620271766718,66,6,9.80829246545,96.2026010878,2.97896398909,0.916666666667,0,0,0,0,0,114394,67290,0.642478478673,11.647403909,11.1167669162,0.291707534552,0.679441661398,0.848732624693,1,24.37,1023540
06069,San Benito,3596591086,2018,17000000,252.637836231,5.53590740793,6.66653833365,2.03686518803,0.0609841094962,0.0591968826075,66,6,9.80829246545,96.2026010878,2.97896398909,0.916666666667,0,0,0,0,0,114394,67290,0.642478478673,11.647403909,11.1167669162,0.291707534552,0.679441661398,0.848732624693,1,28.09,1179780
06069,San Benito,3596591086,2019,21000000,312.082032992,5.74646524244,4.918258,1.77804214884,0.0604953302913,0.0587360917043,66,6,9.80829246545,96.2026010878,2.97896398909,0.916666666667,0,0,0,0,0,114394,67290,0.642478478673,11.647403909,11.1167669162,0.291707534552,0.679441661398,0.848732624693,1,29.1,1222200
06069,San Benito,3596591086,2020,18000000,267.498885421,5.59284676281,8.936872,2.29625228302,0.0654912648054,0.0634359743112,66,6,9.80829246545,96.2026010878,2.97896398909,0.916666666667,0,0,0,0,0,114394,67290,0.642478478673,11.647403909,11.1167669162,0.291707534552,0.679441661398,0.848732624693,1,24.79,1041180
06069,San Benito,3596591086,2021,17000000,252.637836231,5.53590740793,5.658543,1.89590069185,0.0649060567519,0.0628865856481,66,6,9.80829246545,96.2026010878,2.97896398909,0.916666666667,0,0,0,0,0,114394,67290,0.642478478673,11.647403909,11.1167669162,0.291707534552,0.679441661398,0.848732624693,1,32.46,1363320
06069,San Benito,3596591086,2022,14000000,208.054688661,5.34259588597,5.010028,1.79342940744,0.0605539045553,0.0587913231088,66,6,9.80829246545,96.2026010878,2.97896398909,0.916666666667,1,0,9.80829246545,96.2026010878,0,114394,67290,0.642478478673,11.647403909,11.1167669162,0.291707534552,0.679441661398,0.848732624693,1,42.81,1798020
06069,San Benito,3596591086,2023,15000000,222.915737851,5.41126981078,4.073654,1.62406126808,0.0589518082529,0.0572795587405,66,6,9.80829246545,96.2026010878,2.97896398909,0.916666666667,1,0,9.80829246545,96.2026010878,0,114394,67290,0.642478478673,11.647403909,11.1167669162,0.291707534552,0.679441661398,0.848732624693,1,38.64,1622880
06069,San Benito,3596591086,2024,14000000,208.054688661,5.34259588597,7.165928,2.09997037581,0.0594481697545,0.0577481779963,66,6,9.80829246545,96.2026010878,2.97896398909,0.916666666667,1,0,9.80829246545,96.2026010878,0,114394,67290,0.642478478673,11.647403909,11.1167669162,0.291707534552,0.679441661398,0.848732624693,1,36.76,1543920
06069,San Benito,3596591086,2025,,,,4.602762,1.72325969044,0.0549645048544,0.0535071216742,66,6,9.80829246545,96.2026010878,2.97896398909,0.916666666667,1,0,9.80829246545,96.2026010878,0,114394,67290,0.642478478673,11.647403909,11.1167669162,0.291707534552,0.679441661398,0.848732624693,1,,
06071,San Bernardino,51976311343,2010,902000000,410.540420481,6.01990724246,10.5179338733,2.44390528791,0.0919858934061,0.087997959113,149,17,0.678165439597,0.459908363464,0.63468727615,0.897590361446,0,0,0,0,0,85478,2197104,0.768557522058,11.3560143119,14.6026506875,0.246562748054,0.620575924376,0.85281636706,1,24.76,1039920
06071,San Bernardino,51976311343,2011,871000000,396.43093818,5.98502117857,11.0933477017,2.4926555247,0.0924072414262,0.08838373951,149,17,0.678165439597,0.459908363464,0.63468727615,0.897590361446,0,0,0,0,0,85478,2197104,0.768557522058,11.3560143119,14.6026506875,0.246562748054,0.620575924376,0.85281636706,1,30.51,1281420
06071,San Bernardino,51976311343,2012,878000000,399.616950313,5.99300573465,11.3268084213,2.51177643706,0.0941986436912,0.090022263103,149,17,0.678165439597,0.459908363464,0.63468727615,0.897590361446,0,0,0,0,0,85478,2197104,0.768557522058,11.3560143119,14.6026506875,0.246562748054,0.620575924376,0.85281636706,1,32.24,1354080
06071,San Bernardino,51976311343,2013,889000000,404.623540806,6.00542549006,11.5687501925,2.53121358985,0.0890476337992,0.0853035838566,149,17,0.678165439597,0.459908363464,0.63468727615,0.897590361446,0,0,0,0,0,85478,2197104,0.768557522058,11.3560143119,14.6026506875,0.246562748054,0.620575924376,0.85281636706,1,31.08,1305360
06071,San Bernardino,51976311343,2014,948000000,431.477071636,6.06952931141,12.9999999219,2.63905732403,0.0892134170711,0.0854558000221,149,17,0.678165439597,0.459908363464,0.63468727615,0.897590361446,0,0,0,0,0,85478,2197104,0.768557522058,11.3560143119,14.6026506875,0.246562748054,0.620575924376,0.85281636706,1,29.99,1259580
06071,San Bernardino,51976311343,2015,909000000,413.726432613,6.02761910434,12.0379371955,2.56786335346,0.0916616117456,0.0877009499463,149,17,0.678165439597,0.459908363464,0.63468727615,0.897590361446,0,0,0,0,0,85478,2197104,0.768557522058,11.3560143119,14.6026506875,0.246562748054,0.620575924376,0.85281636706,1,25.47,1069740
06071,San Bernardino,51976311343,2016,1010000000,459.696036237,6.13273846812,12.187835337,2.57929483931,0.0940570198722,0.0898928231829,149,17,0.678165439597,0.459908363464,0.63468727615,0.897590361446,0,0,0,0,0,85478,2197104,0.768557522058,11.3560143119,14.6026506875,0.246562748054,0.620575924376,0.85281636706,1,22.01,924420
06071,San Bernardino,51976311343,2017,993000000,451.958578201,6.11580068245,10.229285871,2.41852517554,0.0970700894616,0.0926430711952,149,17,0.678165439597,0.459908363464,0.63468727615,0.897590361446,0,0,0,0,0,85478,2197104,0.768557522058,11.3560143119,14.6026506875,0.246562748054,0.620575924376,0.85281636706,1,24.37,1023540
06071,San Bernardino,51976311343,2018,990000000,450.59314443,6.11278165154,11.8529101346,2.55357025532,0.096461053332,0.092087769168,149,17,0.678165439597,0.459908363464,0.63468727615,0.897590361446,0,0,0,0,0,85478,2197104,0.768557522058,11.3560143119,14.6026506875,0.246562748054,0.620575924376,0.85281636706,1,28.09,1179780
06071,San Bernardino,51976311343,2019,977000000,444.676264756,6.09959282468,10.6846616579,2.45827701232,0.0886407764787,0.0849299240408,149,17,0.678165439597,0.459908363464,0.63468727615,0.897590361446,0,0,0,0,0,85478,2197104,0.768557522058,11.3560143119,14.6026506875,0.246562748054,0.620575924376,0.85281636706,1,29.1,1222200
06071,San Bernardino,51976311343,2020,823000000,374.583997844,5.92848214218,14.2936099084,2.72743508811,0.0989584336746,0.0943628527541,149,17,0.678165439597,0.459908363464,0.63468727615,0.897590361446,0,0,0,0,0,85478,2197104,0.768557522058,11.3560143119,14.6026506875,0.246562748054,0.620575924376,0.85281636706,1,24.79,1041180
06071,San Bernardino,51976311343,2021,926000000,421.463890649,6.04610397722,13.3602479161,2.66446382782,0.0924805934983,0.0884508844415,149,17,0.678165439597,0.459908363464,0.63468727615,0.897590361446,0,0,0,0,0,85478,2197104,0.768557522058,11.3560143119,14.6026506875,0.246562748054,0.620575924376,0.85281636706,1,32.46,1363320
06071,San Bernardino,51976311343,2022,915000000,416.457300155,6.03418226398,10.1014923417,2.40707954448,0.0895025740981,0.0857212380414,149,17,0.678165439597,0.459908363464,0.63468727615,0.897590361446,1,0,0.678165439597,0.459908363464,0,85478,2197104,0.768557522058,11.3560143119,14.6026506875,0.246562748054,0.620575924376,0.85281636706,1,42.81,1798020
06071,San Bernardino,51976311343,2023,897000000,408.264697529,6.01436212893,9.59863295747,2.36072502652,0.0893524332673,0.0855834217751,149,17,0.678165439597,0.459908363464,0.63468727615,0.897590361446,1,0,0.678165439597,0.459908363464,0,85478,2197104,0.768557522058,11.3560143119,14.6026506875,0.246562748054,0.620575924376,0.85281636706,1,38.64,1622880
06071,San Bernardino,51976311343,2024,920000000,418.733023107,6.03961884989,11.300050057,2.50960333205,0.0961186385427,0.0917754295131,149,17,0.678165439597,0.459908363464,0.63468727615,0.897590361446,1,0,0.678165439597,0.459908363464,0,85478,2197104,0.768557522058,11.3560143119,14.6026506875,0.246562748054,0.620575924376,0.85281636706,1,36.76,1543920
06071,San Bernardino,51976311343,2025,,,,9.4837466516,2.34982611993,0.0896792052036,0.0858833457716,149,17,0.678165439597,0.459908363464,0.63468727615,0.897590361446,1,0,0.678165439597,0.459908363464,0,85478,2197104,0.768557522058,11.3560143119,14.6026506875,0.246562748054,0.620575924376,0.85281636706,1,,
06073,San Diego,10905039592,2010,1320000000,401.36537202,5.99736056145,6.93811778118,2.07167619189,0.0661048047955,0.0640116368542,365,1149,1.10983606657,1.23173609466,0.956947218916,0.24108322325,0,0,0,0,0,106268,3288774,0.660239499077,11.5737194842,15.0060254089,0.424081435818,0.545675749054,0.739370178369,1,24.76,1039920
06073,San Diego,10905039592,2011,1291000000,392.547496423,5.97520176305,10.276910574,2.42275732327,0.065117935386,0.0630855304821,365,1149,1.10983606657,1.23173609466,0.956947218916,0.24108322325,0,0,0,0,0,106268,3288774,0.660239499077,11.5737194842,15.0060254089,0.424081435818,0.545675749054,0.739370178369,1,30.51,1281420
06073,San Diego,10905039592,2012,1277000000,388.290590962,5.96432608521,9.4623965471,2.3477875478,0.0641341390384,0.062161453498,365,1149,1.10983606657,1.23173609466,0.956947218916,0.24108322325,0,0,0,0,0,106268,3288774,0.660239499077,11.5737194842,15.0060254089,0.424081435818,0.545675749054,0.739370178369,1,32.24,1354080
06073,San Diego,10905039592,2013,1241000000,377.344262634,5.93580452885,8.29015651275,2.22895540013,0.0608592465488,0.0590791897089,365,1149,1.10983606657,1.23173609466,0.956947218916,0.24108322325,0,0,0,0,0,106268,3288774,0.660239499077,11.5737194842,15.0060254089,0.424081435818,0.545675749054,0.739370178369,1,31.08,1305360
06073,San Diego,10905039592,2014,1352000000,411.095441645,6.021254977,8.19775408916,2.21895933351,0.0685953797301,0.0663450568658,365,1149,1.10983606657,1.23173609466,0.956947218916,0.24108322325,0,0,0,0,0,106268,3288774,0.660239499077,11.5737194842,15.0060254089,0.424081435818,0.545675749054,0.739370178369,1,29.99,1259580
06073,San Diego,10905039592,2015,1408000000,428.123063488,6.06174373907,7.11802762831,2.09408722175,0.0662603659782,0.0641575416786,365,1149,1.10983606657,1.23173609466,0.956947218916,0.24108322325,0,0,0,0,0,106268,3288774,0.660239499077,11.5737194842,15.0060254089,0.424081435818,0.545675749054,0.739370178369,1,25.47,1069740
06073,San Diego,10905039592,2016,1372000000,417.17673516,6.03590415455,7.55915682585,2.14700168365,0.0686698615406,0.0664147551036,365,1149,1.10983606657,1.23173609466,0.956947218916,0.24108322325,0,0,0,0,0,106268,3288774,0.660239499077,11.5737194842,15.0060254089,0.424081435818,0.545675749054,0.739370178369,1,22.01,924420
06073,San Diego,10905039592,2017,1377000000,418.697058539,6.03953316183,7.9349484996,2.1899703847,0.0729361905875,0.0703989936487,365,1149,1.10983606657,1.23173609466,0.956947218916,0.24108322325,0,0,0,0,0,106268,3288774,0.660239499077,11.5737194842,15.0060254089,0.424081435818,0.545675749054,0.739370178369,1,24.37,1023540
06073,San Diego,10905039592,2018,1387000000,421.737705297,6.04675190468,10.3533557752,2.42951336324,0.0662534367538,0.0641510430343,365,1149,1.10983606657,1.23173609466,0.956947218916,0.24108322325,0,0,0,0,0,106268,3288774,0.660239499077,11.5737194842,15.0060254089,0.424081435818,0.545675749054,0.739370178369,1,28.09,1179780
06073,San Diego,10905039592,2019,1325000000,402.885695399,6.00113190575,10.6753035603,2.4574758041,0.064451107,0.0624592738128,365,1149,1.10983606657,1.23173609466,0.956947218916,0.24108322325,0,0,0,0,0,106268,3288774,0.660239499077,11.5737194842,15.0060254089,0.424081435818,0.545675749054,0.739370178369,1,29.1,1222200
06073,San Diego,10905039592,2020,1055000000,320.78823294,5.77389366751,14.5638677365,2.74495205704,0.0735761138923,0.0709952383777,365,1149,1.10983606657,1.23173609466,0.956947218916,0.24108322325,0,0,0,0,0,106268,3288774,0.660239499077,11.5737194842,15.0060254089,0.424081435818,0.545675749054,0.739370178369,1,24.79,1041180
06073,San Diego,10905039592,2021,1165000000,354.235347275,5.87278051989,9.4654189581,2.34807638932,0.063258920172,0.0613386446504,365,1149,1.10983606657,1.23173609466,0.956947218916,0.24108322325,0,0,0,0,0,106268,3288774,0.660239499077,11.5737194842,15.0060254089,0.424081435818,0.545675749054,0.739370178369,1,32.46,1363320
06073,San Diego,10905039592,2022,1146000000,348.458118436,5.85638372169,8.22933311318,2.22238679381,0.0645943814113,0.0625938640902,365,1149,1.10983606657,1.23173609466,0.956947218916,0.24108322325,1,0,1.10983606657,1.23173609466,0,106268,3288774,0.660239499077,11.5737194842,15.0060254089,0.424081435818,0.545675749054,0.739370178369,1,42.81,1798020
06073,San Diego,10905039592,2023,1125000000,342.072760244,5.83794255366,8.408447953,2.24160800407,0.0678720757501,0.0656679541037,365,1149,1.10983606657,1.23173609466,0.956947218916,0.24108322325,1,0,1.10983606657,1.23173609466,0,106268,3288774,0.660239499077,11.5737194842,15.0060254089,0.424081435818,0.545675749054,0.739370178369,1,38.64,1622880
06073,San Diego,10905039592,2024,1114000000,338.728048811,5.82814544112,8.28149617356,2.2280227594,0.0666200195317,0.0644947884923,365,1149,1.10983606657,1.23173609466,0.956947218916,0.24108322325,1,0,1.10983606657,1.23173609466,0,106268,3288774,0.660239499077,11.5737194842,15.0060254089,0.424081435818,0.545675749054,0.739370178369,1,36.76,1543920
06073,San Diego,10905039592,2025,,,,6.98376394465,2.07740997252,0.0721347562666,0.0696517602209,365,1149,1.10983606657,1.23173609466,0.956947218916,0.24108322325,1,0,1.10983606657,1.23173609466,0,106268,3288774,0.660239499077,11.5737194842,15.0060254089,0.424081435818,0.545675749054,0.739370178369,1,,
06075,San Francisco,120951669,2010,138000000,166.217998518,5.1192983415,10.505352,2.44281231841,0.046,0.0449733656427,0,0,0,0,0,,0,0,0,0,0,140970,830235,0.523084320136,11.8563023808,13.6294640722,0.368145163719,0.382056213424,0.345604946954,1,24.76,1039920
06075,San Francisco,120951669,2011,151000000,181.87621577,5.20880950741,9.525,2.35375337957,0.048,0.0468835858989,0,0,0,0,0,,0,0,0,0,0,140970,830235,0.523084320136,11.8563023808,13.6294640722,0.368145163719,0.382056213424,0.345604946954,1,30.51,1281420
06075,San Francisco,120951669,2012,149000000,179.46725927,5.19554937223,8.144737,2.21317852254,0.047,0.0459289318884,0,0,0,0,0,,0,0,0,0,0,140970,830235,0.523084320136,11.8563023808,13.6294640722,0.368145163719,0.382056213424,0.345604946954,1,32.24,1354080
06075,San Francisco,120951669,2013,161000000,193.920998272,5.2725943394,10.073654,2.40456877356,0.043,0.0421011760186,0,0,0,0,0,,0,0,0,0,0,140970,830235,0.523084320136,11.8563023808,13.6294640722,0.368145163719,0.382056213424,0.345604946954,1,31.08,1305360
06075,San Francisco,120951669,2014,102000000,122.856781514,4.8191259103,7.639276,2.15631878301,0.052,0.0506931143155,0,0,0,0,0,,0,0,0,0,0,140970,830235,0.523084320136,11.8563023808,13.6294640722,0.368145163719,0.382056213424,0.345604946954,1,29.99,1259580
06075,San Francisco,120951669,2015,134000000,161.400085518,5.09006295432,7.57591,2.14895710987,0.05,0.0487901641694,0,0,0,0,0,,0,0,0,0,0,140970,830235,0.523084320136,11.8563023808,13.6294640722,0.368145163719,0.382056213424,0.345604946954,1,25.47,1069740
06075,San Francisco,120951669,2016,134000000,161.400085518,5.09006295432,7.583333,2.14982229961,0.046,0.0449733656427,0,0,0,0,0,,0,0,0,0,0,140970,830235,0.523084320136,11.8563023808,13.6294640722,0.368145163719,0.382056213424,0.345604946954,1,22.01,924420
06075,San Francisco,120951669,2017,134000000,161.400085518,5.09006295432,9.680168,2.36838856375,0.047,0.0459289318884,0,0,0,0,0,,0,0,0,0,0,140970,830235,0.523084320136,11.8563023808,13.6294640722,0.368145163719,0.382056213424,0.345604946954,1,24.37,1023540
06075,San Francisco,120951669,2018,120000000,144.537390016,4.98043302965,11.676487,2.53974886015,0.048,0.0468835858989,0,0,0,0,0,,0,0,0,0,0,140970,830235,0.523084320136,11.8563023808,13.6294640722,0.368145163719,0.382056213424,0.345604946954,1,28.09,1179780
06075,San Francisco,120951669,2019,118000000,142.128433516,4.96374236365,7.667409,2.15956989953,0.053,0.0516432331518,0,0,0,0,0,,0,0,0,0,0,140970,830235,0.523084320136,11.8563023808,13.6294640722,0.368145163719,0.382056213424,0.345604946954,1,29.1,1222200
06075,San Francisco,120951669,2020,91000000,109.607520762,4.70598808643,10.525956,2.44460153555,0.048,0.0468835858989,0,0,0,0,0,,0,0,0,0,0,140970,830235,0.523084320136,11.8563023808,13.6294640722,0.368145163719,0.382056213424,0.345604946954,1,24.79,1041180
06075,San Francisco,120951669,2021,99000000,119.243346763,4.78951757908,7.20573250106,2.10483299552,0.051,0.0497420918948,0,0,0,0,0,,0,0,0,0,0,140970,830235,0.523084320136,11.8563023808,13.6294640722,0.368145163719,0.382056213424,0.345604946954,1,32.46,1363320
06075,San Francisco,120951669,2022,97000000,116.834390263,4.76928016633,6.779224,2.05145659029,0.044,0.0430594894604,0,0,0,0,0,,1,0,0,0,0,140970,830235,0.523084320136,11.8563023808,13.6294640722,0.368145163719,0.382056213424,0.345604946954,1,42.81,1798020
06075,San Francisco,120951669,2023,97000000,116.834390263,4.76928016633,6.422936,2.00457466625,0.041,0.0401817896328,0,0,0,0,0,,1,0,0,0,0,140970,830235,0.523084320136,11.8563023808,13.6294640722,0.368145163719,0.382056213424,0.345604946954,1,38.64,1622880
06075,San Francisco,120951669,2024,94000000,113.220955513,4.73813477875,6.69012,2.03993638808,0.036,0.0353671438373,0,0,0,0,0,,1,0,0,0,0,140970,830235,0.523084320136,11.8563023808,13.6294640722,0.368145163719,0.382056213424,0.345604946954,1,36.76,1543920
06075,San Francisco,120951669,2025,,,,,,,,0,0,0,0,0,,1,0,0,0,0,140970,830235,0.523084320136,11.8563023808,13.6294640722,0.368145163719,0.382056213424,0.345604946954,1,,
06077,San Joaquin,3605878836,2010,303000000,380.016404669,5.94284243107,11.6458977339,2.53733287277,0.0724889352285,0.0699820549636,69,81,0.865383891819,0.748889280221,0.782914604042,0.46,0,0,0,0,0,92179,797334,0.73521304791,11.4314876179,13.5890289415,0.26805454176,0.619898063201,0.859724806523,2,24.76,1039920
06077,San Joaquin,3605878836,2011,301000000,377.508045562,5.93623732909,12.0229554294,2.56671360252,0.0729267321646,0.0703901781528,69,81,0.865383891819,0.748889280221,0.782914604042,0.46,0,0,0,0,0,92179,797334,0.73521304791,11.4314876179,13.5890289415,0.26805454176,0.619898063201,0.859724806523,2,30.51,1281420
06077,San Joaquin,3605878836,2012,299000000,374.999686455,5.92958830949,11.0198103213,2.48655614873,0.0784176469319,0.0754948250367,69,81,0.865383891819,0.748889280221,0.782914604042,0.46,0,0,0,0,0,92179,797334,0.73521304791,11.4314876179,13.5890289415,0.26805454176,0.619898063201,0.859724806523,2,32.24,1354080
06077,San Joaquin,3605878836,2013,325000000,407.608354843,6.01275712966,14.260057292,2.72523878024,0.0680958607292,0.0658774937472,69,81,0.865383891819,0.748889280221,0.782914604042,0.46,0,0,0,0,0,92179,797334,0.73521304791,11.4314876179,13.5890289415,0.26805454176,0.619898063201,0.859724806523,2,31.08,1305360
06077,San Joaquin,3605878836,2014,312000000,391.304020649,5.97203710208,10.9110598535,2.47746736794,0.0754221958072,0.0727133247631,69,81,0.865383891819,0.748889280221,0.782914604042,0.46,0,0,0,0,0,92179,797334,0.73521304791,11.4314876179,13.5890289415,0.26805454176,0.619898063201,0.859724806523,2,29.99,1259580
06077,San Joaquin,3605878836,2015,360000000,451.50463921,6.11479801549,12.6470925663,2.61352650013,0.0729812779114,0.0704410151379,69,81,0.865383891819,0.748889280221,0.782914604042,0.46,0,0,0,0,0,92179,797334,0.73521304791,11.4314876179,13.5890289415,0.26805454176,0.619898063201,0.859724806523,2,25.47,1069740
06077,San Joaquin,3605878836,2016,340000000,426.421048143,6.05776958861,11.6626718055,2.53865843754,0.0730421840486,0.0704977769937,69,81,0.865383891819,0.748889280221,0.782914604042,0.46,0,0,0,0,0,92179,797334,0.73521304791,11.4314876179,13.5890289415,0.26805454176,0.619898063201,0.859724806523,2,22.01,924420
06077,San Joaquin,3605878836,2017,347000000,435.200305016,6.07810155303,11.9075993565,2.55781623532,0.0701639817157,0.0678118906715,69,81,0.865383891819,0.748889280221,0.782914604042,0.46,0,0,0,0,0,92179,797334,0.73521304791,11.4314876179,13.5890289415,0.26805454176,0.619898063201,0.859724806523,2,24.37,1023540
06077,San Joaquin,3605878836,2018,336000000,421.404329929,6.04596298312,15.5088053944,2.80389389883,0.0709652892208,0.0685603812493,69,81,0.865383891819,0.748889280221,0.782914604042,0.46,0,0,0,0,0,92179,797334,0.73521304791,11.4314876179,13.5890289415,0.26805454176,0.619898063201,0.859724806523,2,28.09,1179780
06077,San Joaquin,3605878836,2019,352000000,441.471202783,6.09237538387,9.04183964652,2.3067603292,0.067022244428,0.0648718197387,69,81,0.865383891819,0.748889280221,0.782914604042,0.46,0,0,0,0,0,92179,797334,0.73521304791,11.4314876179,13.5890289415,0.26805454176,0.619898063201,0.859724806523,2,29.1,1222200
06077,San Joaquin,3605878836,2020,292000000,366.220429582,5.90596229331,14.1041977306,2.71497270059,0.0674953607803,0.0653151202379,69,81,0.865383891819,0.748889280221,0.782914604042,0.46,0,0,0,0,0,92179,797334,0.73521304791,11.4314876179,13.5890289415,0.26805454176,0.619898063201,0.859724806523,2,24.79,1041180
06077,San Joaquin,3605878836,2021,321000000,402.591636629,6.00040356633,12.3705306592,2.59305308062,0.0628535678052,0.0609573361599,69,81,0.865383891819,0.748889280221,0.782914604042,0.46,0,0,0,0,0,92179,797334,0.73521304791,11.4314876179,13.5890289415,0.26805454176,0.619898063201,0.859724806523,2,32.46,1363320
06077,San Joaquin,3605878836,2022,317000000,397.574918416,5.9878954816,9.76483923932,2.37628519706,0.0645055660031,0.0625104340865,69,81,0.865383891819,0.748889280221,0.782914604042,0.46,1,0,0.865383891819,0.748889280221,0,92179,797334,0.73521304791,11.4314876179,13.5890289415,0.26805454176,0.619898063201,0.859724806523,2,42.81,1798020
06077,San Joaquin,3605878836,2023,323000000,405.099995736,6.00659942419,9.38319249358,2.34018839245,0.0629471559633,0.0610453859541,69,81,0.865383891819,0.748889280221,0.782914604042,0.46,1,0,0.865383891819,0.748889280221,0,92179,797334,0.73521304791,11.4314876179,13.5890289415,0.26805454176,0.619898063201,0.859724806523,2,38.64,1622880
06077,San Joaquin,3605878836,2024,326000000,408.862534396,6.01582182152,9.13845100692,2.31633522583,0.0675023431595,0.0653216611154,69,81,0.865383891819,0.748889280221,0.782914604042,0.46,1,0,0.865383891819,0.748889280221,0,92179,797334,0.73521304791,11.4314876179,13.5890289415,0.26805454176,0.619898063201,0.859724806523,2,36.76,1543920
06077,San Joaquin,3605878836,2025,,,,8.90751921053,2.29329398507,0.0507570911638,0.0495109435491,69,81,0.865383891819,0.748889280221,0.782914604042,0.46,1,0,0.865383891819,0.748889280221,0,92179,797334,0.73521304791,11.4314876179,13.5890289415,0.26805454176,0.619898063201,0.859724806523,2,,
06079,San Luis Obispo,8549140866,2010,147000000,522.100477704,6.25977356359,7.4501707423,2.13418664735,0.0668955617895,0.0647530872943,131,349,4.65273214825,21.6479164433,2.24195517496,0.272916666667,0,0,0,0,0,97446,281555,0.705250084473,11.4870536574,12.5480830894,0.6450071922,0.620859702474,0.782064749508,2,24.76,1039920
06079,San Luis Obispo,8549140866,2011,144000000,511.445365914,6.23919410224,8.79382448735,2.28175203269,0.0638548772914,0.0618989880939,131,349,4.65273214825,21.6479164433,2.24195517496,0.272916666667,0,0,0,0,0,97446,281555,0.705250084473,11.4870536574,12.5480830894,0.6450071922,0.620859702474,0.782064749508,2,30.51,1281420
06079,San Luis Obispo,8549140866,2012,124000000,440.411287315,6.08997706512,7.4552045208,2.13478217139,0.0628296571755,0.060934839271,131,349,4.65273214825,21.6479164433,2.24195517496,0.272916666667,0,0,0,0,0,97446,281555,0.705250084473,11.4870536574,12.5480830894,0.6450071922,0.620859702474,0.782064749508,2,32.24,1354080
06079,San Luis Obispo,8549140866,2013,140000000,497.238550194,6.21107897879,9.15952511165,2.31841170008,0.0598891029471,0.0581642827897,131,349,4.65273214825,21.6479164433,2.24195517496,0.272916666667,0,0,0,0,0,97446,281555,0.705250084473,11.4870536574,12.5480830894,0.6450071922,0.620859702474,0.782064749508,2,31.08,1305360
06079,San Luis Obispo,8549140866,2014,145000000,514.997069844,6.24610108687,8.68177380587,2.27024512891,0.0642738715596,0.0622927558806,131,349,4.65273214825,21.6479164433,2.24195517496,0.272916666667,0,0,0,0,0,97446,281555,0.705250084473,11.4870536574,12.5480830894,0.6450071922,0.620859702474,0.782064749508,2,29.99,1259580
06079,San Luis Obispo,8549140866,2015,147000000,522.100477704,6.25977356359,8.12816583576,2.2113647802,0.062007075878,0.0601605855829,131,349,4.65273214825,21.6479164433,2.24195517496,0.272916666667,0,0,0,0,0,97446,281555,0.705250084473,11.4870536574,12.5480830894,0.6450071922,0.620859702474,0.782064749508,2,25.47,1069740
06079,San Luis Obispo,8549140866,2016,142000000,504.341958054,6.22523534478,6.86534181479,2.06246599581,0.0621284578967,0.0602748739764,131,349,4.65273214825,21.6479164433,2.24195517496,0.272916666667,0,0,0,0,0,97446,281555,0.705250084473,11.4870536574,12.5480830894,0.6450071922,0.620859702474,0.782064749508,2,22.01,924420
06079,San Luis Obispo,8549140866,2017,142000000,504.341958054,6.22523534478,7.81882636793,2.1768887963,0.0626771626852,0.0607913492674,131,349,4.65273214825,21.6479164433,2.24195517496,0.272916666667,0,0,0,0,0,97446,281555,0.705250084473,11.4870536574,12.5480830894,0.6450071922,0.620859702474,0.782064749508,2,24.37,1023540
06079,San Luis Obispo,8549140866,2018,150000000,532.755589494,6.27993803661,7.34003455424,2.12106735956,0.0595196923907,0.0578156850477,131,349,4.65273214825,21.6479164433,2.24195517496,0.272916666667,0,0,0,0,0,97446,281555,0.705250084473,11.4870536574,12.5480830894,0.6450071922,0.620859702474,0.782064749508,2,28.09,1179780
06079,San Luis Obispo,8549140866,2019,138000000,490.135142335,6.19671932889,5.64601807118,1.89401788903,0.0597165875201,0.0580015021101,131,349,4.65273214825,21.6479164433,2.24195517496,0.272916666667,0,0,0,0,0,97446,281555,0.705250084473,11.4870536574,12.5480830894,0.6450071922,0.620859702474,0.782064749508,2,29.1,1222200
06079,San Luis Obispo,8549140866,2020,115000000,408.445951945,6.0148049091,9.10456151439,2.31298695698,0.0673824082112,0.0652093038105,131,349,4.65273214825,21.6479164433,2.24195517496,0.272916666667,0,0,0,0,0,97446,281555,0.705250084473,11.4870536574,12.5480830894,0.6450071922,0.620859702474,0.782064749508,2,24.79,1041180
06079,San Luis Obispo,8549140866,2021,125000000,443.962991245,6.09799111297,6.77094070523,2.05039122594,0.0610858794742,0.0592927983678,131,349,4.65273214825,21.6479164433,2.24195517496,0.272916666667,0,0,0,0,0,97446,281555,0.705250084473,11.4870536574,12.5480830894,0.6450071922,0.620859702474,0.782064749508,2,32.46,1363320
06079,San Luis Obispo,8549140866,2022,123000000,436.859583385,6.0818982731,7.10315351647,2.09225330893,0.0591932092036,0.0575074949297,131,349,4.65273214825,21.6479164433,2.24195517496,0.272916666667,1,0,4.65273214825,21.6479164433,0,97446,281555,0.705250084473,11.4870536574,12.5480830894,0.6450071922,0.620859702474,0.782064749508,2,42.81,1798020
06079,San Luis Obispo,8549140866,2023,116000000,411.997655875,6.0234419171,4.86157100842,1.76841765783,0.0595890915392,0.0578811834772,131,349,4.65273214825,21.6479164433,2.24195517496,0.272916666667,1,0,4.65273214825,21.6479164433,0,97446,281555,0.705250084473,11.4870536574,12.5480830894,0.6450071922,0.620859702474,0.782064749508,2,38.64,1622880
06079,San Luis Obispo,8549140866,2024,118000000,419.101063735,6.04049531027,5.00474454307,1.79254991392,0.0610178029435,0.0592286388912,131,349,4.65273214825,21.6479164433,2.24195517496,0.272916666667,1,0,4.65273214825,21.6479164433,0,97446,281555,0.705250084473,11.4870536574,12.5480830894,0.6450071922,0.620859702474,0.782064749508,2,36.76,1543920
06079,San Luis Obispo,8549140866,2025,,,,6.12196270093,1.96318334768,0.0572435295682,0.0556650772932,131,349,4.65273214825,21.6479164433,2.24195517496,0.272916666667,1,0,4.65273214825,21.6479164433,0,97446,281555,0.705250084473,11.4870536574,12.5480830894,0.6450071922,0.620859702474,0.782064749508,2,,
06081,San Mateo,1161882952,2010,275000000,370.450198022,5.9174147987,8.29129391045,2.22907782305,0.056,0.0544881852841,397,2435,5.34795376782,28.6006095027,2.37848983435,0.140183615819,0,0,0,0,0,158855,742340,0.477284158854,11.9757471154,13.5175626382,0.347004068217,0.584704578718,0.653796851233,1,24.76,1039920
06081,San Mateo,1161882952,2011,310000000,417.598405044,6.03691199979,8.67404492965,2.26944651876,0.053,0.0516432331518,397,2435,5.34795376782,28.6006095027,2.37848983435,0.140183615819,0,0,0,0,0,158855,742340,0.477284158854,11.9757471154,13.5175626382,0.347004068217,0.584704578718,0.653796851233,1,30.51,1281420
06081,San Mateo,1161882952,2012,306000000,412.210038527,6.02395603155,8.3862342,2.23924416912,0.05,0.0487901641694,397,2435,5.34795376782,28.6006095027,2.37848983435,0.140183615819,0,0,0,0,0,158855,742340,0.477284158854,11.9757471154,13.5175626382,0.347004068217,0.584704578718,0.653796851233,1,32.24,1354080
06081,San Mateo,1161882952,2013,311000000,418.945496673,6.04012493303,10.6722431578,2.45721364358,0.056,0.0544881852841,397,2435,5.34795376782,28.6006095027,2.37848983435,0.140183615819,0,0,0,0,0,158855,742340,0.477284158854,11.9757471154,13.5175626382,0.347004068217,0.584704578718,0.653796851233,1,31.08,1305360
06081,San Mateo,1161882952,2014,229000000,308.483983081,5.73490633983,7.112325,2.09338451015,0.064,0.0620353909195,397,2435,5.34795376782,28.6006095027,2.37848983435,0.140183615819,0,0,0,0,0,158855,742340,0.477284158854,11.9757471154,13.5175626382,0.347004068217,0.584704578718,0.653796851233,1,29.99,1259580
06081,San Mateo,1161882952,2015,304000000,409.515855268,6.01741455243,5.695278,1.90140250181,0.059,0.0573250666193,397,2435,5.34795376782,28.6006095027,2.37848983435,0.140183615819,0,0,0,0,0,158855,742340,0.477284158854,11.9757471154,13.5175626382,0.347004068217,0.584704578718,0.653796851233,1,25.47,1069740
06081,San Mateo,1161882952,2016,325000000,437.804779481,6.0840546205,8.324716,2.2326685093,0.056,0.0544881852841,397,2435,5.34795376782,28.6006095027,2.37848983435,0.140183615819,0,0,0,0,0,158855,742340,0.477284158854,11.9757471154,13.5175626382,0.347004068217,0.584704578718,0.653796851233,1,22.01,924420
06081,San Mateo,1161882952,2017,326000000,439.15187111,6.08711982897,9.005899,2.30317481907,0.055,0.053540766928,397,2435,5.34795376782,28.6006095027,2.37848983435,0.140183615819,0,0,0,0,0,158855,742340,0.477284158854,11.9757471154,13.5175626382,0.347004068217,0.584704578718,0.653796851233,1,24.37,1023540
06081,San Mateo,1161882952,2018,304000000,409.515855268,6.01741455243,10.543099,2.44608776922,0.048,0.0468835858989,397,2435,5.34795376782,28.6006095027,2.37848983435,0.140183615819,0,0,0,0,0,158855,742340,0.477284158854,11.9757471154,13.5175626382,0.347004068217,0.584704578718,0.653796851233,1,28.09,1179780
06081,San Mateo,1161882952,2019,322000000,433.763504594,6.07480221565,7.00486591068,2.08004959561,0.054,0.0525924501192,397,2435,5.34795376782,28.6006095027,2.37848983435,0.140183615819,0,0,0,0,0,158855,742340,0.477284158854,11.9757471154,13.5175626382,0.347004068217,0.584704578718,0.653796851233,1,29.1,1222200
06081,San Mateo,1161882952,2020,238000000,320.607807743,5.77333281482,9.835411,2.38281956689,0.054,0.0525924501192,397,2435,5.34795376782,28.6006095027,2.37848983435,0.140183615819,0,0,0,0,0,158855,742340,0.477284158854,11.9757471154,13.5175626382,0.347004068217,0.584704578718,0.653796851233,1,24.79,1041180
06081,San Mateo,1161882952,2021,269000000,362.367648247,5.89541512681,6.048876,1.95286817149,0.059,0.0573250666193,397,2435,5.34795376782,28.6006095027,2.37848983435,0.140183615819,0,0,0,0,0,158855,742340,0.477284158854,11.9757471154,13.5175626382,0.347004068217,0.584704578718,0.653796851233,1,32.46,1363320
06081,San Mateo,1161882952,2022,265000000,356.979281731,5.88047511247,6.795787,2.05358345957,0.053,0.0516432331518,397,2435,5.34795376782,28.6006095027,2.37848983435,0.140183615819,1,0,5.34795376782,28.6006095027,0,158855,742340,0.477284158854,11.9757471154,13.5175626382,0.347004068217,0.584704578718,0.653796851233,1,42.81,1798020
06081,San Mateo,1161882952,2023,271000000,365.061831506,5.90280225767,4.459016,1.69726855374,0.052,0.0506931143155,397,2435,5.34795376782,28.6006095027,2.37848983435,0.140183615819,1,0,5.34795376782,28.6006095027,0,158855,742340,0.477284158854,11.9757471154,13.5175626382,0.347004068217,0.584704578718,0.653796851233,1,38.64,1622880
06081,San Mateo,1161882952,2024,264000000,355.632190102,5.87670497085,5.234884,1.83015997431,0.038,0.0372957847437,397,2435,5.34795376782,28.6006095027,2.37848983435,0.140183615819,1,0,5.34795376782,28.6006095027,0,158855,742340,0.477284158854,11.9757471154,13.5175626382,0.347004068217,0.584704578718,0.653796851233,1,36.76,1543920
06081,San Mateo,1161882952,2025,,,,,,,,397,2435,5.34795376782,28.6006095027,2.37848983435,0.140183615819,1,0,5.34795376782,28.6006095027,0,158855,742340,0.477284158854,11.9757471154,13.5175626382,0.347004068217,0.584704578718,0.653796851233,1,,
06083,Santa Barbara,7080874935,2010,174000000,392.155978914,5.97420642604,8.0825468467,2.20635464301,0.0619243364127,0.0600826739659,64,206,1.442412796,2.08055467408,1.16238917415,0.237037037037,0,0,0,0,0,98161,443701,0.686494037752,11.4943642668,13.0029061911,0.406093292555,0.523661836265,0.764053463374,2,24.76,1039920
06083,Santa Barbara,7080874935,2011,164000000,369.618278976,5.91517263529,9.36396661034,2.338335041,0.0590940071741,0.0574138324378,64,206,1.442412796,2.08055467408,1.16238917415,0.237037037037,0,0,0,0,0,98161,443701,0.686494037752,11.4943642668,13.0029061911,0.406093292555,0.523661836265,0.764053463374,2,30.51,1281420
06083,Santa Barbara,7080874935,2012,166000000,374.125818964,5.92726148693,8.04283705248,2.20197295841,0.0572951668855,0.0557139175603,64,206,1.442412796,2.08055467408,1.16238917415,0.237037037037,0,0,0,0,0,98161,443701,0.686494037752,11.4943642668,13.0029061911,0.406093292555,0.523661836265,0.764053463374,2,32.24,1354080
06083,Santa Barbara,7080874935,2013,172000000,387.648438926,5.96267517901,8.23475774786,2.22297438135,0.0579440820501,0.0563274795347,64,206,1.442412796,2.08055467408,1.16238917415,0.237037037037,0,0,0,0,0,98161,443701,0.686494037752,11.4943642668,13.0029061911,0.406093292555,0.523661836265,0.764053463374,2,31.08,1305360
06083,Santa Barbara,7080874935,2014,178000000,401.171058889,5.99687751773,8.13402644896,2.21200661042,0.066249954623,0.0641477772662,64,206,1.442412796,2.08055467408,1.16238917415,0.237037037037,0,0,0,0,0,98161,443701,0.686494037752,11.4943642668,13.0029061911,0.406093292555,0.523661836265,0.764053463374,2,29.99,1259580
06083,Santa Barbara,7080874935,2015,186000000,419.201218839,6.04073368902,7.992566482,2.19639828961,0.059324486132,0.0576314277425,64,206,1.442412796,2.08055467408,1.16238917415,0.237037037037,0,0,0,0,0,98161,443701,0.686494037752,11.4943642668,13.0029061911,0.406093292555,0.523661836265,0.764053463374,2,25.47,1069740
06083,Santa Barbara,7080874935,2016,181000000,407.93236887,6.01354978508,7.01052112389,2.08075581813,0.0588302973626,0.0571648057731,64,206,1.442412796,2.08055467408,1.16238917415,0.237037037037,0,0,0,0,0,98161,443701,0.686494037752,11.4943642668,13.0029061911,0.406093292555,0.523661836265,0.764053463374,2,22.01,924420
06083,Santa Barbara,7080874935,2017,170000000,383.140898939,5.95100940961,9.1569478516,2.31815798871,0.0590639172655,0.0573854210449,64,206,1.442412796,2.08055467408,1.16238917415,0.237037037037,0,0,0,0,0,98161,443701,0.686494037752,11.4943642668,13.0029061911,0.406093292555,0.523661836265,0.764053463374,2,24.37,1023540
06083,Santa Barbara,7080874935,2018,191000000,430.470068808,6.06719814267,7.53085479013,2.14368956635,0.0534248979923,0.0520466636264,64,206,1.442412796,2.08055467408,1.16238917415,0.237037037037,0,0,0,0,0,98161,443701,0.686494037752,11.4943642668,13.0029061911,0.406093292555,0.523661836265,0.764053463374,2,28.09,1179780
06083,Santa Barbara,7080874935,2019,177000000,398.917288895,5.99125774796,5.29943331091,1.8404596787,0.0551753220345,0.0537069351446,64,206,1.442412796,2.08055467408,1.16238917415,0.237037037037,0,0,0,0,0,98161,443701,0.686494037752,11.4943642668,13.0029061911,0.406093292555,0.523661836265,0.764053463374,2,29.1,1222200
06083,Santa Barbara,7080874935,2020,146000000,329.050419089,5.79924542791,7.76731873045,2.17103102765,0.0573992675086,0.0558123720902,64,206,1.442412796,2.08055467408,1.16238917415,0.237037037037,0,0,0,0,0,98161,443701,0.686494037752,11.4943642668,13.0029061911,0.406093292555,0.523661836265,0.764053463374,2,24.79,1041180
06083,Santa Barbara,7080874935,2021,168000000,378.633358951,5.93920594209,6.09182392902,1.9589425612,0.0513414632819,0.0500669328314,64,206,1.442412796,2.08055467408,1.16238917415,0.237037037037,0,0,0,0,0,98161,443701,0.686494037752,11.4943642668,13.0029061911,0.406093292555,0.523661836265,0.764053463374,2,32.46,1363320
06083,Santa Barbara,7080874935,2022,170000000,383.140898939,5.95100940961,6.2684897066,1.98354852672,0.0529067589432,0.0515546812191,64,206,1.442412796,2.08055467408,1.16238917415,0.237037037037,1,0,1.442412796,2.08055467408,0,98161,443701,0.686494037752,11.4943642668,13.0029061911,0.406093292555,0.523661836265,0.764053463374,2,42.81,1798020
06083,Santa Barbara,7080874935,2023,166000000,374.125818964,5.92726148693,5.52766095186,1.87604867879,0.0502918301065,0.0490680589879,64,206,1.442412796,2.08055467408,1.16238917415,0.237037037037,1,0,1.442412796,2.08055467408,0,98161,443701,0.686494037752,11.4943642668,13.0029061911,0.406093292555,0.523661836265,0.764053463374,2,38.64,1622880
06083,Santa Barbara,7080874935,2024,166000000,374.125818964,5.92726148693,5.45041317699,1.8641441872,0.0494653066483,0.0482808027034,64,206,1.442412796,2.08055467408,1.16238917415,0.237037037037,1,0,1.442412796,2.08055467408,0,98161,443701,0.686494037752,11.4943642668,13.0029061911,0.406093292555,0.523661836265,0.764053463374,2,36.76,1543920
06083,Santa Barbara,7080874935,2025,,,,6.28787297883,1.98621173099,0.0435584908019,0.0426364984816,64,206,1.442412796,2.08055467408,1.16238917415,0.237037037037,1,0,1.442412796,2.08055467408,0,98161,443701,0.686494037752,11.4943642668,13.0029061911,0.406093292555,0.523661836265,0.764053463374,2,,
06085,Santa Clara,3343892718,2010,621000000,326.490354865,5.79145860385,8.7229243935,2.27448643675,0.0721263712714,0.0696439393495,252,1126,1.32488839655,1.75532926332,1.093535037,0.182873730044,0,0,0,0,0,164281,1902047,0.46059697916,12.0093336552,14.4584412326,0.27213417965,0.550762641559,0.688616487603,1,24.76,1039920
06085,Santa Clara,3343892718,2011,691000000,363.292810325,5.89795796823,9.22852295586,2.32518018595,0.0636243016621,0.0616822286234,252,1126,1.32488839655,1.75532926332,1.093535037,0.182873730044,0,0,0,0,0,164281,1902047,0.46059697916,12.0093336552,14.4584412326,0.27213417965,0.550762641559,0.688616487603,1,30.51,1281420
06085,Santa Clara,3343892718,2012,697000000,366.447306507,5.90657992472,8.28074429612,2.2279417479,0.0627108966388,0.0608230930739,252,1126,1.32488839655,1.75532926332,1.093535037,0.182873730044,0,0,0,0,0,164281,1902047,0.46059697916,12.0093336552,14.4584412326,0.27213417965,0.550762641559,0.688616487603,1,32.24,1354080
06085,Santa Clara,3343892718,2013,696000000,365.921557143,5.90514808446,10.5906917387,2.45020233967,0.0627665952432,0.0608755035131,252,1126,1.32488839655,1.75532926332,1.093535037,0.182873730044,0,0,0,0,0,164281,1902047,0.46059697916,12.0093336552,14.4584412326,0.27213417965,0.550762641559,0.688616487603,1,31.08,1305360
06085,Santa Clara,3343892718,2014,661000000,347.520329414,5.85369656254,7.76340941477,2.17058503183,0.0690286025491,0.0667503880452,252,1126,1.32488839655,1.75532926332,1.093535037,0.182873730044,0,0,0,0,0,164281,1902047,0.46059697916,12.0093336552,14.4584412326,0.27213417965,0.550762641559,0.688616487603,1,29.99,1259580
06085,Santa Clara,3343892718,2015,727000000,382.219787419,5.94860868208,8.07452743908,2.20547130597,0.0685612627453,0.0663131294122,252,1126,1.32488839655,1.75532926332,1.093535037,0.182873730044,0,0,0,0,0,164281,1902047,0.46059697916,12.0093336552,14.4584412326,0.27213417965,0.550762641559,0.688616487603,1,25.47,1069740
06085,Santa Clara,3343892718,2016,717000000,376.962293781,5.93479443874,7.73508173001,2.16734730015,0.0627662873259,0.0608752137812,252,1126,1.32488839655,1.75532926332,1.093535037,0.182873730044,0,0,0,0,0,164281,1902047,0.46059697916,12.0093336552,14.4584412326,0.27213417965,0.550762641559,0.688616487603,1,22.01,924420
06085,Santa Clara,3343892718,2017,685000000,360.138314143,5.88926102662,8.89573195732,2.29210354876,0.0689635019467,0.0666894892212,252,1126,1.32488839655,1.75532926332,1.093535037,0.182873730044,0,0,0,0,0,164281,1902047,0.46059697916,12.0093336552,14.4584412326,0.27213417965,0.550762641559,0.688616487603,1,24.37,1023540
06085,Santa Clara,3343892718,2018,643000000,338.056840867,5.8261677655,10.9219037557,2.47837735993,0.0599482691853,0.0582201042777,252,1126,1.32488839655,1.75532926332,1.093535037,0.182873730044,0,0,0,0,0,164281,1902047,0.46059697916,12.0093336552,14.4584412326,0.27213417965,0.550762641559,0.688616487603,1,28.09,1179780
06085,Santa Clara,3343892718,2019,713000000,374.859296327,5.92921486146,7.48199986333,2.13794625494,0.0625172380657,0.0606408457467,252,1126,1.32488839655,1.75532926332,1.093535037,0.182873730044,0,0,0,0,0,164281,1902047,0.46059697916,12.0093336552,14.4584412326,0.27213417965,0.550762641559,0.688616487603,1,29.1,1222200
06085,Santa Clara,3343892718,2020,511000000,268.657924857,5.59715421077,11.3223420548,2.51141404189,0.0672488277387,0.0650841482611,252,1126,1.32488839655,1.75532926332,1.093535037,0.182873730044,0,0,0,0,0,164281,1902047,0.46059697916,12.0093336552,14.4584412326,0.27213417965,0.550762641559,0.688616487603,1,24.79,1041180
06085,Santa Clara,3343892718,2021,599000000,314.923868863,5.75550126324,8.47450337666,2.24860433552,0.069964412278,0.0676253883674,252,1126,1.32488839655,1.75532926332,1.093535037,0.182873730044,0,0,0,0,0,164281,1902047,0.46059697916,12.0093336552,14.4584412326,0.27213417965,0.550762641559,0.688616487603,1,32.46,1363320
06085,Santa Clara,3343892718,2022,573000000,301.254385407,5.71126899859,8.76920471235,2.27923506175,0.0632649074303,0.0613442756791,252,1126,1.32488839655,1.75532926332,1.093535037,0.182873730044,1,0,1.32488839655,1.75532926332,0,164281,1902047,0.46059697916,12.0093336552,14.4584412326,0.27213417965,0.550762641559,0.688616487603,1,42.81,1798020
06085,Santa Clara,3343892718,2023,563000000,295.99689177,5.69372167333,6.76329220687,2.04940649769,0.0584153791572,0.0567728642849,252,1126,1.32488839655,1.75532926332,1.093535037,0.182873730044,1,0,1.32488839655,1.75532926332,0,164281,1902047,0.46059697916,12.0093336552,14.4584412326,0.27213417965,0.550762641559,0.688616487603,1,38.64,1622880
06085,Santa Clara,3343892718,2024,547000000,287.58490195,5.66498933018,7.23932588015,2.10891852991,0.0372966693625,0.0366179725786,252,1126,1.32488839655,1.75532926332,1.093535037,0.182873730044,1,0,1.32488839655,1.75532926332,0,164281,1902047,0.46059697916,12.0093336552,14.4584412326,0.27213417965,0.550762641559,0.688616487603,1,36.76,1543920
06085,Santa Clara,3343892718,2025,,,,,,,,252,1126,1.32488839655,1.75532926332,1.093535037,0.182873730044,1,0,1.32488839655,1.75532926332,0,164281,1902047,0.46059697916,12.0093336552,14.4584412326,0.27213417965,0.550762641559,0.688616487603,1,,
06087,Santa Cruz,1152818089,2010,103000000,388.787812446,5.96560252041,6.479769,2.01220190916,0.052333427283,0.0510100101852,242,658,9.134626273,83.4413971473,2.90820219664,0.268888888889,0,0,0,0,0,111093,264926,0.630900534583,11.6181229673,12.4872058207,0.539135456694,0.599382856199,0.703331478095,2,24.76,1039920
06087,Santa Cruz,1152818089,2011,106000000,400.111729313,5.99424001521,6.463842,2.01007029505,0.054010150545,0.0526020805709,242,658,9.134626273,83.4413971473,2.90820219664,0.268888888889,0,0,0,0,0,111093,264926,0.630900534583,11.6181229673,12.4872058207,0.539135456694,0.599382856199,0.703331478095,2,30.51,1281420
06087,Santa Cruz,1152818089,2012,105000000,396.337090357,5.98478501451,5.778857,1.91380850367,0.0489280546966,0.0477687424068,242,658,9.134626273,83.4413971473,2.90820219664,0.268888888889,0,0,0,0,0,111093,264926,0.630900534583,11.6181229673,12.4872058207,0.539135456694,0.599382856199,0.703331478095,2,32.24,1354080
06087,Santa Cruz,1152818089,2013,101000000,381.238534534,5.94604484968,8.34547388386,2.23489214951,0.056457071728,0.0549209247146,242,658,9.134626273,83.4413971473,2.90820219664,0.268888888889,0,0,0,0,0,111093,264926,0.630900534583,11.6181229673,12.4872058207,0.539135456694,0.599382856199,0.703331478095,2,31.08,1305360
06087,Santa Cruz,1152818089,2014,77000000,290.647199595,5.67554485122,7.24924219697,2.11012134121,0.060293691034,0.0585459367612,242,658,9.134626273,83.4413971473,2.90820219664,0.268888888889,0,0,0,0,0,111093,264926,0.630900534583,11.6181229673,12.4872058207,0.539135456694,0.599382856199,0.703331478095,2,29.99,1259580
06087,Santa Cruz,1152818089,2015,96000000,362.365339755,5.89540877374,5.48934074334,1.87016094518,0.057,0.0554347068881,242,658,9.134626273,83.4413971473,2.90820219664,0.268888888889,0,0,0,0,0,111093,264926,0.630900534583,11.6181229673,12.4872058207,0.539135456694,0.599382856199,0.703331478095,2,25.47,1069740
06087,Santa Cruz,1152818089,2016,95000000,358.590700799,5.88496644242,5.24369739216,1.8315725377,0.052,0.0506931143155,242,658,9.134626273,83.4413971473,2.90820219664,0.268888888889,0,0,0,0,0,111093,264926,0.630900534583,11.6181229673,12.4872058207,0.539135456694,0.599382856199,0.703331478095,2,22.01,924420
06087,Santa Cruz,1152818089,2017,94000000,354.816061844,5.87441391711,6.41613123897,2.00365752484,0.06,0.058268908124,242,658,9.134626273,83.4413971473,2.90820219664,0.268888888889,0,0,0,0,0,111093,264926,0.630900534583,11.6181229673,12.4872058207,0.539135456694,0.599382856199,0.703331478095,2,24.37,1023540
06087,Santa Cruz,1152818089,2018,90000000,339.717506021,5.83105370586,6.87209743144,2.06332453663,0.054,0.0525924501192,242,658,9.134626273,83.4413971473,2.90820219664,0.268888888889,0,0,0,0,0,111093,264926,0.630900534583,11.6181229673,12.4872058207,0.539135456694,0.599382856199,0.703331478095,2,28.09,1179780
06087,Santa Cruz,1152818089,2019,90000000,339.717506021,5.83105370586,5.62008631994,1.89010840913,0.052,0.0506931143155,242,658,9.134626273,83.4413971473,2.90820219664,0.268888888889,0,0,0,0,0,111093,264926,0.630900534583,11.6181229673,12.4872058207,0.539135456694,0.599382856199,0.703331478095,2,29.1,1222200
06087,Santa Cruz,1152818089,2020,74000000,279.323282728,5.63594351832,9.64103666667,2.36471791025,0.048,0.0468835858989,242,658,9.134626273,83.4413971473,2.90820219664,0.268888888889,0,0,0,0,0,111093,264926,0.630900534583,11.6181229673,12.4872058207,0.539135456694,0.599382856199,0.703331478095,2,24.79,1041180
06087,Santa Cruz,1152818089,2021,88000000,332.168228109,5.80864755193,5.2822535,1.83772875369,0.052,0.0506931143155,242,658,9.134626273,83.4413971473,2.90820219664,0.268888888889,0,0,0,0,0,111093,264926,0.630900534583,11.6181229673,12.4872058207,0.539135456694,0.599382856199,0.703331478095,2,32.46,1363320
06087,Santa Cruz,1152818089,2022,80000000,301.971116463,5.71363747576,5.22750381946,1.82897558148,0.047,0.0459289318884,242,658,9.134626273,83.4413971473,2.90820219664,0.268888888889,1,0,9.134626273,83.4413971473,0,111093,264926,0.630900534583,11.6181229673,12.4872058207,0.539135456694,0.599382856199,0.703331478095,2,42.81,1798020
06087,Santa Cruz,1152818089,2023,82000000,309.520394374,5.73824958158,5.31402233428,1.84277292739,0.051,0.0497420918948,242,658,9.134626273,83.4413971473,2.90820219664,0.268888888889,1,0,9.134626273,83.4413971473,0,111093,264926,0.630900534583,11.6181229673,12.4872058207,0.539135456694,0.599382856199,0.703331478095,2,38.64,1622880
06087,Santa Cruz,1152818089,2024,76000000,286.87256064,5.66251788443,6.15000005634,1.96711236459,0.05,0.0487901641694,242,658,9.134626273,83.4413971473,2.90820219664,0.268888888889,1,0,9.134626273,83.4413971473,0,111093,264926,0.630900534583,11.6181229673,12.4872058207,0.539135456694,0.599382856199,0.703331478095,2,36.76,1543920
06087,Santa Cruz,1152818089,2025,,,,5.58672323729,1.88505599227,0.045,0.0440168854168,242,658,9.134626273,83.4413971473,2.90820219664,0.268888888889,1,0,9.134626273,83.4413971473,0,111093,264926,0.630900534583,11.6181229673,12.4872058207,0.539135456694,0.599382856199,0.703331478095,2,,
06089,Shasta,9778891285,2010,88000000,485.019511012,6.18624876921,4.93793078161,1.78136071942,0.0683332327261,0.0660997075324,1,31,0.0551158535241,0.00303775730969,0.0550879868363,0.03125,0,0,0,0,0,72636,181436,0.813917902066,11.1932159457,12.1086582534,0.753064441456,0.655519991015,0.860628668458,3,24.76,1039920
06089,Shasta,9778891285,2011,85000000,468.484754955,6.15163582731,5.16964266071,1.81964092063,0.0650126213696,0.0629866501424,1,31,0.0551158535241,0.00303775730969,0.0550879868363,0.03125,0,0,0,0,0,72636,181436,0.813917902066,11.1932159457,12.1086582534,0.753064441456,0.655519991015,0.860628668458,3,30.51,1281420
06089,Shasta,9778891285,2012,91000000,501.554267069,6.21970362827,5.90552144785,1.93232130144,0.0652442366735,0.0632041030791,1,31,0.0551158535241,0.00303775730969,0.0550879868363,0.03125,0,0,0,0,0,72636,181436,0.813917902066,11.1932159457,12.1086582534,0.753064441456,0.655519991015,0.860628668458,3,32.24,1354080
06089,Shasta,9778891285,2013,83000000,457.46158425,6.12787650247,5.54177193671,1.87820806711,0.0626494232942,0.0607652456171,1,31,0.0551158535241,0.00303775730969,0.0550879868363,0.03125,0,0,0,0,0,72636,181436,0.813917902066,11.1932159457,12.1086582534,0.753064441456,0.655519991015,0.860628668458,3,31.08,1305360
06089,Shasta,9778891285,2014,79000000,435.41524284,6.07859418195,5.29263808589,1.83938039231,0.0665496720647,0.0644288326827,1,31,0.0551158535241,0.00303775730969,0.0550879868363,0.03125,0,0,0,0,0,72636,181436,0.813917902066,11.1932159457,12.1086582534,0.753064441456,0.655519991015,0.860628668458,3,29.99,1259580
06089,Shasta,9778891285,2015,95000000,523.600608479,6.26263722732,7.452632,2.13447787216,0.0690868604833,0.066804882702,1,31,0.0551158535241,0.00303775730969,0.0550879868363,0.03125,0,0,0,0,0,72636,181436,0.813917902066,11.1932159457,12.1086582534,0.753064441456,0.655519991015,0.860628668458,3,25.47,1069740
06089,Shasta,9778891285,2016,82000000,451.949998898,6.11578174168,5.05,1.80005827204,0.0698329790334,0.0675025419285,1,31,0.0551158535241,0.00303775730969,0.0550879868363,0.03125,0,0,0,0,0,72636,181436,0.813917902066,11.1932159457,12.1086582534,0.753064441456,0.655519991015,0.860628668458,3,22.01,924420
06089,Shasta,9778891285,2017,92000000,507.065852422,6.23061106993,7.882759,2.18411220695,0.0675718291145,0.0653867510837,1,31,0.0551158535241,0.00303775730969,0.0550879868363,0.03125,0,0,0,0,0,72636,181436,0.813917902066,11.1932159457,12.1086582534,0.753064441456,0.655519991015,0.860628668458,3,24.37,1023540
06089,Shasta,9778891285,2018,87000000,479.50792566,6.17484372288,14.776471,2.75851965289,0.0729904085052,0.0704495246573,1,31,0.0551158535241,0.00303775730969,0.0550879868363,0.03125,0,0,0,0,0,72636,181436,0.813917902066,11.1932159457,12.1086582534,0.753064441456,0.655519991015,0.860628668458,3,28.09,1179780
06089,Shasta,9778891285,2019,82000000,451.949998898,6.11578174168,6.628302,2.03186527794,0.0611602117144,0.0593628489057,1,31,0.0551158535241,0.00303775730969,0.0550879868363,0.03125,0,0,0,0,0,72636,181436,0.813917902066,11.1932159457,12.1086582534,0.753064441456,0.655519991015,0.860628668458,3,29.1,1222200
06089,Shasta,9778891285,2020,76000000,418.880486783,6.03997011551,10.8375,2.47127245851,0.0647003618196,0.0626934091708,1,31,0.0551158535241,0.00303775730969,0.0550879868363,0.03125,0,0,0,0,0,72636,181436,0.813917902066,11.1932159457,12.1086582534,0.753064441456,0.655519991015,0.860628668458,3,24.79,1041180
06089,Shasta,9778891285,2021,79000000,435.41524284,6.07859418195,18.86087,2.9887514643,0.067707335831,0.0655136728641,1,31,0.0551158535241,0.00303775730969,0.0550879868363,0.03125,0,0,0,0,0,72636,181436,0.813917902066,11.1932159457,12.1086582534,0.753064441456,0.655519991015,0.860628668458,3,32.46,1363320
06089,Shasta,9778891285,2022,77000000,424.392072136,6.05301126633,7.3913456875,2.12720089945,0.0657201978317,0.0636508127083,1,31,0.0551158535241,0.00303775730969,0.0550879868363,0.03125,1,0,0.0551158535241,0.00303775730969,0,72636,181436,0.813917902066,11.1932159457,12.1086582534,0.753064441456,0.655519991015,0.860628668458,3,42.81,1798020
06089,Shasta,9778891285,2023,84000000,462.973169603,6.13982672642,6.91675641351,2.06898157819,0.0630892508791,0.0611790571514,1,31,0.0551158535241,0.00303775730969,0.0550879868363,0.03125,1,0,0.0551158535241,0.00303775730969,0,72636,181436,0.813917902066,11.1932159457,12.1086582534,0.753064441456,0.655519991015,0.860628668458,3,38.64,1622880
06089,Shasta,9778891285,2024,82000000,451.949998898,6.11578174168,5.97245501297,1.94196738843,0.0643439888314,0.0623586364439,1,31,0.0551158535241,0.00303775730969,0.0550879868363,0.03125,1,0,0.0551158535241,0.00303775730969,0,72636,181436,0.813917902066,11.1932159457,12.1086582534,0.753064441456,0.655519991015,0.860628668458,3,36.76,1543920
06089,Shasta,9778891285,2025,,,,4.93308285714,1.78054395265,0.0578206833512,0.0562108326361,1,31,0.0551158535241,0.00303775730969,0.0550879868363,0.03125,1,0,0.0551158535241,0.00303775730969,0,72636,181436,0.813917902066,11.1932159457,12.1086582534,0.753064441456,0.655519991015,0.860628668458,3,,
06091,Sierra,2468694578,2010,,,,,,,,37,53,79.1021864386,6257.15589937,5.06392764826,0.411111111111,0,0,0,0,0,63355,2746,0.863002461034,11.0565091092,7.91790058633,0.860160233066,0.721082854799,0.77255985267,8,24.76,1039920
06091,Sierra,2468694578,2011,,,,,,,,37,53,79.1021864386,6257.15589937,5.06392764826,0.411111111111,0,0,0,0,0,63355,2746,0.863002461034,11.0565091092,7.91790058633,0.860160233066,0.721082854799,0.77255985267,8,30.51,1281420
06091,Sierra,2468694578,2012,,,,,,,,37,53,79.1021864386,6257.15589937,5.06392764826,0.411111111111,0,0,0,0,0,63355,2746,0.863002461034,11.0565091092,7.91790058633,0.860160233066,0.721082854799,0.77255985267,8,32.24,1354080
06091,Sierra,2468694578,2013,,,,,,,,37,53,79.1021864386,6257.15589937,5.06392764826,0.411111111111,0,0,0,0,0,63355,2746,0.863002461034,11.0565091092,7.91790058633,0.860160233066,0.721082854799,0.77255985267,8,31.08,1305360
06091,Sierra,2468694578,2014,,,,,,,,37,53,79.1021864386,6257.15589937,5.06392764826,0.411111111111,0,0,0,0,0,63355,2746,0.863002461034,11.0565091092,7.91790058633,0.860160233066,0.721082854799,0.77255985267,8,29.99,1259580
06091,Sierra,2468694578,2015,,,,,,,,37,53,79.1021864386,6257.15589937,5.06392764826,0.411111111111,0,0,0,0,0,63355,2746,0.863002461034,11.0565091092,7.91790058633,0.860160233066,0.721082854799,0.77255985267,8,25.47,1069740
06091,Sierra,2468694578,2016,,,,,,,,37,53,79.1021864386,6257.15589937,5.06392764826,0.411111111111,0,0,0,0,0,63355,2746,0.863002461034,11.0565091092,7.91790058633,0.860160233066,0.721082854799,0.77255985267,8,22.01,924420
06091,Sierra,2468694578,2017,,,,,,,,37,53,79.1021864386,6257.15589937,5.06392764826,0.411111111111,0,0,0,0,0,63355,2746,0.863002461034,11.0565091092,7.91790058633,0.860160233066,0.721082854799,0.77255985267,8,24.37,1023540
06091,Sierra,2468694578,2018,,,,,,,,37,53,79.1021864386,6257.15589937,5.06392764826,0.411111111111,0,0,0,0,0,63355,2746,0.863002461034,11.0565091092,7.91790058633,0.860160233066,0.721082854799,0.77255985267,8,28.09,1179780
06091,Sierra,2468694578,2019,,,,,,,,37,53,79.1021864386,6257.15589937,5.06392764826,0.411111111111,0,0,0,0,0,63355,2746,0.863002461034,11.0565091092,7.91790058633,0.860160233066,0.721082854799,0.77255985267,8,29.1,1222200
06091,Sierra,2468694578,2020,,,,,,,,37,53,79.1021864386,6257.15589937,5.06392764826,0.411111111111,0,0,0,0,0,63355,2746,0.863002461034,11.0565091092,7.91790058633,0.860160233066,0.721082854799,0.77255985267,8,24.79,1041180
06091,Sierra,2468694578,2021,,,,,,,,37,53,79.1021864386,6257.15589937,5.06392764826,0.411111111111,0,0,0,0,0,63355,2746,0.863002461034,11.0565091092,7.91790058633,0.860160233066,0.721082854799,0.77255985267,8,32.46,1363320
06091,Sierra,2468694578,2022,,,,,,,,37,53,79.1021864386,6257.15589937,5.06392764826,0.411111111111,1,0,79.1021864386,6257.15589937,0,63355,2746,0.863002461034,11.0565091092,7.91790058633,0.860160233066,0.721082854799,0.77255985267,8,42.81,1798020
06091,Sierra,2468694578,2023,,,,,,,,37,53,79.1021864386,6257.15589937,5.06392764826,0.411111111111,1,0,79.1021864386,6257.15589937,0,63355,2746,0.863002461034,11.0565091092,7.91790058633,0.860160233066,0.721082854799,0.77255985267,8,38.64,1622880
06091,Sierra,2468694578,2024,,,,,,,,37,53,79.1021864386,6257.15589937,5.06392764826,0.411111111111,1,0,79.1021864386,6257.15589937,0,63355,2746,0.863002461034,11.0565091092,7.91790058633,0.860160233066,0.721082854799,0.77255985267,8,36.76,1543920
06091,Sierra,2468694578,2025,,,,,,,,37,53,79.1021864386,6257.15589937,5.06392764826,0.411111111111,1,0,79.1021864386,6257.15589937,0,63355,2746,0.863002461034,11.0565091092,7.91790058633,0.860160233066,0.721082854799,0.77255985267,8,,
06093,Siskiyou,16261931187,2010,25000000,575.162195739,6.35638921088,4.501818,1.70507858307,0.059,0.0573250666193,41,22,9.43266001012,88.9750748666,2.94012332378,0.650793650794,0,0,0,0,0,59095,43466,0.874941034645,10.9869015974,10.6797343023,0.732963695762,0.692017401331,0.830388037568,7,24.76,1039920
06093,Siskiyou,16261931187,2011,19000000,437.123268762,6.08250030631,5.564516,1.88167878074,0.059,0.0573250666193,41,22,9.43266001012,88.9750748666,2.94012332378,0.650793650794,0,0,0,0,0,59095,43466,0.874941034645,10.9869015974,10.6797343023,0.732963695762,0.692017401331,0.830388037568,7,30.51,1281420
06093,Siskiyou,16261931187,2012,23000000,529.14922008,6.27315851424,5.738983,1.90790902333,0.063,0.0610950993598,41,22,9.43266001012,88.9750748666,2.94012332378,0.650793650794,0,0,0,0,0,59095,43466,0.874941034645,10.9869015974,10.6797343023,0.732963695762,0.692017401331,0.830388037568,7,32.24,1354080
06093,Siskiyou,16261931187,2013,12000000,276.077853955,5.62429852791,7.53372787574,2.14402629719,0.063,0.0610950993598,41,22,9.43266001012,88.9750748666,2.94012332378,0.650793650794,0,0,0,0,0,59095,43466,0.874941034645,10.9869015974,10.6797343023,0.732963695762,0.692017401331,0.830388037568,7,31.08,1305360
06093,Siskiyou,16261931187,2014,14000000,322.090829614,5.77793348993,9.49685044882,2.35107525491,0.061,0.0592118596318,41,22,9.43266001012,88.9750748666,2.94012332378,0.650793650794,0,0,0,0,0,59095,43466,0.874941034645,10.9869015974,10.6797343023,0.732963695762,0.692017401331,0.830388037568,7,29.99,1259580
06093,Siskiyou,16261931187,2015,27000000,621.175171398,6.43322167913,7.0206249,2.08201633655,0.061,0.0592118596318,41,22,9.43266001012,88.9750748666,2.94012332378,0.650793650794,0,0,0,0,0,59095,43466,0.874941034645,10.9869015974,10.6797343023,0.732963695762,0.692017401331,0.830388037568,7,25.47,1069740
06093,Siskiyou,16261931187,2016,27000000,621.175171398,6.43322167913,4.936207,1.78107037722,0.055,0.053540766928,41,22,9.43266001012,88.9750748666,2.94012332378,0.650793650794,0,0,0,0,0,59095,43466,0.874941034645,10.9869015974,10.6797343023,0.732963695762,0.692017401331,0.830388037568,7,22.01,924420
06093,Siskiyou,16261931187,2017,29000000,667.188147057,6.50456979115,10.805085,2.46853037085,0.043,0.0421011760186,41,22,9.43266001012,88.9750748666,2.94012332378,0.650793650794,0,0,0,0,0,59095,43466,0.874941034645,10.9869015974,10.6797343023,0.732963695762,0.692017401331,0.830388037568,7,24.37,1023540
06093,Siskiyou,16261931187,2018,28000000,644.181659228,6.46953191936,20.8139167704,3.08254815008,0.072,0.0695260626486,41,22,9.43266001012,88.9750748666,2.94012332378,0.650793650794,0,0,0,0,0,59095,43466,0.874941034645,10.9869015974,10.6797343023,0.732963695762,0.692017401331,0.830388037568,7,28.09,1179780
06093,Siskiyou,16261931187,2019,27000000,621.175171398,6.43322167913,5.82225333333,1.92018981807,0.056,0.0544881852841,41,22,9.43266001012,88.9750748666,2.94012332378,0.650793650794,0,0,0,0,0,59095,43466,0.874941034645,10.9869015974,10.6797343023,0.732963695762,0.692017401331,0.830388037568,7,29.1,1222200
06093,Siskiyou,16261931187,2020,25000000,575.162195739,6.35638921088,10.945429,2.48034869474,0.06,0.058268908124,41,22,9.43266001012,88.9750748666,2.94012332378,0.650793650794,0,0,0,0,0,59095,43466,0.874941034645,10.9869015974,10.6797343023,0.732963695762,0.692017401331,0.830388037568,7,24.79,1041180
06093,Siskiyou,16261931187,2021,28000000,644.181659228,6.46953191936,14.499709,2.74082124956,0.067,0.0648509723196,41,22,9.43266001012,88.9750748666,2.94012332378,0.650793650794,0,0,0,0,0,59095,43466,0.874941034645,10.9869015974,10.6797343023,0.732963695762,0.692017401331,0.830388037568,7,32.46,1363320
06093,Siskiyou,16261931187,2022,21000000,483.136244421,6.18236636384,9.346474,2.33664578534,0.055,0.053540766928,41,22,9.43266001012,88.9750748666,2.94012332378,0.650793650794,1,0,9.43266001012,88.9750748666,0,59095,43466,0.874941034645,10.9869015974,10.6797343023,0.732963695762,0.692017401331,0.830388037568,7,42.81,1798020
06093,Siskiyou,16261931187,2023,21000000,483.136244421,6.18236636384,10.950708,2.48079052348,0.059,0.0573250666193,41,22,9.43266001012,88.9750748666,2.94012332378,0.650793650794,1,0,9.43266001012,88.9750748666,0,59095,43466,0.874941034645,10.9869015974,10.6797343023,0.732963695762,0.692017401331,0.830388037568,7,38.64,1622880
06093,Siskiyou,16261931187,2024,19000000,437.123268762,6.08250030631,5.473864,1.86777314818,0.066,0.0639133257437,41,22,9.43266001012,88.9750748666,2.94012332378,0.650793650794,1,0,9.43266001012,88.9750748666,0,59095,43466,0.874941034645,10.9869015974,10.6797343023,0.732963695762,0.692017401331,0.830388037568,7,36.76,1543920
06093,Siskiyou,16261931187,2025,,,,,,,,41,22,9.43266001012,88.9750748666,2.94012332378,0.650793650794,1,0,9.43266001012,88.9750748666,0,59095,43466,0.874941034645,10.9869015974,10.6797343023,0.732963695762,0.692017401331,0.830388037568,7,,
06095,Solano,2128287126,2010,190000000,420.430255046,6.0436542953,8.604891,2.2622724479,0.0654947297384,0.0634392262641,75,102,1.65959311202,2.75424929748,1.28015066063,0.423728813559,0,0,0,0,0,100401,451918,0.697648433135,11.5169274463,13.0212560264,0.332053602645,0.630193255117,0.834607525883,2,24.76,1039920
06095,Solano,2128287126,2011,218000000,482.388397895,6.18082046694,10.4120093235,2.43466625034,0.0657547428717,0.06368322692,75,102,1.65959311202,2.75424929748,1.28015066063,0.423728813559,0,0,0,0,0,100401,451918,0.697648433135,11.5169274463,13.0212560264,0.332053602645,0.630193255117,0.834607525883,2,30.51,1281420
06095,Solano,2128287126,2012,213000000,471.324443815,6.15766613041,8.955211,2.29809613267,0.0640247501873,0.0620586521031,75,102,1.65959311202,2.75424929748,1.28015066063,0.423728813559,0,0,0,0,0,100401,451918,0.697648433135,11.5169274463,13.0212560264,0.332053602645,0.630193255117,0.834607525883,2,32.24,1354080
06095,Solano,2128287126,2013,202000000,446.983744839,6.10475694791,10.7151049483,2.46087903037,0.0598732302296,0.058149306849,75,102,1.65959311202,2.75424929748,1.28015066063,0.423728813559,0,0,0,0,0,100401,451918,0.697648433135,11.5169274463,13.0212560264,0.332053602645,0.630193255117,0.834607525883,2,31.08,1305360
06095,Solano,2128287126,2014,167000000,369.536066278,5.91495078488,9.92875,2.39139693151,0.0645035820178,0.0625085703225,75,102,1.65959311202,2.75424929748,1.28015066063,0.423728813559,0,0,0,0,0,100401,451918,0.697648433135,11.5169274463,13.0212560264,0.332053602645,0.630193255117,0.834607525883,2,29.99,1259580
06095,Solano,2128287126,2015,201000000,444.770954023,6.0998052641,9.41233065606,2.34299074384,0.0662551192369,0.0641526209723,75,102,1.65959311202,2.75424929748,1.28015066063,0.423728813559,0,0,0,0,0,100401,451918,0.697648433135,11.5169274463,13.0212560264,0.332053602645,0.630193255117,0.834607525883,2,25.47,1069740
06095,Solano,2128287126,2016,210000000,464.686071367,6.14351174052,7.89956656936,2.18600257548,0.0640126751167,0.0620473035522,75,102,1.65959311202,2.75424929748,1.28015066063,0.423728813559,0,0,0,0,0,100401,451918,0.697648433135,11.5169274463,13.0212560264,0.332053602645,0.630193255117,0.834607525883,2,22.01,924420
06095,Solano,2128287126,2017,217000000,480.175607079,6.17623229096,10.393315,2.43302677989,0.0624054155208,0.0605355971676,75,102,1.65959311202,2.75424929748,1.28015066063,0.423728813559,0,0,0,0,0,100401,451918,0.697648433135,11.5169274463,13.0212560264,0.332053602645,0.630193255117,0.834607525883,2,24.37,1023540
06095,Solano,2128287126,2018,216000000,477.962816263,6.17162296655,12.4793027728,2.60115538106,0.0557584291717,0.0542593988604,75,102,1.65959311202,2.75424929748,1.28015066063,0.423728813559,0,0,0,0,0,100401,451918,0.697648433135,11.5169274463,13.0212560264,0.332053602645,0.630193255117,0.834607525883,2,28.09,1179780
06095,Solano,2128287126,2019,216000000,477.962816263,6.17162296655,8.7149445,2.27366537,0.0607293607017,0.0589567476418,75,102,1.65959311202,2.75424929748,1.28015066063,0.423728813559,0,0,0,0,0,100401,451918,0.697648433135,11.5169274463,13.0212560264,0.332053602645,0.630193255117,0.834607525883,2,29.1,1222200
06095,Solano,2128287126,2020,180000000,398.302346886,5.98971889155,12.1161558691,2.5738447428,0.062346367059,0.0604800156523,75,102,1.65959311202,2.75424929748,1.28015066063,0.423728813559,0,0,0,0,0,100401,451918,0.697648433135,11.5169274463,13.0212560264,0.332053602645,0.630193255117,0.834607525883,2,24.79,1041180
06095,Solano,2128287126,2021,196000000,433.706999942,6.07467224079,8.65200026571,2.26716517529,0.0654442299777,0.0633918295421,75,102,1.65959311202,2.75424929748,1.28015066063,0.423728813559,0,0,0,0,0,100401,451918,0.697648433135,11.5169274463,13.0212560264,0.332053602645,0.630193255117,0.834607525883,2,32.46,1363320
06095,Solano,2128287126,2022,190000000,420.430255046,6.0436542953,7.895,2.18548932112,0.058745915378,0.0570851090102,75,102,1.65959311202,2.75424929748,1.28015066063,0.423728813559,1,0,1.65959311202,2.75424929748,0,100401,451918,0.697648433135,11.5169274463,13.0212560264,0.332053602645,0.630193255117,0.834607525883,2,42.81,1798020
06095,Solano,2128287126,2023,189000000,418.21746423,6.03838979299,6.16226109251,1.96882572616,0.0544086636944,0.052980101438,75,102,1.65959311202,2.75424929748,1.28015066063,0.423728813559,1,0,1.65959311202,2.75424929748,0,100401,451918,0.697648433135,11.5169274463,13.0212560264,0.332053602645,0.630193255117,0.834607525883,2,38.64,1622880
06095,Solano,2128287126,2024,185000000,409.366300966,6.01705017783,4.58879334483,1.72076340426,0.0535645710947,0.052179244358,75,102,1.65959311202,2.75424929748,1.28015066063,0.423728813559,1,0,1.65959311202,2.75424929748,0,100401,451918,0.697648433135,11.5169274463,13.0212560264,0.332053602645,0.630193255117,0.834607525883,2,36.76,1543920
06095,Solano,2128287126,2025,,,,,,0.054,0.0525924501192,75,102,1.65959311202,2.75424929748,1.28015066063,0.423728813559,1,0,1.65959311202,2.75424929748,0,100401,451918,0.697648433135,11.5169274463,13.0212560264,0.332053602645,0.630193255117,0.834607525883,2,,
06097,Sonoma,4080103614,2010,189000000,389.658584859,5.96783399403,7.20442,2.10467303344,0.054,0.0525924501192,64,246,1.31947880587,1.74102431914,1.09027184352,0.206451612903,0,0,0,0,0,104674,485040,0.665781840648,11.5586060375,13.0919866407,0.579263565891,0.626174096064,0.787315950144,2,24.76,1039920
06097,Sonoma,4080103614,2011,178000000,366.980042883,5.9080287054,8.615254,2.26335079575,0.0459583971783,0.0449335915996,64,246,1.31947880587,1.74102431914,1.09027184352,0.206451612903,0,0,0,0,0,104674,485040,0.665781840648,11.5586060375,13.0919866407,0.579263565891,0.626174096064,0.787315950144,2,30.51,1281420
06097,Sonoma,4080103614,2012,189000000,389.658584859,5.96783399403,8.193567,2.21850400034,0.050010367758,0.0488000381759,64,246,1.31947880587,1.74102431914,1.09027184352,0.206451612903,0,0,0,0,0,104674,485040,0.665781840648,11.5586060375,13.0919866407,0.579263565891,0.626174096064,0.787315950144,2,32.24,1354080
06097,Sonoma,4080103614,2013,208000000,428.830611908,6.06339120528,8.438218,2.24476719115,0.055,0.053540766928,64,246,1.31947880587,1.74102431914,1.09027184352,0.206451612903,0,0,0,0,0,104674,485040,0.665781840648,11.5586060375,13.0919866407,0.579263565891,0.626174096064,0.787315950144,2,31.08,1305360
06097,Sonoma,4080103614,2014,210000000,432.953983177,6.07293849893,7.746742,2.16868128818,0.0580725355005,0.0564488901602,64,246,1.31947880587,1.74102431914,1.09027184352,0.206451612903,0,0,0,0,0,104674,485040,0.665781840648,11.5586060375,13.0919866407,0.579263565891,0.626174096064,0.787315950144,2,29.99,1259580
06097,Sonoma,4080103614,2015,201000000,414.398812469,6.02923905267,6.64711,2.03432779868,0.0574909254153,0.0558990507339,64,246,1.31947880587,1.74102431914,1.09027184352,0.206451612903,0,0,0,0,0,104674,485040,0.665781840648,11.5586060375,13.0919866407,0.579263565891,0.626174096064,0.787315950144,2,25.47,1069740
06097,Sonoma,4080103614,2016,209000000,430.892297542,6.06817624592,4.641061,1.73007216838,0.0514116819598,0.050133720203,64,246,1.31947880587,1.74102431914,1.09027184352,0.206451612903,0,0,0,0,0,104674,485040,0.665781840648,11.5586060375,13.0919866407,0.579263565891,0.626174096064,0.787315950144,2,22.01,924420
06097,Sonoma,4080103614,2017,208000000,428.830611908,6.06339120528,8.095068,2.20773228858,0.0594935059405,0.057790969345,64,246,1.31947880587,1.74102431914,1.09027184352,0.206451612903,0,0,0,0,0,104674,485040,0.665781840648,11.5586060375,13.0919866407,0.579263565891,0.626174096064,0.787315950144,2,24.37,1023540
06097,Sonoma,4080103614,2018,192000000,395.843641762,5.98354235364,8.4,2.24070968928,0.0519830626249,0.0506770140194,64,246,1.31947880587,1.74102431914,1.09027184352,0.206451612903,0,0,0,0,0,104674,485040,0.665781840648,11.5586060375,13.0919866407,0.579263565891,0.626174096064,0.787315950144,2,28.09,1179780
06097,Sonoma,4080103614,2019,204000000,420.583869372,6.04401873599,5.678134,1.89883860721,0.052,0.0506931143155,64,246,1.31947880587,1.74102431914,1.09027184352,0.206451612903,0,0,0,0,0,104674,485040,0.665781840648,11.5586060375,13.0919866407,0.579263565891,0.626174096064,0.787315950144,2,29.1,1222200
06097,Sonoma,4080103614,2020,167000000,344.301500907,5.84441795106,8.269638,2.22674432811,0.0509694792119,0.0497130517128,64,246,1.31947880587,1.74102431914,1.09027184352,0.206451612903,0,0,0,0,0,104674,485040,0.665781840648,11.5586060375,13.0919866407,0.579263565891,0.626174096064,0.787315950144,2,24.79,1041180
06097,Sonoma,4080103614,2021,181000000,373.165099786,5.92469714328,6.971299,2.07584746572,0.055,0.053540766928,64,246,1.31947880587,1.74102431914,1.09027184352,0.206451612903,0,0,0,0,0,104674,485040,0.665781840648,11.5586060375,13.0919866407,0.579263565891,0.626174096064,0.787315950144,2,32.46,1363320
06097,Sonoma,4080103614,2022,176000000,362.856671615,5.89676003079,6.376149,1.9982516867,0.05,0.0487901641694,64,246,1.31947880587,1.74102431914,1.09027184352,0.206451612903,1,0,1.31947880587,1.74102431914,0,104674,485040,0.665781840648,11.5586060375,13.0919866407,0.579263565891,0.626174096064,0.787315950144,2,42.81,1798020
06097,Sonoma,4080103614,2023,184000000,379.350156688,5.9410922934,5.035574,1.79767096187,0.046,0.0449733656427,64,246,1.31947880587,1.74102431914,1.09027184352,0.206451612903,1,0,1.31947880587,1.74102431914,0,104674,485040,0.665781840648,11.5586060375,13.0919866407,0.579263565891,0.626174096064,0.787315950144,2,38.64,1622880
06097,Sonoma,4080103614,2024,178000000,366.980042883,5.9080287054,3.398534,1.48127130359,0.039,0.0382587121171,64,246,1.31947880587,1.74102431914,1.09027184352,0.206451612903,1,0,1.31947880587,1.74102431914,0,104674,485040,0.665781840648,11.5586060375,13.0919866407,0.579263565891,0.626174096064,0.787315950144,2,36.76,1543920
06097,Sonoma,4080103614,2025,,,,,,,,64,246,1.31947880587,1.74102431914,1.09027184352,0.206451612903,1,0,1.31947880587,1.74102431914,0,104674,485040,0.665781840648,11.5586060375,13.0919866407,0.579263565891,0.626174096064,0.787315950144,2,,
06099,Stanislaus,3875010968,2010,230000000,415.169948916,6.03109370788,12.3961474141,2.59496715921,0.0796934635446,0.0766771707974,36,34,0.64983122439,0.422280620193,0.611082799474,0.514285714286,0,0,0,0,0,81468,553990,0.793325612512,11.3079655841,13.224901915,0.36252278922,0.611826348989,0.879842385316,2,24.76,1039920
06099,Stanislaus,3875010968,2011,212000000,382.678387697,5.94980466962,15.8255561696,2.82289893113,0.0809518884187,0.077842031116,36,34,0.64983122439,0.422280620193,0.611082799474,0.514285714286,0,0,0,0,0,81468,553990,0.793325612512,11.3079655841,13.224901915,0.36252278922,0.611826348989,0.879842385316,2,30.51,1281420
06099,Stanislaus,3875010968,2012,205000000,370.042780556,5.91631736743,13.1984106093,2.65313002942,0.0839795706535,0.0806390565792,36,34,0.64983122439,0.422280620193,0.611082799474,0.514285714286,0,0,0,0,0,81468,553990,0.793325612512,11.3079655841,13.224901915,0.36252278922,0.611826348989,0.879842385316,2,32.24,1354080
06099,Stanislaus,3875010968,2013,183000000,330.330872398,5.80311749059,14.6056584873,2.74763357203,0.0773406342688,0.0744956288262,36,34,0.64983122439,0.422280620193,0.611082799474,0.514285714286,0,0,0,0,0,81468,553990,0.793325612512,11.3079655841,13.224901915,0.36252278922,0.611826348989,0.879842385316,2,31.08,1305360
06099,Stanislaus,3875010968,2014,229000000,413.364862182,6.02674689532,11.8520978024,2.55350705112,0.081,0.0778865386571,36,34,0.64983122439,0.422280620193,0.611082799474,0.514285714286,0,0,0,0,0,81468,553990,0.793325612512,11.3079655841,13.224901915,0.36252278922,0.611826348989,0.879842385316,2,29.99,1259580
06099,Stanislaus,3875010968,2015,252000000,454.881857073,6.12223369058,11.8444362934,2.5529107443,0.0839646622588,0.0806253030938,36,34,0.64983122439,0.422280620193,0.611082799474,0.514285714286,0,0,0,0,0,81468,553990,0.793325612512,11.3079655841,13.224901915,0.36252278922,0.611826348989,0.879842385316,2,25.47,1069740
06099,Stanislaus,3875010968,2016,244000000,440.441163198,6.09004474547,11.7806025108,2.54792859266,0.0825033150826,0.0792762433217,36,34,0.64983122439,0.422280620193,0.611082799474,0.514285714286,0,0,0,0,0,81468,553990,0.793325612512,11.3079655841,13.224901915,0.36252278922,0.611826348989,0.879842385316,2,22.01,924420
06099,Stanislaus,3875010968,2017,253000000,456.686943808,6.1261854216,12.8481235067,2.62814973657,0.0835017241379,0.0801981332601,36,34,0.64983122439,0.422280620193,0.611082799474,0.514285714286,0,0,0,0,0,81468,553990,0.793325612512,11.3079655841,13.224901915,0.36252278922,0.611826348989,0.879842385316,2,24.37,1023540
06099,Stanislaus,3875010968,2018,244000000,440.441163198,6.09004474547,16.1591646173,2.8425324109,0.0809942273155,0.0778811985091,36,34,0.64983122439,0.422280620193,0.611082799474,0.514285714286,0,0,0,0,0,81468,553990,0.793325612512,11.3079655841,13.224901915,0.36252278922,0.611826348989,0.879842385316,2,28.09,1179780
06099,Stanislaus,3875010968,2019,245000000,442.246249932,6.09412548453,9.14689730722,2.31716797474,0.079,0.076034686276,36,34,0.64983122439,0.422280620193,0.611082799474,0.514285714286,0,0,0,0,0,81468,553990,0.793325612512,11.3079655841,13.224901915,0.36252278922,0.611826348989,0.879842385316,2,29.1,1222200
06099,Stanislaus,3875010968,2020,197000000,355.60208668,5.87662055701,14.6915722749,2.75312377045,0.0790082252655,0.0760423092918,36,34,0.64983122439,0.422280620193,0.611082799474,0.514285714286,0,0,0,0,0,81468,553990,0.793325612512,11.3079655841,13.224901915,0.36252278922,0.611826348989,0.879842385316,2,24.79,1041180
06099,Stanislaus,3875010968,2021,243000000,438.636076463,6.08594728573,14.0178622532,2.70924030952,0.079520639005,0.0765170898312,36,34,0.64983122439,0.422280620193,0.611082799474,0.514285714286,0,0,0,0,0,81468,553990,0.793325612512,11.3079655841,13.224901915,0.36252278922,0.611826348989,0.879842385316,2,32.46,1363320
06099,Stanislaus,3875010968,2022,220000000,397.119081572,5.98675116046,12.2237684464,2.58201585026,0.0740704678041,0.0714556064148,36,34,0.64983122439,0.422280620193,0.611082799474,0.514285714286,1,0,0.64983122439,0.422280620193,0,81468,553990,0.793325612512,11.3079655841,13.224901915,0.36252278922,0.611826348989,0.879842385316,2,42.81,1798020
06099,Stanislaus,3875010968,2023,220000000,397.119081572,5.98675116046,10.3776996073,2.43165526479,0.0754932454062,0.072779389284,36,34,0.64983122439,0.422280620193,0.611082799474,0.514285714286,1,0,0.64983122439,0.422280620193,0,81468,553990,0.793325612512,11.3079655841,13.224901915,0.36252278922,0.611826348989,0.879842385316,2,38.64,1622880
06099,Stanislaus,3875010968,2024,229000000,413.364862182,6.02674689532,9.21702155177,2.32405510901,0.080041976426,0.0769999074419,36,34,0.64983122439,0.422280620193,0.611082799474,0.514285714286,1,0,0.64983122439,0.422280620193,0,81468,553990,0.793325612512,11.3079655841,13.224901915,0.36252278922,0.611826348989,0.879842385316,2,36.76,1543920
06099,Stanislaus,3875010968,2025,,,,7.5274387561,2.14328905336,0.0598449262551,0.0581226014359,36,34,0.64983122439,0.422280620193,0.611082799474,0.514285714286,1,0,0.64983122439,0.422280620193,0,81468,553990,0.793325612512,11.3079655841,13.224901915,0.36252278922,0.611826348989,0.879842385316,2,,
06101,Sutter,1560975502,2010,37000000,374.277997512,5.92766707802,5.85890787127,1.92554822662,0.0666683972912,0.0645401435968,16,2,1.6184994487,2.61954046544,1.25874743747,0.888888888889,0,0,0,0,0,79704,98857,0.787907004686,11.2860750517,11.5014296405,0.406910992646,0.613270455365,0.893212929119,3,24.76,1039920
06101,Sutter,1560975502,2011,37000000,374.277997512,5.92766707802,8.08300116894,2.20640466322,0.0671306423478,0.0649734037635,16,2,1.6184994487,2.61954046544,1.25874743747,0.888888888889,0,0,0,0,0,79704,98857,0.787907004686,11.2860750517,11.5014296405,0.406910992646,0.613270455365,0.893212929119,3,30.51,1281420
06101,Sutter,1560975502,2012,40000000,404.624862175,6.00542874767,6.945198,2.07256772101,0.0716009123982,0.0691537101234,16,2,1.6184994487,2.61954046544,1.25874743747,0.888888888889,0,0,0,0,0,79704,98857,0.787907004686,11.2860750517,11.5014296405,0.406910992646,0.613270455365,0.893212929119,3,32.24,1354080
06101,Sutter,1560975502,2013,42000000,424.856105283,6.05410150818,8.200952,2.21930695696,0.063923312357,0.0619633134695,16,2,1.6184994487,2.61954046544,1.25874743747,0.888888888889,0,0,0,0,0,79704,98857,0.787907004686,11.2860750517,11.5014296405,0.406910992646,0.613270455365,0.893212929119,3,31.08,1305360
06101,Sutter,1560975502,2014,24000000,242.774917305,5.49624532949,9.320382,2.33412077487,0.070995853449,0.0685889197952,16,2,1.6184994487,2.61954046544,1.25874743747,0.888888888889,0,0,0,0,0,79704,98857,0.787907004686,11.2860750517,11.5014296405,0.406910992646,0.613270455365,0.893212929119,3,29.99,1259580
06101,Sutter,1560975502,2015,38000000,384.393619066,5.95426519919,9.660909,2.36658368715,0.0667373063375,0.0646047436362,16,2,1.6184994487,2.61954046544,1.25874743747,0.888888888889,0,0,0,0,0,79704,98857,0.787907004686,11.2860750517,11.5014296405,0.406910992646,0.613270455365,0.893212929119,3,25.47,1069740
06101,Sutter,1560975502,2016,39000000,394.50924062,5.98017415133,8.118519,2.21030740055,0.0691209583435,0.0668367765712,16,2,1.6184994487,2.61954046544,1.25874743747,0.888888888889,0,0,0,0,0,79704,98857,0.787907004686,11.2860750517,11.5014296405,0.406910992646,0.613270455365,0.893212929119,3,22.01,924420
06101,Sutter,1560975502,2017,39000000,394.50924062,5.98017415133,9.332934,2.33533626991,0.0662683145062,0.0641649962354,16,2,1.6184994487,2.61954046544,1.25874743747,0.888888888889,0,0,0,0,0,79704,98857,0.787907004686,11.2860750517,11.5014296405,0.406910992646,0.613270455365,0.893212929119,3,24.37,1023540
06101,Sutter,1560975502,2018,40000000,404.624862175,6.00542874767,10.321922,2.42674084635,0.072681667113,0.0701617440613,16,2,1.6184994487,2.61954046544,1.25874743747,0.888888888889,0,0,0,0,0,79704,98857,0.787907004686,11.2860750517,11.5014296405,0.406910992646,0.613270455365,0.893212929119,3,28.09,1179780
06101,Sutter,1560975502,2019,38000000,384.393619066,5.95426519919,8.450142,2.24602976785,0.0624710452933,0.0605973699565,16,2,1.6184994487,2.61954046544,1.25874743747,0.888888888889,0,0,0,0,0,79704,98857,0.787907004686,11.2860750517,11.5014296405,0.406910992646,0.613270455365,0.893212929119,3,29.1,1222200
06101,Sutter,1560975502,2020,30000000,303.468646631,5.71856811512,15.7821437692,2.82031545028,0.0746035565504,0.0719518089576,16,2,1.6184994487,2.61954046544,1.25874743747,0.888888888889,0,0,0,0,0,79704,98857,0.787907004686,11.2860750517,11.5014296405,0.406910992646,0.613270455365,0.893212929119,3,24.79,1041180
06101,Sutter,1560975502,2021,34000000,343.931132848,5.84334478217,13.6494011132,2.68439945498,0.0736932556642,0.0711043460414,16,2,1.6184994487,2.61954046544,1.25874743747,0.888888888889,0,0,0,0,0,79704,98857,0.787907004686,11.2860750517,11.5014296405,0.406910992646,0.613270455365,0.893212929119,3,32.46,1363320
06101,Sutter,1560975502,2022,32000000,323.69988974,5.78290133953,10.0352527767,2.40109494626,0.0622739768822,0.0604118715464,16,2,1.6184994487,2.61954046544,1.25874743747,0.888888888889,1,0,1.6184994487,2.61954046544,0,79704,98857,0.787907004686,11.2860750517,11.5014296405,0.406910992646,0.613270455365,0.893212929119,3,42.81,1798020
06101,Sutter,1560975502,2023,34000000,343.931132848,5.84334478217,8.4427375,2.24524592753,0.0634801342725,0.0615466759092,16,2,1.6184994487,2.61954046544,1.25874743747,0.888888888889,1,0,1.6184994487,2.61954046544,0,79704,98857,0.787907004686,11.2860750517,11.5014296405,0.406910992646,0.613270455365,0.893212929119,3,38.64,1622880
06101,Sutter,1560975502,2024,35000000,354.046754403,5.87224948335,7.75242017427,2.16933025347,0.0650008130742,0.0629755626111,16,2,1.6184994487,2.61954046544,1.25874743747,0.888888888889,1,0,1.6184994487,2.61954046544,0,79704,98857,0.787907004686,11.2860750517,11.5014296405,0.406910992646,0.613270455365,0.893212929119,3,36.76,1543920
06101,Sutter,1560975502,2025,,,,7.54303158191,2.14511593098,0.0554057566019,0.0539252964012,16,2,1.6184994487,2.61954046544,1.25874743747,0.888888888889,1,0,1.6184994487,2.61954046544,0,79704,98857,0.787907004686,11.2860750517,11.5014296405,0.406910992646,0.613270455365,0.893212929119,3,,
06103,Tehama,7638229380,2010,33000000,506.391271656,6.22928244492,,,0.0766633228133,0.0738667428155,24,41,3.68284561204,13.5633518021,2.01477522542,0.369230769231,0,0,0,0,0,63784,65167,0.861545909311,11.0632576542,11.0847084848,0.614068470238,0.671292560917,0.865477473163,4,24.76,1039920
06103,Tehama,7638229380,2011,28000000,429.665321405,6.065331272,,,0.0710097610232,0.068601905358,24,41,3.68284561204,13.5633518021,2.01477522542,0.369230769231,0,0,0,0,0,63784,65167,0.861545909311,11.0632576542,11.0847084848,0.614068470238,0.671292560917,0.865477473163,4,30.51,1281420
06103,Tehama,7638229380,2012,27000000,414.320131355,6.02904962371,,,0.0756832170232,0.0729560104221,24,41,3.68284561204,13.5633518021,2.01477522542,0.369230769231,0,0,0,0,0,63784,65167,0.861545909311,11.0632576542,11.0847084848,0.614068470238,0.671292560917,0.865477473163,4,32.24,1354080
06103,Tehama,7638229380,2013,24000000,368.284561204,5.91156751542,,,0.072,0.0695260626486,24,41,3.68284561204,13.5633518021,2.01477522542,0.369230769231,0,0,0,0,0,63784,65167,0.861545909311,11.0632576542,11.0847084848,0.614068470238,0.671292560917,0.865477473163,4,31.08,1305360
06103,Tehama,7638229380,2014,26000000,398.974941305,5.99140189841,,,0.0707836092521,0.0683907255354,24,41,3.68284561204,13.5633518021,2.01477522542,0.369230769231,0,0,0,0,0,63784,65167,0.861545909311,11.0632576542,11.0847084848,0.614068470238,0.671292560917,0.865477473163,4,29.99,1259580
06103,Tehama,7638229380,2015,30000000,460.355701505,6.13416933226,,,0.06681281737,0.0646755280361,24,41,3.68284561204,13.5633518021,2.01477522542,0.369230769231,0,0,0,0,0,63784,65167,0.861545909311,11.0632576542,11.0847084848,0.614068470238,0.671292560917,0.865477473163,4,25.47,1069740
06103,Tehama,7638229380,2016,29000000,445.010511455,6.10034252003,4.71595633333,1.74326162066,0.0764487136929,0.0736673949716,24,41,3.68284561204,13.5633518021,2.01477522542,0.369230769231,0,0,0,0,0,63784,65167,0.861545909311,11.0632576542,11.0847084848,0.614068470238,0.671292560917,0.865477473163,4,22.01,924420
06103,Tehama,7638229380,2017,29000000,445.010511455,6.10034252003,6.94520563796,2.07256868234,0.0716383228478,0.0691886203182,24,41,3.68284561204,13.5633518021,2.01477522542,0.369230769231,0,0,0,0,0,63784,65167,0.861545909311,11.0632576542,11.0847084848,0.614068470238,0.671292560917,0.865477473163,4,24.37,1023540
06103,Tehama,7638229380,2018,31000000,475.700891556,6.16688923247,10.581267,2.44938887894,0.0772012116955,0.0743662068112,24,41,3.68284561204,13.5633518021,2.01477522542,0.369230769231,0,0,0,0,0,63784,65167,0.861545909311,11.0632576542,11.0847084848,0.614068470238,0.671292560917,0.865477473163,4,28.09,1179780
06103,Tehama,7638229380,2019,30000000,460.355701505,6.13416933226,5.429462,1.86089086445,0.0653650862302,0.0633175443895,24,41,3.68284561204,13.5633518021,2.01477522542,0.369230769231,0,0,0,0,0,63784,65167,0.861545909311,11.0632576542,11.0847084848,0.614068470238,0.671292560917,0.865477473163,4,29.1,1222200
06103,Tehama,7638229380,2020,26000000,398.974941305,5.99140189841,13.332857,2.66255459392,0.0667095829265,0.0645787543218,24,41,3.68284561204,13.5633518021,2.01477522542,0.369230769231,0,0,0,0,0,63784,65167,0.861545909311,11.0632576542,11.0847084848,0.614068470238,0.671292560917,0.865477473163,4,24.79,1041180
06103,Tehama,7638229380,2021,30000000,460.355701505,6.13416933226,10.973699,2.48271249439,0.0757421906422,0.0730108332561,24,41,3.68284561204,13.5633518021,2.01477522542,0.369230769231,0,0,0,0,0,63784,65167,0.861545909311,11.0632576542,11.0847084848,0.614068470238,0.671292560917,0.865477473163,4,32.46,1363320
06103,Tehama,7638229380,2022,27000000,414.320131355,6.02904962371,5.871182,1.92733614384,0.0671946446406,0.0650333780263,24,41,3.68284561204,13.5633518021,2.01477522542,0.369230769231,1,0,3.68284561204,13.5633518021,0,63784,65167,0.861545909311,11.0632576542,11.0847084848,0.614068470238,0.671292560917,0.865477473163,4,42.81,1798020
06103,Tehama,7638229380,2023,26000000,398.974941305,5.99140189841,6.108611,1.96130686608,0.0652130123826,0.0631747907886,24,41,3.68284561204,13.5633518021,2.01477522542,0.369230769231,1,0,3.68284561204,13.5633518021,0,63784,65167,0.861545909311,11.0632576542,11.0847084848,0.614068470238,0.671292560917,0.865477473163,4,38.64,1622880
06103,Tehama,7638229380,2024,25000000,383.629751254,5.95228118652,5.934294,1.93647924613,0.0585105832929,0.0568628099301,24,41,3.68284561204,13.5633518021,2.01477522542,0.369230769231,1,0,3.68284561204,13.5633518021,0,63784,65167,0.861545909311,11.0632576542,11.0847084848,0.614068470238,0.671292560917,0.865477473163,4,36.76,1543920
06103,Tehama,7638229380,2025,,,,4.670056,1.73519899423,0.0602320792841,0.0584878268804,24,41,3.68284561204,13.5633518021,2.01477522542,0.369230769231,1,0,3.68284561204,13.5633518021,0,63784,65167,0.861545909311,11.0632576542,11.0847084848,0.614068470238,0.671292560917,0.865477473163,4,,
06105,Trinity,8234265080,2010,4000000,252.206809584,5.534206584,,,,,0,2,0,0,0,0,0,0,0,0,0,53002,15860,0.88218442256,10.8780849277,9.67155549519,0.773896595208,0.717278424351,0.725600309837,8,24.76,1039920
06105,Trinity,8234265080,2011,4000000,252.206809584,5.534206584,21.100741,3.09561113737,,,0,2,0,0,0,0,0,0,0,0,0,53002,15860,0.88218442256,10.8780849277,9.67155549519,0.773896595208,0.717278424351,0.725600309837,8,30.51,1281420
06105,Trinity,8234265080,2012,2000000,126.103404792,4.84500096613,16.6285502231,2.86951975951,,,0,2,0,0,0,0,0,0,0,0,0,53002,15860,0.88218442256,10.8780849277,9.67155549519,0.773896595208,0.717278424351,0.725600309837,8,32.24,1354080
06105,Trinity,8234265080,2013,4000000,252.206809584,5.534206584,15.5624786021,2.8071398118,,,0,2,0,0,0,0,0,0,0,0,0,53002,15860,0.88218442256,10.8780849277,9.67155549519,0.773896595208,0.717278424351,0.725600309837,8,31.08,1305360
06105,Trinity,8234265080,2014,4000000,252.206809584,5.534206584,,,,,0,2,0,0,0,0,0,0,0,0,0,53002,15860,0.88218442256,10.8780849277,9.67155549519,0.773896595208,0.717278424351,0.725600309837,8,29.99,1259580
06105,Trinity,8234265080,2015,4000000,252.206809584,5.534206584,,,,,0,2,0,0,0,0,0,0,0,0,0,53002,15860,0.88218442256,10.8780849277,9.67155549519,0.773896595208,0.717278424351,0.725600309837,8,25.47,1069740
06105,Trinity,8234265080,2016,5000000,315.25851198,5.75655995503,,,,,0,2,0,0,0,0,0,0,0,0,0,53002,15860,0.88218442256,10.8780849277,9.67155549519,0.773896595208,0.717278424351,0.725600309837,8,22.01,924420
06105,Trinity,8234265080,2017,5000000,315.25851198,5.75655995503,,,,,0,2,0,0,0,0,0,0,0,0,0,53002,15860,0.88218442256,10.8780849277,9.67155549519,0.773896595208,0.717278424351,0.725600309837,8,24.37,1023540
06105,Trinity,8234265080,2018,4000000,252.206809584,5.534206584,,,,,0,2,0,0,0,0,0,0,0,0,0,53002,15860,0.88218442256,10.8780849277,9.67155549519,0.773896595208,0.717278424351,0.725600309837,8,28.09,1179780
06105,Trinity,8234265080,2019,4000000,252.206809584,5.534206584,,,,,0,2,0,0,0,0,0,0,0,0,0,53002,15860,0.88218442256,10.8780849277,9.67155549519,0.773896595208,0.717278424351,0.725600309837,8,29.1,1222200
06105,Trinity,8234265080,2020,4000000,252.206809584,5.534206584,,,,,0,2,0,0,0,0,0,0,0,0,0,53002,15860,0.88218442256,10.8780849277,9.67155549519,0.773896595208,0.717278424351,0.725600309837,8,24.79,1041180
06105,Trinity,8234265080,2021,4000000,252.206809584,5.534206584,,,,,0,2,0,0,0,0,0,0,0,0,0,53002,15860,0.88218442256,10.8780849277,9.67155549519,0.773896595208,0.717278424351,0.725600309837,8,32.46,1363320
06105,Trinity,8234265080,2022,3000000,189.155107188,5.24784009275,,,,,0,2,0,0,0,0,1,0,0,0,0,53002,15860,0.88218442256,10.8780849277,9.67155549519,0.773896595208,0.717278424351,0.725600309837,8,42.81,1798020
06105,Trinity,8234265080,2023,3000000,189.155107188,5.24784009275,,,,,0,2,0,0,0,0,1,0,0,0,0,53002,15860,0.88218442256,10.8780849277,9.67155549519,0.773896595208,0.717278424351,0.725600309837,8,38.64,1622880
06105,Trinity,8234265080,2024,4000000,252.206809584,5.534206584,,,,,0,2,0,0,0,0,1,0,0,0,0,53002,15860,0.88218442256,10.8780849277,9.67155549519,0.773896595208,0.717278424351,0.725600309837,8,36.76,1543920
06105,Trinity,8234265080,2025,,,,,,,,0,2,0,0,0,0,1,0,0,0,0,53002,15860,0.88218442256,10.8780849277,9.67155549519,0.773896595208,0.717278424351,0.725600309837,8,,
06107,Tulare,12493840856,2010,132000000,275.750846576,5.62311763058,13.631667,2.68318815249,0.0894403426791,0.0856641172986,7,14,0.146231509548,0.0213836543846,0.145715300898,0.333333333333,0,0,0,0,0,71300,478693,0.839379866615,11.1746516064,13.0788147523,0.254541010627,0.584524599323,0.909120245464,2,24.76,1039920
06107,Tulare,12493840856,2011,139000000,290.373997531,5.67460765687,16.375893,2.85508378581,0.0868666412991,0.0832989155152,7,14,0.146231509548,0.0213836543846,0.145715300898,0.333333333333,0,0,0,0,0,71300,478693,0.839379866615,11.1746516064,13.0788147523,0.254541010627,0.584524599323,0.909120245464,2,30.51,1281420
06107,Tulare,12493840856,2012,142000000,296.641062226,5.69588827135,14.763248,2.75768115457,0.0895364830985,0.085752360935,7,14,0.146231509548,0.0213836543846,0.145715300898,0.333333333333,0,0,0,0,0,71300,478693,0.839379866615,11.1746516064,13.0788147523,0.254541010627,0.584524599323,0.909120245464,2,32.24,1354080
06107,Tulare,12493840856,2013,116000000,242.326501536,5.4944041692,18.398291,2.96518496941,0.08345254764,0.0801527455945,7,14,0.146231509548,0.0213836543846,0.145715300898,0.333333333333,0,0,0,0,0,71300,478693,0.839379866615,11.1746516064,13.0788147523,0.254541010627,0.584524599323,0.909120245464,2,31.08,1305360
06107,Tulare,12493840856,2014,155000000,323.79834257,5.78320450535,17.862097,2.93715445872,0.0807718953035,0.0776755037206,7,14,0.146231509548,0.0213836543846,0.145715300898,0.333333333333,0,0,0,0,0,71300,478693,0.839379866615,11.1746516064,13.0788147523,0.254541010627,0.584524599323,0.909120245464,2,29.99,1259580
06107,Tulare,12493840856,2015,143000000,298.730083791,5.70288234897,16.119231,2.84020245148,0.0863509394363,0.0828243179627,7,14,0.146231509548,0.0213836543846,0.145715300898,0.333333333333,0,0,0,0,0,71300,478693,0.839379866615,11.1746516064,13.0788147523,0.254541010627,0.584524599323,0.909120245464,2,25.47,1069740
06107,Tulare,12493840856,2016,152000000,317.531277875,5.76372067388,14.70678,2.75409246627,0.0864614325734,0.0829260231431,7,14,0.146231509548,0.0213836543846,0.145715300898,0.333333333333,0,0,0,0,0,71300,478693,0.839379866615,11.1746516064,13.0788147523,0.254541010627,0.584524599323,0.909120245464,2,22.01,924420
06107,Tulare,12493840856,2017,167000000,348.86660135,5.85755194283,16.725664,2.87501353293,0.0859233778497,0.0824306645565,7,14,0.146231509548,0.0213836543846,0.145715300898,0.333333333333,0,0,0,0,0,71300,478693,0.839379866615,11.1746516064,13.0788147523,0.254541010627,0.584524599323,0.909120245464,2,24.37,1023540
06107,Tulare,12493840856,2018,168000000,350.955622915,5.86350509639,16.974312,2.88894362749,0.0861889951864,0.0826752350873,7,14,0.146231509548,0.0213836543846,0.145715300898,0.333333333333,0,0,0,0,0,71300,478693,0.839379866615,11.1746516064,13.0788147523,0.254541010627,0.584524599323,0.909120245464,2,28.09,1179780
06107,Tulare,12493840856,2019,174000000,363.489752305,5.89849843666,12.897345,2.6316978147,0.0764706372395,0.0736877613142,7,14,0.146231509548,0.0213836543846,0.145715300898,0.333333333333,0,0,0,0,0,71300,478693,0.839379866615,11.1746516064,13.0788147523,0.254541010627,0.584524599323,0.909120245464,2,29.1,1222200
06107,Tulare,12493840856,2020,149000000,311.26421318,5.74384966656,17.8091176538,2.93434173386,0.0896853347413,0.0858889708403,7,14,0.146231509548,0.0213836543846,0.145715300898,0.333333333333,0,0,0,0,0,71300,478693,0.839379866615,11.1746516064,13.0788147523,0.254541010627,0.584524599323,0.909120245464,2,24.79,1041180
06107,Tulare,12493840856,2021,181000000,378.11290326,5.9378340585,17.9258384314,2.94052810119,0.0920149974745,0.0880246111794,7,14,0.146231509548,0.0213836543846,0.145715300898,0.333333333333,0,0,0,0,0,71300,478693,0.839379866615,11.1746516064,13.0788147523,0.254541010627,0.584524599323,0.909120245464,2,32.46,1363320
06107,Tulare,12493840856,2022,181000000,378.11290326,5.9378340585,10.5318103063,2.44510933031,0.0848439045679,0.0814361098849,7,14,0.146231509548,0.0213836543846,0.145715300898,0.333333333333,1,0,0.146231509548,0.0213836543846,0,71300,478693,0.839379866615,11.1746516064,13.0788147523,0.254541010627,0.584524599323,0.909120245464,2,42.81,1798020
06107,Tulare,12493840856,2023,194000000,405.270183604,6.00701841513,10.9029249599,2.47678416487,0.0834674209017,0.0801664731543,7,14,0.146231509548,0.0213836543846,0.145715300898,0.333333333333,1,0,0.146231509548,0.0213836543846,0,71300,478693,0.839379866615,11.1746516064,13.0788147523,0.254541010627,0.584524599323,0.909120245464,2,38.64,1622880
06107,Tulare,12493840856,2024,168000000,350.955622915,5.86350509639,9.65963167989,2.36646386654,0.0884498729901,0.084754549176,7,14,0.146231509548,0.0213836543846,0.145715300898,0.333333333333,1,0,0.146231509548,0.0213836543846,0,71300,478693,0.839379866615,11.1746516064,13.0788147523,0.254541010627,0.584524599323,0.909120245464,2,36.76,1543920
06107,Tulare,12493840856,2025,,,,6.95909094652,2.07431479064,0.0698473029878,0.0675159308021,7,14,0.146231509548,0.0213836543846,0.145715300898,0.333333333333,1,0,0.146231509548,0.0213836543846,0,71300,478693,0.839379866615,11.1746516064,13.0788147523,0.254541010627,0.584524599323,0.909120245464,2,,
06109,Tuolumne,5752133236,2010,17000000,311.938052773,5.74600525649,,,0.072,0.0695260626486,14,15,2.56890161107,6.59925548735,1.67252093609,0.48275862069,0,0,0,0,0,77404,54498,0.804098721904,11.2567937378,10.9059192827,0.779606591068,0.739136183341,0.836628978433,4,24.76,1039920
06109,Tuolumne,5752133236,2011,16000000,293.588755551,5.68558033477,,,0.074,0.0713899960867,14,15,2.56890161107,6.59925548735,1.67252093609,0.48275862069,0,0,0,0,0,77404,54498,0.804098721904,11.2567937378,10.9059192827,0.779606591068,0.739136183341,0.836628978433,4,30.51,1281420
06109,Tuolumne,5752133236,2012,18000000,330.287349994,5.80298612564,,,0.075,0.0723206615796,14,15,2.56890161107,6.59925548735,1.67252093609,0.48275862069,0,0,0,0,0,77404,54498,0.804098721904,11.2567937378,10.9059192827,0.779606591068,0.739136183341,0.836628978433,4,32.24,1354080
06109,Tuolumne,5752133236,2013,15000000,275.239458329,5.62126809221,,,0.07,0.0676586484738,14,15,2.56890161107,6.59925548735,1.67252093609,0.48275862069,0,0,0,0,0,77404,54498,0.804098721904,11.2567937378,10.9059192827,0.779606591068,0.739136183341,0.836628978433,4,31.08,1305360
06109,Tuolumne,5752133236,2014,21000000,385.33524166,5.95670549425,,,0.075,0.0723206615796,14,15,2.56890161107,6.59925548735,1.67252093609,0.48275862069,0,0,0,0,0,77404,54498,0.804098721904,11.2567937378,10.9059192827,0.779606591068,0.739136183341,0.836628978433,4,29.99,1259580
06109,Tuolumne,5752133236,2015,23000000,422.033836104,6.04745216664,,,0.076,0.0732504617396,14,15,2.56890161107,6.59925548735,1.67252093609,0.48275862069,0,0,0,0,0,77404,54498,0.804098721904,11.2567937378,10.9059192827,0.779606591068,0.739136183341,0.836628978433,4,25.47,1069740
06109,Tuolumne,5752133236,2016,23000000,422.033836104,6.04745216664,,,0.088,0.0843411484338,14,15,2.56890161107,6.59925548735,1.67252093609,0.48275862069,0,0,0,0,0,77404,54498,0.804098721904,11.2567937378,10.9059192827,0.779606591068,0.739136183341,0.836628978433,4,22.01,924420
06109,Tuolumne,5752133236,2017,25000000,458.732430548,6.13064464752,,,0.077,0.0741793981743,14,15,2.56890161107,6.59925548735,1.67252093609,0.48275862069,0,0,0,0,0,77404,54498,0.804098721904,11.2567937378,10.9059192827,0.779606591068,0.739136183341,0.836628978433,4,24.37,1023540
06109,Tuolumne,5752133236,2018,25000000,458.732430548,6.13064464752,,,0.07986117717,0.0768324932168,14,15,2.56890161107,6.59925548735,1.67252093609,0.48275862069,0,0,0,0,0,77404,54498,0.804098721904,11.2567937378,10.9059192827,0.779606591068,0.739136183341,0.836628978433,4,28.09,1179780
06109,Tuolumne,5752133236,2019,23000000,422.033836104,6.04745216664,,,0.0682615833012,0.0660326387326,14,15,2.56890161107,6.59925548735,1.67252093609,0.48275862069,0,0,0,0,0,77404,54498,0.804098721904,11.2567937378,10.9059192827,0.779606591068,0.739136183341,0.836628978433,4,29.1,1222200
06109,Tuolumne,5752133236,2020,20000000,366.985944438,5.90804474298,,,0.0750755199256,0.0723909102058,14,15,2.56890161107,6.59925548735,1.67252093609,0.48275862069,0,0,0,0,0,77404,54498,0.804098721904,11.2567937378,10.9059192827,0.779606591068,0.739136183341,0.836628978433,4,24.79,1041180
06109,Tuolumne,5752133236,2021,19000000,348.636647216,5.85689446442,,,0.068,0.065787740538,14,15,2.56890161107,6.59925548735,1.67252093609,0.48275862069,0,0,0,0,0,77404,54498,0.804098721904,11.2567937378,10.9059192827,0.779606591068,0.739136183341,0.836628978433,4,32.46,1363320
06109,Tuolumne,5752133236,2022,20000000,366.985944438,5.90804474298,,,0.061,0.0592118596318,14,15,2.56890161107,6.59925548735,1.67252093609,0.48275862069,1,0,2.56890161107,6.59925548735,0,77404,54498,0.804098721904,11.2567937378,10.9059192827,0.779606591068,0.739136183341,0.836628978433,4,42.81,1798020
06109,Tuolumne,5752133236,2023,21000000,385.33524166,5.95670549425,,,0.067,0.0648509723196,14,15,2.56890161107,6.59925548735,1.67252093609,0.48275862069,1,0,2.56890161107,6.59925548735,0,77404,54498,0.804098721904,11.2567937378,10.9059192827,0.779606591068,0.739136183341,0.836628978433,4,38.64,1622880
06109,Tuolumne,5752133236,2024,19000000,348.636647216,5.85689446442,,,0.071,0.0685927914656,14,15,2.56890161107,6.59925548735,1.67252093609,0.48275862069,1,0,2.56890161107,6.59925548735,0,77404,54498,0.804098721904,11.2567937378,10.9059192827,0.779606591068,0.739136183341,0.836628978433,4,36.76,1543920
06109,Tuolumne,5752133236,2025,,,,,,0.063,0.0610950993598,14,15,2.56890161107,6.59925548735,1.67252093609,0.48275862069,1,0,2.56890161107,6.59925548735,0,77404,54498,0.804098721904,11.2567937378,10.9059192827,0.779606591068,0.739136183341,0.836628978433,4,,
06111,Ventura,4767585000,2010,345000000,411.955547011,6.02333995281,8.59905221801,2.26166436631,0.0722394728645,0.0697494265672,119,266,1.42094811868,2.01909355597,1.15009787053,0.309090909091,0,0,0,0,0,109797,837469,0.647938364959,11.6063884853,13.6381395271,0.419487766114,0.645737623056,0.804547745338,2,24.76,1039920
06111,Ventura,4767585000,2011,335000000,400.014806518,5.99399835061,8.64430999274,2.26636810339,0.0727795303218,0.0702529721934,119,266,1.42094811868,2.01909355597,1.15009787053,0.309090909091,0,0,0,0,0,109797,837469,0.647938364959,11.6063884853,13.6381395271,0.419487766114,0.645737623056,0.804547745338,2,30.51,1281420
06111,Ventura,4767585000,2012,310000000,370.162955286,5.91664119875,9.33756397269,2.33578424874,0.0711772968033,0.0687583209986,119,266,1.42094811868,2.01909355597,1.15009787053,0.309090909091,0,0,0,0,0,109797,837469,0.647938364959,11.6063884853,13.6381395271,0.419487766114,0.645737623056,0.804547745338,2,32.24,1354080
06111,Ventura,4767585000,2013,314000000,374.939251483,5.92942756513,8.69270061875,2.2713730887,0.0698584342631,0.0675263352938,119,266,1.42094811868,2.01909355597,1.15009787053,0.309090909091,0,0,0,0,0,109797,837469,0.647938364959,11.6063884853,13.6381395271,0.419487766114,0.645737623056,0.804547745338,2,31.08,1305360
06111,Ventura,4767585000,2014,358000000,427.478509652,6.06024058428,8.85693528116,2.28817529689,0.075601824122,0.0728803413222,119,266,1.42094811868,2.01909355597,1.15009787053,0.309090909091,0,0,0,0,0,109797,837469,0.647938364959,11.6063884853,13.6381395271,0.419487766114,0.645737623056,0.804547745338,2,29.99,1259580
06111,Ventura,4767585000,2015,321000000,383.297769828,5.95141769435,8.29981101228,2.22999407869,0.0688048157917,0.0665410295832,119,266,1.42094811868,2.01909355597,1.15009787053,0.309090909091,0,0,0,0,0,109797,837469,0.647938364959,11.6063884853,13.6381395271,0.419487766114,0.645737623056,0.804547745338,2,25.47,1069740
06111,Ventura,4767585000,2016,330000000,394.044436272,5.97899825546,8.74354766119,2.2766052876,0.0705886457557,0.0682086334246,119,266,1.42094811868,2.01909355597,1.15009787053,0.309090909091,0,0,0,0,0,109797,837469,0.647938364959,11.6063884853,13.6381395271,0.419487766114,0.645737623056,0.804547745338,2,22.01,924420
06111,Ventura,4767585000,2017,338000000,403.597028666,6.00289158083,9.69661634178,2.36992746172,0.0736038672434,0.0710210893556,119,266,1.42094811868,2.01909355597,1.15009787053,0.309090909091,0,0,0,0,0,109797,837469,0.647938364959,11.6063884853,13.6381395271,0.419487766114,0.645737623056,0.804547745338,2,24.37,1023540
06111,Ventura,4767585000,2018,342000000,408.373324863,6.01462751444,9.0607141019,2.30863814644,0.0662070699764,0.0641075563885,119,266,1.42094811868,2.01909355597,1.15009787053,0.309090909091,0,0,0,0,0,109797,837469,0.647938364959,11.6063884853,13.6381395271,0.419487766114,0.645737623056,0.804547745338,2,28.09,1179780
06111,Ventura,4767585000,2019,329000000,392.850362222,5.97597104585,6.64724703529,2.0343457184,0.0666212863039,0.0644959761424,119,266,1.42094811868,2.01909355597,1.15009787053,0.309090909091,0,0,0,0,0,109797,837469,0.647938364959,11.6063884853,13.6381395271,0.419487766114,0.645737623056,0.804547745338,2,29.1,1222200
06111,Ventura,4767585000,2020,262000000,312.847400919,5.74890688344,7.35879090863,2.12331378848,0.0769073983551,0.0740934133775,119,266,1.42094811868,2.01909355597,1.15009787053,0.309090909091,0,0,0,0,0,109797,837469,0.647938364959,11.6063884853,13.6381395271,0.419487766114,0.645737623056,0.804547745338,2,24.79,1041180
06111,Ventura,4767585000,2021,294000000,351.057770497,5.86379528286,7.36361914185,2.12389124512,0.0657962744516,0.0637221953326,119,266,1.42094811868,2.01909355597,1.15009787053,0.309090909091,0,0,0,0,0,109797,837469,0.647938364959,11.6063884853,13.6381395271,0.419487766114,0.645737623056,0.804547745338,2,32.46,1363320
06111,Ventura,4767585000,2022,303000000,361.80443694,5.89386394788,6.84549263848,2.0599391807,0.069594535399,0.0672796377789,119,266,1.42094811868,2.01909355597,1.15009787053,0.309090909091,1,0,1.42094811868,2.01909355597,0,109797,837469,0.647938364959,11.6063884853,13.6381395271,0.419487766114,0.645737623056,0.804547745338,2,42.81,1798020
06111,Ventura,4767585000,2023,302000000,360.610362891,5.89056728654,5.86200956402,1.9260003382,0.0657770930943,0.0637041979627,119,266,1.42094811868,2.01909355597,1.15009787053,0.309090909091,1,0,1.42094811868,2.01909355597,0,109797,837469,0.647938364959,11.6063884853,13.6381395271,0.419487766114,0.645737623056,0.804547745338,2,38.64,1622880
06111,Ventura,4767585000,2024,291000000,347.475548349,5.85356806518,5.96505543846,1.94090556678,0.0654012761971,0.0633515133573,119,266,1.42094811868,2.01909355597,1.15009787053,0.309090909091,1,0,1.42094811868,2.01909355597,0,109797,837469,0.647938364959,11.6063884853,13.6381395271,0.419487766114,0.645737623056,0.804547745338,2,36.76,1543920
06111,Ventura,4767585000,2025,,,,6.61826728751,2.03054895375,0.0643471084793,0.0623615674918,119,266,1.42094811868,2.01909355597,1.15009787053,0.309090909091,1,0,1.42094811868,2.01909355597,0,109797,837469,0.647938364959,11.6063884853,13.6381395271,0.419487766114,0.645737623056,0.804547745338,2,,
06113,Yolo,2623627933,2010,100000000,453.383145028,6.11894077391,5.676667,1.89861891093,0.0673933870481,0.0652195895154,44,152,1.99488583812,3.97956950715,1.44134601032,0.224489795918,0,0,0,0,0,91752,220564,0.714419829711,11.426844564,12.3039431812,0.417842440289,0.542904828342,0.693092882097,1,24.76,1039920
06113,Yolo,2623627933,2011,87000000,394.443336175,5.98000750558,7.466102,2.13607019022,0.0689849076019,0.0667095137037,44,152,1.99488583812,3.97956950715,1.44134601032,0.224489795918,0,0,0,0,0,91752,220564,0.714419829711,11.426844564,12.3039431812,0.417842440289,0.542904828342,0.693092882097,1,30.51,1281420
06113,Yolo,2623627933,2012,87000000,394.443336175,5.98000750558,6.470968,2.01102457576,0.0730106462578,0.0704683855544,44,152,1.99488583812,3.97956950715,1.44134601032,0.224489795918,0,0,0,0,0,91752,220564,0.714419829711,11.426844564,12.3039431812,0.417842440289,0.542904828342,0.693092882097,1,32.24,1354080
06113,Yolo,2623627933,2013,96000000,435.247819227,6.0782104746,7.191228,2.10306382558,0.0615122205663,0.0596945146397,44,152,1.99488583812,3.97956950715,1.44134601032,0.224489795918,0,0,0,0,0,91752,220564,0.714419829711,11.426844564,12.3039431812,0.417842440289,0.542904828342,0.693092882097,1,31.08,1305360
06113,Yolo,2623627933,2014,90000000,408.044830525,6.01382476012,5.885965,1.92948528213,0.0655085068206,0.0634521564013,44,152,1.99488583812,3.97956950715,1.44134601032,0.224489795918,0,0,0,0,0,91752,220564,0.714419829711,11.426844564,12.3039431812,0.417842440289,0.542904828342,0.693092882097,1,29.99,1259580
06113,Yolo,2623627933,2015,103000000,466.984639379,6.14843547354,7.625424,2.15471412113,0.0675036604775,0.0653228951335,44,152,1.99488583812,3.97956950715,1.44134601032,0.224489795918,0,0,0,0,0,91752,220564,0.714419829711,11.426844564,12.3039431812,0.417842440289,0.542904828342,0.693092882097,1,25.47,1069740
06113,Yolo,2623627933,2016,110000000,498.721459531,6.21405086226,6.316667,1.99015489641,0.0675763004533,0.0653909394008,44,152,1.99488583812,3.97956950715,1.44134601032,0.224489795918,0,0,0,0,0,91752,220564,0.714419829711,11.426844564,12.3039431812,0.417842440289,0.542904828342,0.693092882097,1,22.01,924420
06113,Yolo,2623627933,2017,113000000,512.322953882,6.24090518682,8.66,2.26799364822,0.0635246902415,0.0615885714126,44,152,1.99488583812,3.97956950715,1.44134601032,0.224489795918,0,0,0,0,0,91752,220564,0.714419829711,11.426844564,12.3039431812,0.417842440289,0.542904828342,0.693092882097,1,24.37,1023540
06113,Yolo,2623627933,2018,110000000,498.721459531,6.21405086226,12.9,2.63188884014,0.0660381367828,0.0639491006973,44,152,1.99488583812,3.97956950715,1.44134601032,0.224489795918,0,0,0,0,0,91752,220564,0.714419829711,11.426844564,12.3039431812,0.417842440289,0.542904828342,0.693092882097,1,28.09,1179780
06113,Yolo,2623627933,2019,114000000,516.856785332,6.24969872784,7.715094,2.16505646491,0.0639401081568,0.0619791000089,44,152,1.99488583812,3.97956950715,1.44134601032,0.224489795918,0,0,0,0,0,91752,220564,0.714419829711,11.426844564,12.3039431812,0.417842440289,0.542904828342,0.693092882097,1,29.1,1222200
06113,Yolo,2623627933,2020,91000000,412.578661976,6.0248477309,14.672727,2.75192206803,0.0644576985201,0.0624654662059,44,152,1.99488583812,3.97956950715,1.44134601032,0.224489795918,0,0,0,0,0,91752,220564,0.714419829711,11.426844564,12.3039431812,0.417842440289,0.542904828342,0.693092882097,1,24.79,1041180
06113,Yolo,2623627933,2021,101000000,457.916976478,6.12886931457,7.11614380717,2.09385514078,0.0694822264531,0.0671746308451,44,152,1.99488583812,3.97956950715,1.44134601032,0.224489795918,0,0,0,0,0,91752,220564,0.714419829711,11.426844564,12.3039431812,0.417842440289,0.542904828342,0.693092882097,1,32.46,1363320
06113,Yolo,2623627933,2022,106000000,480.58613373,6.17708510149,8.386441,2.23926620114,0.0628611663967,0.0609644853708,44,152,1.99488583812,3.97956950715,1.44134601032,0.224489795918,1,0,1.99488583812,3.97956950715,0,91752,220564,0.714419829711,11.426844564,12.3039431812,0.417842440289,0.542904828342,0.693092882097,1,42.81,1798020
06113,Yolo,2623627933,2023,99000000,448.849313578,6.10891266797,7.72876553556,2.16662395499,0.0636225013305,0.0616805359833,44,152,1.99488583812,3.97956950715,1.44134601032,0.224489795918,1,0,1.99488583812,3.97956950715,0,91752,220564,0.714419829711,11.426844564,12.3039431812,0.417842440289,0.542904828342,0.693092882097,1,38.64,1622880
06113,Yolo,2623627933,2024,95000000,430.713987777,6.06776330365,7.63493710886,2.15581642829,0.0635060243547,0.0615710202916,44,152,1.99488583812,3.97956950715,1.44134601032,0.224489795918,1,0,1.99488583812,3.97956950715,0,91752,220564,0.714419829711,11.426844564,12.3039431812,0.417842440289,0.542904828342,0.693092882097,1,36.76,1543920
06113,Yolo,2623627933,2025,,,,8.907836,2.29332595921,0.0593593148576,0.0576643054429,44,152,1.99488583812,3.97956950715,1.44134601032,0.224489795918,1,0,1.99488583812,3.97956950715,0,91752,220564,0.714419829711,11.426844564,12.3039431812,0.417842440289,0.542904828342,0.693092882097,1,,
06115,Yuba,1636887866,2010,29000000,343.16683825,5.84112653471,,,,,8,16,0.94666714,0.896178673956,0.843154363765,0.333333333333,0,0,0,0,0,76373,84507,0.821791513882,11.2433845096,11.3445896502,0.489852911593,0.634957220185,0.887181922293,3,24.76,1039920
06115,Yuba,1636887866,2011,30000000,355.0001775,5.87493122945,,,,,8,16,0.94666714,0.896178673956,0.843154363765,0.333333333333,0,0,0,0,0,76373,84507,0.821791513882,11.2433845096,11.3445896502,0.489852911593,0.634957220185,0.887181922293,3,30.51,1281420
06115,Yuba,1636887866,2012,26000000,307.6668205,5.73226244436,,,,,8,16,0.94666714,0.896178673956,0.843154363765,0.333333333333,0,0,0,0,0,76373,84507,0.821791513882,11.2433845096,11.3445896502,0.489852911593,0.634957220185,0.887181922293,3,32.24,1354080
06115,Yuba,1636887866,2013,30000000,355.0001775,5.87493122945,,,,,8,16,0.94666714,0.896178673956,0.843154363765,0.333333333333,0,0,0,0,0,76373,84507,0.821791513882,11.2433845096,11.3445896502,0.489852911593,0.634957220185,0.887181922293,3,31.08,1305360
06115,Yuba,1636887866,2014,20000000,236.666785,5.47086962964,,,,,8,16,0.94666714,0.896178673956,0.843154363765,0.333333333333,0,0,0,0,0,76373,84507,0.821791513882,11.2433845096,11.3445896502,0.489852911593,0.634957220185,0.887181922293,3,29.99,1259580
06115,Yuba,1636887866,2015,30000000,355.0001775,5.87493122945,,,,,8,16,0.94666714,0.896178673956,0.843154363765,0.333333333333,0,0,0,0,0,76373,84507,0.821791513882,11.2433845096,11.3445896502,0.489852911593,0.634957220185,0.887181922293,3,25.47,1069740
06115,Yuba,1636887866,2016,36000000,426.000213,6.05678451206,,,,,8,16,0.94666714,0.896178673956,0.843154363765,0.333333333333,0,0,0,0,0,76373,84507,0.821791513882,11.2433845096,11.3445896502,0.489852911593,0.634957220185,0.887181922293,3,22.01,924420
06115,Yuba,1636887866,2017,34000000,402.3335345,5.99976384868,,,,,8,16,0.94666714,0.896178673956,0.843154363765,0.333333333333,0,0,0,0,0,76373,84507,0.821791513882,11.2433845096,11.3445896502,0.489852911593,0.634957220185,0.887181922293,3,24.37,1023540
06115,Yuba,1636887866,2018,46000000,544.3336055,6.30139772758,,,,,8,16,0.94666714,0.896178673956,0.843154363765,0.333333333333,0,0,0,0,0,76373,84507,0.821791513882,11.2433845096,11.3445896502,0.489852911593,0.634957220185,0.887181922293,3,28.09,1179780
06115,Yuba,1636887866,2019,32000000,378.666856,5.93929417346,,,,,8,16,0.94666714,0.896178673956,0.843154363765,0.333333333333,0,0,0,0,0,76373,84507,0.821791513882,11.2433845096,11.3445896502,0.489852911593,0.634957220185,0.887181922293,3,29.1,1222200
06115,Yuba,1636887866,2020,35000000,414.16687375,6.02868054483,,,,,8,16,0.94666714,0.896178673956,0.843154363765,0.333333333333,0,0,0,0,0,76373,84507,0.821791513882,11.2433845096,11.3445896502,0.489852911593,0.634957220185,0.887181922293,3,24.79,1041180
06115,Yuba,1636887866,2021,40000000,473.33357,6.16191080837,,,,,8,16,0.94666714,0.896178673956,0.843154363765,0.333333333333,0,0,0,0,0,76373,84507,0.821791513882,11.2433845096,11.3445896502,0.489852911593,0.634957220185,0.887181922293,3,32.46,1363320
06115,Yuba,1636887866,2022,36000000,426.000213,6.05678451206,,,,,8,16,0.94666714,0.896178673956,0.843154363765,0.333333333333,1,0,0.94666714,0.896178673956,0,76373,84507,0.821791513882,11.2433845096,11.3445896502,0.489852911593,0.634957220185,0.887181922293,3,42.81,1798020
06115,Yuba,1636887866,2023,34000000,402.3335345,5.99976384868,,,,,8,16,0.94666714,0.896178673956,0.843154363765,0.333333333333,1,0,0.94666714,0.896178673956,0,76373,84507,0.821791513882,11.2433845096,11.3445896502,0.489852911593,0.634957220185,0.887181922293,3,38.64,1622880
06115,Yuba,1636887866,2024,40000000,473.33357,6.16191080837,,,,,8,16,0.94666714,0.896178673956,0.843154363765,0.333333333333,1,0,0.94666714,0.896178673956,0,76373,84507,0.821791513882,11.2433845096,11.3445896502,0.489852911593,0.634957220185,0.887181922293,3,36.76,1543920
06115,Yuba,1636887866,2025,,,,,,,,8,16,0.94666714,0.896178673956,0.843154363765,0.333333333333,1,0,0.94666714,0.896178673956,0,76373,84507,0.821791513882,11.2433845096,11.3445896502,0.489852911593,0.634957220185,0.887181922293,3,,
