fips,county_name,centroid_lat,centroid_lon,year_id,post_nevi,post_obbba,obbba_weight,gasoline_gallons,median_aqi,p90_aqi,max_aqi,days_pm25,days_ozone,pm25_annual_ugm3,n_pm_monitors,o3_dv_ppm,n_o3_monitors,median_hh_income,total_population,log_med_hh_inc,log_population,share_under_150k,share_white_nh,share_hispanic,share_black,share_owner_occupied,share_drove_alone,rucc_code,zev_share,zev_count,total_vehicles,dose_dcfc_pc,dose_l2_pc,share_dcfc,gasoline_pc,log_gasoline_pc,log_pm25,dose_x_post_nevi,dose_sq_x_post_nevi,dose_x_post_obbba,dose_x_post_obbba_w
06001,Alameda,37.647138,-121.912488,2010,0,0,0.000000,620518276.921529,52.000000,72.000000,179.000000,271.000000,86.000000,8.144376,16.000000,0.054750,12.000000,129367,1649473,11.770409,14.315966,0.560256,0.274087,0.234083,0.093446,0.544106,0.608823,1,,,,1.679324,4.716658,0.262559,376.191836,5.930099,2.097328,0.000000,0.000000,0.000000,0.000000
06001,Alameda,37.647138,-121.912488,2011,0,0,0.000000,616088522.753402,53.000000,77.000000,147.000000,279.000000,79.000000,9.278887,16.000000,0.055750,12.000000,129367,1649473,11.770409,14.315966,0.560256,0.274087,0.234083,0.093446,0.544106,0.608823,1,,,,1.679324,4.716658,0.262559,373.506279,5.922935,2.227742,0.000000,0.000000,0.000000,0.000000
06001,Alameda,37.647138,-121.912488,2012,0,0,0.000000,610540314.279113,50.000000,68.000000,161.000000,248.000000,111.000000,8.006298,16.000000,0.052417,12.000000,129367,1649473,11.770409,14.315966,0.560256,0.274087,0.234083,0.093446,0.544106,0.608823,1,,,,1.679324,4.716658,0.262559,370.142654,5.913888,2.080228,0.000000,0.000000,0.000000,0.000000
06001,Alameda,37.647138,-121.912488,2013,0,0,0.000000,610357764.331734,56.000000,81.000000,122.000000,324.000000,37.000000,10.573998,24.000000,0.054667,12.000000,129367,1649473,11.770409,14.315966,0.560256,0.274087,0.234083,0.093446,0.544106,0.608823,1,,,,1.679324,4.716658,0.262559,370.031983,5.913589,2.358398,0.000000,0.000000,0.000000,0.000000
06001,Alameda,37.647138,-121.912488,2014,0,0,0.000000,620007279.817217,52.000000,72.000000,133.000000,271.000000,88.000000,8.498495,32.000000,0.064000,12.000000,129367,1649473,11.770409,14.315966,0.560256,0.274087,0.234083,0.093446,0.544106,0.608823,1,,,,1.679324,4.716658,0.262559,375.882042,5.929275,2.139889,0.000000,0.000000,0.000000,0.000000
06001,Alameda,37.647138,-121.912488,2015,0,0,0.000000,635191442.683842,54.000000,79.000000,147.000000,242.000000,117.000000,9.297683,32.000000,0.061250,12.000000,129367,1649473,11.770409,14.315966,0.560256,0.274087,0.234083,0.093446,0.544106,0.608823,1,,,,1.679324,4.716658,0.262559,385.087505,5.953471,2.229765,0.000000,0.000000,0.000000,0.000000
06001,Alameda,37.647138,-121.912488,2016,0,0,0.000000,648259151.353741,52.000000,74.000000,154.000000,241.000000,123.000000,7.740365,32.000000,0.063200,15.000000,129367,1649473,11.770409,14.315966,0.560256,0.274087,0.234083,0.093446,0.544106,0.608823,1,,,,1.679324,4.716658,0.262559,393.009859,5.973835,2.046449,0.000000,0.000000,0.000000,0.000000
06001,Alameda,37.647138,-121.912488,2017,0,0,0.000000,653118263.166042,56.000000,78.000000,205.000000,308.000000,51.000000,10.335794,40.000000,0.058400,15.000000,129367,1649473,11.770409,14.315966,0.560256,0.274087,0.234083,0.093446,0.544106,0.608823,1,,,,1.679324,4.716658,0.262559,395.955716,5.981302,2.335613,0.000000,0.000000,0.000000,0.000000
06001,Alameda,37.647138,-121.912488,2018,0,0,0.000000,648911343.369055,57.000000,79.000000,248.000000,342.000000,22.000000,12.701784,40.000000,0.052733,15.000000,129367,1649473,11.770409,14.315966,0.560256,0.274087,0.234083,0.093446,0.544106,0.608823,1,,,,1.679324,4.716658,0.262559,393.405253,5.974840,2.541742,0.000000,0.000000,0.000000,0.000000
06001,Alameda,37.647138,-121.912488,2019,0,0,0.000000,612040788.357861,50.000000,67.000000,150.000000,260.000000,94.000000,7.331541,48.000000,0.054000,15.000000,129367,1649473,11.770409,14.315966,0.560256,0.274087,0.234083,0.093446,0.544106,0.608823,1,,,,1.679324,4.716658,0.262559,371.052323,5.916343,1.992186,0.000000,0.000000,0.000000,0.000000
06001,Alameda,37.647138,-121.912488,2020,0,0,0.000000,565593666.465962,52.000000,81.000000,243.000000,273.000000,87.000000,10.972349,48.000000,0.054600,15.000000,129367,1649473,11.770409,14.315966,0.560256,0.274087,0.234083,0.093446,0.544106,0.608823,1,,,,1.679324,4.716658,0.262559,342.893558,5.837420,2.395378,0.000000,0.000000,0.000000,0.000000
06001,Alameda,37.647138,-121.912488,2021,0,0,0.000000,568546206.139252,53.000000,71.000000,151.000000,263.000000,99.000000,8.116972,40.000000,0.057250,12.000000,129367,1649473,11.770409,14.315966,0.560256,0.274087,0.234083,0.093446,0.544106,0.608823,1,,,,1.679324,4.716658,0.262559,344.683548,5.842627,2.093957,0.000000,0.000000,0.000000,0.000000
06001,Alameda,37.647138,-121.912488,2022,1,0,0.000000,578410326.973407,49.000000,70.000000,122.000000,255.000000,108.000000,8.192411,40.000000,0.053083,12.000000,129367,1649473,11.770409,14.315966,0.560256,0.274087,0.234083,0.093446,0.544106,0.608823,1,,,,1.679324,4.716658,0.262559,350.663713,5.859828,2.103208,1.679324,2.820130,0.000000,0.000000
06001,Alameda,37.647138,-121.912488,2023,1,0,0.000000,569352734.310629,48.000000,70.000000,130.000000,219.000000,129.000000,6.939298,48.000000,0.054733,15.000000,129367,1649473,11.770409,14.315966,0.560256,0.274087,0.234083,0.093446,0.544106,0.608823,1,,,,1.679324,4.716658,0.262559,345.172509,5.844044,1.937201,1.679324,2.820130,0.000000,0.000000
06001,Alameda,37.647138,-121.912488,2024,1,0,0.000000,563506769.574423,49.000000,63.000000,105.000000,352.000000,14.000000,6.996816,48.000000,,,129367,1649473,11.770409,14.315966,0.560256,0.274087,0.234083,0.093446,0.544106,0.608823,1,,,,1.679324,4.716658,0.262559,341.628368,5.833724,1.945455,1.679324,2.820130,0.000000,0.000000
06001,Alameda,37.647138,-121.912488,2025,1,0,0.252055,559927879.535455,,,,,,,,,,129367,1649473,11.770409,14.315966,0.560256,0.274087,0.234083,0.093446,0.544106,0.608823,1,0.121816,127216.000000,1044332.000000,1.679324,4.716658,0.262559,339.458651,5.827352,,1.679324,2.820130,0.000000,0.423282
06003,Alpine,38.621783,-119.798352,2010,0,0,0.000000,607926.007583,,,,,,,,,,105521,1616,11.566665,7.387709,0.643678,0.571163,0.133663,0.000000,0.781609,0.761250,8,,,,0.000000,86.633663,0.000000,376.191836,5.930099,,0.000000,0.000000,0.000000,0.000000
06003,Alpine,38.621783,-119.798352,2011,0,0,0.000000,603586.147072,53.000000,62.000000,62.000000,7.000000,0.000000,,,,,105521,1616,11.566665,7.387709,0.643678,0.571163,0.133663,0.000000,0.781609,0.761250,8,,,,0.000000,86.633663,0.000000,373.506279,5.922935,,0.000000,0.000000,0.000000,0.000000
06003,Alpine,38.621783,-119.798352,2012,0,0,0.000000,598150.529215,50.000000,67.000000,111.000000,24.000000,0.000000,,,,,105521,1616,11.566665,7.387709,0.643678,0.571163,0.133663,0.000000,0.781609,0.761250,8,,,,0.000000,86.633663,0.000000,370.142654,5.913888,,0.000000,0.000000,0.000000,0.000000
06003,Alpine,38.621783,-119.798352,2013,0,0,0.000000,597971.683780,47.000000,184.000000,270.000000,32.000000,0.000000,,,,,105521,1616,11.566665,7.387709,0.643678,0.571163,0.133663,0.000000,0.781609,0.761250,8,,,,0.000000,86.633663,0.000000,370.031983,5.913589,,0.000000,0.000000,0.000000,0.000000
06003,Alpine,38.621783,-119.798352,2014,0,0,0.000000,607425.380218,31.000000,53.000000,83.000000,50.000000,0.000000,,,,,105521,1616,11.566665,7.387709,0.643678,0.571163,0.133663,0.000000,0.781609,0.761250,8,,,,0.000000,86.633663,0.000000,375.882042,5.929275,,0.000000,0.000000,0.000000,0.000000
06003,Alpine,38.621783,-119.798352,2015,0,0,0.000000,622301.408618,102.000000,149.000000,177.000000,31.000000,0.000000,,,,,105521,1616,11.566665,7.387709,0.643678,0.571163,0.133663,0.000000,0.781609,0.761250,8,,,,0.000000,86.633663,0.000000,385.087505,5.953471,,0.000000,0.000000,0.000000,0.000000
06003,Alpine,38.621783,-119.798352,2016,0,0,0.000000,635103.932339,29.000000,55.000000,69.000000,24.000000,0.000000,,,,,105521,1616,11.566665,7.387709,0.643678,0.571163,0.133663,0.000000,0.781609,0.761250,8,,,,0.000000,86.633663,0.000000,393.009859,5.973835,,0.000000,0.000000,0.000000,0.000000
06003,Alpine,38.621783,-119.798352,2017,0,0,0.000000,639864.437476,,,,,,,,,,105521,1616,11.566665,7.387709,0.643678,0.571163,0.133663,0.000000,0.781609,0.761250,8,,,,0.000000,86.633663,0.000000,395.955716,5.981302,,0.000000,0.000000,0.000000,0.000000
06003,Alpine,38.621783,-119.798352,2018,0,0,0.000000,635742.889325,,,,,,,,,,105521,1616,11.566665,7.387709,0.643678,0.571163,0.133663,0.000000,0.781609,0.761250,8,,,,0.000000,86.633663,0.000000,393.405253,5.974840,,0.000000,0.000000,0.000000,0.000000
06003,Alpine,38.621783,-119.798352,2019,0,0,0.000000,599620.553950,,,,,,,,,,105521,1616,11.566665,7.387709,0.643678,0.571163,0.133663,0.000000,0.781609,0.761250,8,,,,0.000000,86.633663,0.000000,371.052323,5.916343,,0.000000,0.000000,0.000000,0.000000
06003,Alpine,38.621783,-119.798352,2020,0,0,0.000000,554115.990385,,,,,,,,,,105521,1616,11.566665,7.387709,0.643678,0.571163,0.133663,0.000000,0.781609,0.761250,8,,,,0.000000,86.633663,0.000000,342.893558,5.837420,,0.000000,0.000000,0.000000,0.000000
06003,Alpine,38.621783,-119.798352,2021,0,0,0.000000,557008.613734,,,,,,,,,,105521,1616,11.566665,7.387709,0.643678,0.571163,0.133663,0.000000,0.781609,0.761250,8,,,,0.000000,86.633663,0.000000,344.683548,5.842627,,0.000000,0.000000,0.000000,0.000000
06003,Alpine,38.621783,-119.798352,2022,1,0,0.000000,566672.560502,,,,,,,,,,105521,1616,11.566665,7.387709,0.643678,0.571163,0.133663,0.000000,0.781609,0.761250,8,,,,0.000000,86.633663,0.000000,350.663713,5.859828,,0.000000,0.000000,0.000000,0.000000
06003,Alpine,38.621783,-119.798352,2023,1,0,0.000000,557798.774909,,,,,,,,,,105521,1616,11.566665,7.387709,0.643678,0.571163,0.133663,0.000000,0.781609,0.761250,8,,,,0.000000,86.633663,0.000000,345.172509,5.844044,,0.000000,0.000000,0.000000,0.000000
06003,Alpine,38.621783,-119.798352,2024,1,0,0.000000,552071.443202,,,,,,,,,,105521,1616,11.566665,7.387709,0.643678,0.571163,0.133663,0.000000,0.781609,0.761250,8,,,,0.000000,86.633663,0.000000,341.628368,5.833724,,0.000000,0.000000,0.000000,0.000000
06003,Alpine,38.621783,-119.798352,2025,1,0,0.252055,548565.180109,,,,,,,,,,105521,1616,11.566665,7.387709,0.643678,0.571163,0.133663,0.000000,0.781609,0.761250,8,0.034972,37.000000,1058.000000,0.000000,86.633663,0.000000,339.458651,5.827352,,0.000000,0.000000,0.000000,0.000000
06005,Amador,38.443549,-120.653858,2010,0,0,0.000000,15584875.397357,35.000000,64.000000,151.000000,0.000000,361.000000,,,0.075000,3.000000,88044,41428,11.385592,10.631712,0.772917,0.726151,0.160133,0.019069,0.804238,0.822967,6,,,,1.931061,5.069035,0.275862,376.191836,5.930099,,0.000000,0.000000,0.000000,0.000000
06005,Amador,38.443549,-120.653858,2011,0,0,0.000000,15473618.131748,38.000000,74.000000,119.000000,0.000000,363.000000,,,0.070000,3.000000,88044,41428,11.385592,10.631712,0.772917,0.726151,0.160133,0.019069,0.804238,0.822967,6,,,,1.931061,5.069035,0.275862,373.506279,5.922935,,0.000000,0.000000,0.000000,0.000000
06005,Amador,38.443549,-120.653858,2012,0,0,0.000000,15334269.878898,40.000000,90.000000,156.000000,0.000000,363.000000,,,0.078000,3.000000,88044,41428,11.385592,10.631712,0.772917,0.726151,0.160133,0.019069,0.804238,0.822967,6,,,,1.931061,5.069035,0.275862,370.142654,5.913888,,0.000000,0.000000,0.000000,0.000000
06005,Amador,38.443549,-120.653858,2013,0,0,0.000000,15329684.972555,38.000000,61.000000,108.000000,0.000000,365.000000,,,0.066000,3.000000,88044,41428,11.385592,10.631712,0.772917,0.726151,0.160133,0.019069,0.804238,0.822967,6,,,,1.931061,5.069035,0.275862,370.031983,5.913589,,0.000000,0.000000,0.000000,0.000000
06005,Amador,38.443549,-120.653858,2014,0,0,0.000000,15572041.244851,42.000000,80.000000,133.000000,0.000000,359.000000,,,0.074000,3.000000,88044,41428,11.385592,10.631712,0.772917,0.726151,0.160133,0.019069,0.804238,0.822967,6,,,,1.931061,5.069035,0.275862,375.882042,5.929275,,0.000000,0.000000,0.000000,0.000000
06005,Amador,38.443549,-120.653858,2015,0,0,0.000000,15953405.170928,41.000000,67.000000,140.000000,0.000000,364.000000,,,0.074000,3.000000,88044,41428,11.385592,10.631712,0.772917,0.726151,0.160133,0.019069,0.804238,0.822967,6,,,,1.931061,5.069035,0.275862,385.087505,5.953471,,0.000000,0.000000,0.000000,0.000000
06005,Amador,38.443549,-120.653858,2016,0,0,0.000000,16281612.443661,37.000000,64.000000,115.000000,0.000000,366.000000,,,0.071000,3.000000,88044,41428,11.385592,10.631712,0.772917,0.726151,0.160133,0.019069,0.804238,0.822967,6,,,,1.931061,5.069035,0.275862,393.009859,5.973835,,0.000000,0.000000,0.000000,0.000000
06005,Amador,38.443549,-120.653858,2017,0,0,0.000000,16403653.413207,38.000000,64.000000,136.000000,0.000000,362.000000,,,0.071000,3.000000,88044,41428,11.385592,10.631712,0.772917,0.726151,0.160133,0.019069,0.804238,0.822967,6,,,,1.931061,5.069035,0.275862,395.955716,5.981302,,0.000000,0.000000,0.000000,0.000000
06005,Amador,38.443549,-120.653858,2018,0,0,0.000000,16297992.833525,40.000000,71.000000,129.000000,0.000000,364.000000,,,0.075000,3.000000,88044,41428,11.385592,10.631712,0.772917,0.726151,0.160133,0.019069,0.804238,0.822967,6,,,,1.931061,5.069035,0.275862,393.405253,5.974840,,0.000000,0.000000,0.000000,0.000000
06005,Amador,38.443549,-120.653858,2019,0,0,0.000000,15371955.636794,39.000000,51.000000,115.000000,0.000000,355.000000,,,0.067000,3.000000,88044,41428,11.385592,10.631712,0.772917,0.726151,0.160133,0.019069,0.804238,0.822967,6,,,,1.931061,5.069035,0.275862,371.052323,5.916343,,0.000000,0.000000,0.000000,0.000000
06005,Amador,38.443549,-120.653858,2020,0,0,0.000000,14205394.337677,37.000000,50.000000,156.000000,0.000000,359.000000,,,0.064333,3.000000,88044,41428,11.385592,10.631712,0.772917,0.726151,0.160133,0.019069,0.804238,0.822967,6,,,,1.931061,5.069035,0.275862,342.893558,5.837420,,0.000000,0.000000,0.000000,0.000000
06005,Amador,38.443549,-120.653858,2021,0,0,0.000000,14279550.030790,37.000000,67.000000,133.000000,0.000000,365.000000,,,0.071000,3.000000,88044,41428,11.385592,10.631712,0.772917,0.726151,0.160133,0.019069,0.804238,0.822967,6,,,,1.931061,5.069035,0.275862,344.683548,5.842627,,0.000000,0.000000,0.000000,0.000000
06005,Amador,38.443549,-120.653858,2022,1,0,0.000000,14527296.309703,36.000000,50.000000,112.000000,0.000000,364.000000,,,0.064000,3.000000,88044,41428,11.385592,10.631712,0.772917,0.726151,0.160133,0.019069,0.804238,0.822967,6,,,,1.931061,5.069035,0.275862,350.663713,5.859828,,1.931061,3.728997,0.000000,0.000000
06005,Amador,38.443549,-120.653858,2023,1,0,0.000000,14299806.712217,36.000000,48.000000,80.000000,0.000000,360.000000,,,0.062000,3.000000,88044,41428,11.385592,10.631712,0.772917,0.726151,0.160133,0.019069,0.804238,0.822967,6,,,,1.931061,5.069035,0.275862,345.172509,5.844044,,1.931061,3.728997,0.000000,0.000000
06005,Amador,38.443549,-120.653858,2024,1,0,0.000000,14152980.042674,40.000000,74.000000,143.000000,0.000000,359.000000,,,0.072000,3.000000,88044,41428,11.385592,10.631712,0.772917,0.726151,0.160133,0.019069,0.804238,0.822967,6,,,,1.931061,5.069035,0.275862,341.628368,5.833724,,1.931061,3.728997,0.000000,0.000000
06005,Amador,38.443549,-120.653858,2025,1,0,0.252055,14063092.996002,40.000000,58.000000,97.000000,0.000000,211.000000,,,,,88044,41428,11.385592,10.631712,0.772917,0.726151,0.160133,0.019069,0.804238,0.822967,6,0.022900,601.000000,26244.000000,1.931061,5.069035,0.275862,339.458651,5.827352,,1.931061,3.728997,0.000000,0.486733
06007,Butte,39.665336,-121.603209,2010,0,0,0.000000,78221192.345686,53.000000,84.000000,126.000000,149.000000,216.000000,,,0.070500,6.000000,67928,207929,11.126204,12.244952,0.814865,0.651184,0.200357,0.017448,0.572751,0.813100,3,,,,1.106147,1.106147,0.500000,376.191836,5.930099,,0.000000,0.000000,0.000000,0.000000
06007,Butte,39.665336,-121.603209,2011,0,0,0.000000,77662787.112970,60.000000,90.000000,149.000000,235.000000,130.000000,,,0.071000,6.000000,67928,207929,11.126204,12.244952,0.814865,0.651184,0.200357,0.017448,0.572751,0.813100,3,,,,1.106147,1.106147,0.500000,373.506279,5.922935,,0.000000,0.000000,0.000000,0.000000
06007,Butte,39.665336,-121.603209,2012,0,0,0.000000,76963391.948666,57.000000,97.000000,199.000000,182.000000,184.000000,,,0.078000,3.000000,67928,207929,11.126204,12.244952,0.814865,0.651184,0.200357,0.017448,0.572751,0.813100,3,,,,1.106147,1.106147,0.500000,370.142654,5.913888,,0.000000,0.000000,0.000000,0.000000
06007,Butte,39.665336,-121.603209,2013,0,0,0.000000,76940380.096997,59.000000,90.000000,169.000000,205.000000,160.000000,,,0.067333,6.000000,67928,207929,11.126204,12.244952,0.814865,0.651184,0.200357,0.017448,0.572751,0.813100,3,,,,1.106147,1.106147,0.500000,370.031983,5.913589,,0.000000,0.000000,0.000000,0.000000
06007,Butte,39.665336,-121.603209,2014,0,0,0.000000,78156777.155561,57.000000,84.000000,156.000000,184.000000,181.000000,,,0.070000,6.000000,67928,207929,11.126204,12.244952,0.814865,0.651184,0.200357,0.017448,0.572751,0.813100,3,,,,1.106147,1.106147,0.500000,375.882042,5.929275,,0.000000,0.000000,0.000000,0.000000
06007,Butte,39.665336,-121.603209,2015,0,0,0.000000,80070859.896348,55.000000,84.000000,153.000000,166.000000,198.000000,,,0.071000,6.000000,67928,207929,11.126204,12.244952,0.814865,0.651184,0.200357,0.017448,0.572751,0.813100,3,,,,1.106147,1.106147,0.500000,385.087505,5.953471,,0.000000,0.000000,0.000000,0.000000
06007,Butte,39.665336,-121.603209,2016,0,0,0.000000,81718146.997151,57.000000,87.000000,127.000000,223.000000,143.000000,,,0.072000,6.000000,67928,207929,11.126204,12.244952,0.814865,0.651184,0.200357,0.017448,0.572751,0.813100,3,,,,1.106147,1.106147,0.500000,393.009859,5.973835,,0.000000,0.000000,0.000000,0.000000
06007,Butte,39.665336,-121.603209,2017,0,0,0.000000,82330676.126164,59.000000,95.000000,155.000000,213.000000,150.000000,,,0.071500,6.000000,67928,207929,11.126204,12.244952,0.814865,0.651184,0.200357,0.017448,0.572751,0.813100,3,,,,1.106147,1.106147,0.500000,395.955716,5.981302,,0.000000,0.000000,0.000000,0.000000
06007,Butte,39.665336,-121.603209,2018,0,0,0.000000,81800360.912476,59.000000,104.000000,682.000000,216.000000,148.000000,,,0.075167,12.000000,67928,207929,11.126204,12.244952,0.814865,0.651184,0.200357,0.017448,0.572751,0.813100,3,,,,1.106147,1.106147,0.500000,393.405253,5.974840,,0.000000,0.000000,0.000000,0.000000
06007,Butte,39.665336,-121.603209,2019,0,0,0.000000,77152538.466808,51.000000,71.000000,180.000000,243.000000,121.000000,,,0.061167,6.000000,67928,207929,11.126204,12.244952,0.814865,0.651184,0.200357,0.017448,0.572751,0.813100,3,,,,1.106147,1.106147,0.500000,371.052323,5.916343,,0.000000,0.000000,0.000000,0.000000
06007,Butte,39.665336,-121.603209,2020,0,0,0.000000,71297514.705970,54.000000,110.000000,508.000000,204.000000,159.000000,16.073259,8.000000,0.070500,12.000000,67928,207929,11.126204,12.244952,0.814865,0.651184,0.200357,0.017448,0.572751,0.813100,3,,,,1.106147,1.106147,0.500000,342.893558,5.837420,2.777157,0.000000,0.000000,0.000000,0.000000
06007,Butte,39.665336,-121.603209,2021,0,0,0.000000,71669705.473402,53.000000,90.000000,257.000000,185.000000,177.000000,11.124722,8.000000,0.070500,6.000000,67928,207929,11.126204,12.244952,0.814865,0.651184,0.200357,0.017448,0.572751,0.813100,3,,,,1.106147,1.106147,0.500000,344.683548,5.842627,2.409170,0.000000,0.000000,0.000000,0.000000
06007,Butte,39.665336,-121.603209,2022,1,0,0.000000,72913155.218214,50.000000,77.000000,119.000000,126.000000,239.000000,7.725284,8.000000,0.066167,6.000000,67928,207929,11.126204,12.244952,0.814865,0.651184,0.200357,0.017448,0.572751,0.813100,3,,,,1.106147,1.106147,0.500000,350.663713,5.859828,2.044499,1.106147,1.223561,0.000000,0.000000
06007,Butte,39.665336,-121.603209,2023,1,0,0.000000,71771374.670864,50.000000,71.000000,100.000000,158.000000,202.000000,7.872467,24.000000,0.064750,12.000000,67928,207929,11.126204,12.244952,0.814865,0.651184,0.200357,0.017448,0.572751,0.813100,3,,,,1.106147,1.106147,0.500000,345.172509,5.844044,2.063371,1.106147,1.223561,0.000000,0.000000
06007,Butte,39.665336,-121.603209,2024,1,0,0.000000,71034444.995972,46.000000,71.000000,213.000000,115.000000,243.000000,6.929462,8.000000,0.065500,6.000000,67928,207929,11.126204,12.244952,0.814865,0.651184,0.200357,0.017448,0.572751,0.813100,3,,,,1.106147,1.106147,0.500000,341.628368,5.833724,1.935782,1.106147,1.223561,0.000000,0.000000
06007,Butte,39.665336,-121.603209,2025,1,0,0.252055,70583297.855695,47.000000,59.000000,96.000000,106.000000,139.000000,,,,,67928,207929,11.126204,12.244952,0.814865,0.651184,0.200357,0.017448,0.572751,0.813100,3,0.025102,3327.000000,132539.000000,1.106147,1.106147,0.500000,339.458651,5.827352,,1.106147,1.223561,0.000000,0.278810
06009,Calaveras,38.191068,-120.554107,2010,0,0,0.000000,17398120.048686,44.000000,84.000000,154.000000,75.000000,290.000000,,,0.079000,3.000000,78647,46248,11.272725,10.741773,0.778380,0.764076,0.144914,0.009882,0.839616,0.792488,6,,,,2.594707,1.513579,0.631579,376.191836,5.930099,,0.000000,0.000000,0.000000,0.000000
06009,Calaveras,38.191068,-120.554107,2011,0,0,0.000000,17273918.397148,52.000000,87.000000,143.000000,168.000000,196.000000,9.191117,8.000000,0.075000,3.000000,78647,46248,11.272725,10.741773,0.778380,0.764076,0.144914,0.009882,0.839616,0.792488,6,,,,2.594707,1.513579,0.631579,373.506279,5.922935,2.218237,0.000000,0.000000,0.000000,0.000000
06009,Calaveras,38.191068,-120.554107,2012,0,0,0.000000,17118357.472223,47.000000,87.000000,156.000000,115.000000,250.000000,6.960833,8.000000,0.076000,3.000000,78647,46248,11.272725,10.741773,0.778380,0.764076,0.144914,0.009882,0.839616,0.792488,6,,,,2.594707,1.513579,0.631579,370.142654,5.913888,1.940299,0.000000,0.000000,0.000000,0.000000
06009,Calaveras,38.191068,-120.554107,2013,0,0,0.000000,17113239.128385,51.000000,66.000000,119.000000,201.000000,163.000000,9.176791,8.000000,0.067000,3.000000,78647,46248,11.272725,10.741773,0.778380,0.764076,0.144914,0.009882,0.839616,0.792488,6,,,,2.594707,1.513579,0.631579,370.031983,5.913589,2.216678,0.000000,0.000000,0.000000,0.000000
06009,Calaveras,38.191068,-120.554107,2014,0,0,0.000000,17383792.688323,47.000000,71.000000,115.000000,137.000000,224.000000,7.899715,8.000000,0.071000,3.000000,78647,46248,11.272725,10.741773,0.778380,0.764076,0.144914,0.009882,0.839616,0.792488,6,,,,2.594707,1.513579,0.631579,375.882042,5.929275,2.066827,0.000000,0.000000,0.000000,0.000000
06009,Calaveras,38.191068,-120.554107,2015,0,0,0.000000,17809526.946632,47.000000,90.000000,390.000000,115.000000,250.000000,8.703014,8.000000,0.081000,3.000000,78647,46248,11.272725,10.741773,0.778380,0.764076,0.144914,0.009882,0.839616,0.792488,6,,,,2.594707,1.513579,0.631579,385.087505,5.953471,2.163669,0.000000,0.000000,0.000000,0.000000
06009,Calaveras,38.191068,-120.554107,2016,0,0,0.000000,18175919.964624,49.000000,87.000000,150.000000,125.000000,240.000000,8.036705,8.000000,0.077000,3.000000,78647,46248,11.272725,10.741773,0.778380,0.764076,0.144914,0.009882,0.839616,0.792488,6,,,,2.594707,1.513579,0.631579,393.009859,5.973835,2.084019,0.000000,0.000000,0.000000,0.000000
06009,Calaveras,38.191068,-120.554107,2017,0,0,0.000000,18312159.965579,57.000000,87.000000,172.000000,155.000000,198.000000,,,0.078000,3.000000,78647,46248,11.272725,10.741773,0.778380,0.764076,0.144914,0.009882,0.839616,0.792488,6,,,,2.594707,1.513579,0.631579,395.955716,5.981302,,0.000000,0.000000,0.000000,0.000000
06009,Calaveras,38.191068,-120.554107,2018,0,0,0.000000,18194206.154409,58.000000,87.000000,160.000000,293.000000,71.000000,14.665546,8.000000,0.073444,9.000000,78647,46248,11.272725,10.741773,0.778380,0.764076,0.144914,0.009882,0.839616,0.792488,6,,,,2.594707,1.513579,0.631579,393.405253,5.974840,2.685501,0.000000,0.000000,0.000000,0.000000
06009,Calaveras,38.191068,-120.554107,2019,0,0,0.000000,17160427.833602,43.000000,60.000000,108.000000,62.000000,297.000000,5.460947,8.000000,0.066000,3.000000,78647,46248,11.272725,10.741773,0.778380,0.764076,0.144914,0.009882,0.839616,0.792488,6,,,,2.594707,1.513579,0.631579,371.052323,5.916343,1.697622,0.000000,0.000000,0.000000,0.000000
06009,Calaveras,38.191068,-120.554107,2020,0,0,0.000000,15858141.289198,48.000000,79.000000,210.000000,177.000000,182.000000,12.741040,8.000000,0.073000,3.000000,78647,46248,11.272725,10.741773,0.778380,0.764076,0.144914,0.009882,0.839616,0.792488,6,,,,2.594707,1.513579,0.631579,342.893558,5.837420,2.544828,0.000000,0.000000,0.000000,0.000000
06009,Calaveras,38.191068,-120.554107,2021,0,0,0.000000,15940924.732644,46.000000,77.000000,178.000000,148.000000,216.000000,8.445304,8.000000,0.072000,3.000000,78647,46248,11.272725,10.741773,0.778380,0.764076,0.144914,0.009882,0.839616,0.792488,6,,,,2.594707,1.513579,0.631579,344.683548,5.842627,2.133611,0.000000,0.000000,0.000000,0.000000
06009,Calaveras,38.191068,-120.554107,2022,1,0,0.000000,16217495.407240,41.000000,58.000000,115.000000,126.000000,237.000000,6.037746,8.000000,0.061000,3.000000,78647,46248,11.272725,10.741773,0.778380,0.764076,0.144914,0.009882,0.839616,0.792488,6,,,,2.594707,1.513579,0.631579,350.663713,5.859828,1.798031,2.594707,6.732503,0.000000,0.000000
06009,Calaveras,38.191068,-120.554107,2023,1,0,0.000000,15963538.206687,40.000000,56.000000,101.000000,87.000000,277.000000,5.540730,8.000000,0.065000,3.000000,78647,46248,11.272725,10.741773,0.778380,0.764076,0.144914,0.009882,0.839616,0.792488,6,,,,2.594707,1.513579,0.631579,345.172509,5.844044,1.712126,2.594707,6.732503,0.000000,0.000000
06009,Calaveras,38.191068,-120.554107,2024,1,0,0.000000,15799628.777966,42.000000,74.000000,129.000000,86.000000,273.000000,5.478632,8.000000,0.072000,3.000000,78647,46248,11.272725,10.741773,0.778380,0.764076,0.144914,0.009882,0.839616,0.792488,6,,,,2.594707,1.513579,0.631579,341.628368,5.833724,1.700855,2.594707,6.732503,0.000000,0.000000
06009,Calaveras,38.191068,-120.554107,2025,1,0,0.252055,15699283.694098,43.000000,62.000000,100.000000,44.000000,162.000000,,,,,78647,46248,11.272725,10.741773,0.778380,0.764076,0.144914,0.009882,0.839616,0.792488,6,0.023651,864.000000,36531.000000,2.594707,1.513579,0.631579,339.458651,5.827352,,2.594707,6.732503,0.000000,0.654008
06011,Colusa,39.177738,-122.237563,2010,0,0,0.000000,8270201.330875,39.000000,54.000000,119.000000,61.000000,287.000000,,,0.060000,3.000000,75672,21984,11.234163,9.998070,0.814297,0.297944,0.629185,0.015238,0.622204,0.922296,6,,,,5.913392,0.909753,0.866667,376.191836,5.930099,,0.000000,0.000000,0.000000,0.000000
06011,Colusa,39.177738,-122.237563,2011,0,0,0.000000,8211162.040367,46.000000,66.000000,105.000000,193.000000,172.000000,,,0.062000,3.000000,75672,21984,11.234163,9.998070,0.814297,0.297944,0.629185,0.015238,0.622204,0.922296,6,,,,5.913392,0.909753,0.866667,373.506279,5.922935,,0.000000,0.000000,0.000000,0.000000
06011,Colusa,39.177738,-122.237563,2012,0,0,0.000000,8137216.110304,56.000000,74.000000,227.000000,301.000000,64.000000,8.979819,8.000000,0.063000,3.000000,75672,21984,11.234163,9.998070,0.814297,0.297944,0.629185,0.015238,0.622204,0.922296,6,,,,5.913392,0.909753,0.866667,370.142654,5.913888,2.194980,0.000000,0.000000,0.000000,0.000000
06011,Colusa,39.177738,-122.237563,2013,0,0,0.000000,8134783.104100,51.000000,67.000000,126.000000,292.000000,70.000000,7.391291,8.000000,0.055333,3.000000,75672,21984,11.234163,9.998070,0.814297,0.297944,0.629185,0.015238,0.622204,0.922296,6,,,,5.913392,0.909753,0.866667,370.031983,5.913589,2.000302,0.000000,0.000000,0.000000,0.000000
06011,Colusa,39.177738,-122.237563,2014,0,0,0.000000,8263390.816037,52.000000,67.000000,99.000000,274.000000,90.000000,6.477876,8.000000,0.061000,3.000000,75672,21984,11.234163,9.998070,0.814297,0.297944,0.629185,0.015238,0.622204,0.922296,6,,,,5.913392,0.909753,0.866667,375.882042,5.929275,1.868393,0.000000,0.000000,0.000000,0.000000
06011,Colusa,39.177738,-122.237563,2015,0,0,0.000000,8465763.717237,53.000000,73.000000,208.000000,274.000000,89.000000,6.815957,8.000000,0.064000,3.000000,75672,21984,11.234163,9.998070,0.814297,0.297944,0.629185,0.015238,0.622204,0.922296,6,,,,5.913392,0.909753,0.866667,385.087505,5.953471,1.919267,0.000000,0.000000,0.000000,0.000000
06011,Colusa,39.177738,-122.237563,2016,0,0,0.000000,8639928.742914,45.000000,64.000000,92.000000,174.000000,179.000000,4.613120,8.000000,0.065000,3.000000,75672,21984,11.234163,9.998070,0.814297,0.297944,0.629185,0.015238,0.622204,0.922296,6,,,,5.913392,0.909753,0.866667,393.009859,5.973835,1.528904,0.000000,0.000000,0.000000,0.000000
06011,Colusa,39.177738,-122.237563,2017,0,0,0.000000,8704690.466253,43.000000,67.000000,213.000000,179.000000,168.000000,4.482634,8.000000,0.062000,3.000000,75672,21984,11.234163,9.998070,0.814297,0.297944,0.629185,0.015238,0.622204,0.922296,6,,,,5.913392,0.909753,0.866667,395.955716,5.981302,1.500211,0.000000,0.000000,0.000000,0.000000
06011,Colusa,39.177738,-122.237563,2018,0,0,0.000000,8648621.088448,46.000000,84.000000,299.000000,210.000000,138.000000,10.478806,8.000000,0.061000,3.000000,75672,21984,11.234163,9.998070,0.814297,0.297944,0.629185,0.015238,0.622204,0.922296,6,,,,5.913392,0.909753,0.866667,393.405253,5.974840,2.349355,0.000000,0.000000,0.000000,0.000000
06011,Colusa,39.177738,-122.237563,2019,0,0,0.000000,8157214.268593,41.000000,61.000000,85.000000,173.000000,152.000000,6.160000,8.000000,0.053000,3.000000,75672,21984,11.234163,9.998070,0.814297,0.297944,0.629185,0.015238,0.622204,0.922296,6,,,,5.913392,0.909753,0.866667,371.052323,5.916343,1.818077,0.000000,0.000000,0.000000,0.000000
06011,Colusa,39.177738,-122.237563,2020,0,0,0.000000,7538171.988015,42.000000,87.000000,221.000000,190.000000,148.000000,,,0.052000,3.000000,75672,21984,11.234163,9.998070,0.814297,0.297944,0.629185,0.015238,0.622204,0.922296,6,,,,5.913392,0.909753,0.866667,342.893558,5.837420,,0.000000,0.000000,0.000000,0.000000
06011,Colusa,39.177738,-122.237563,2021,0,0,0.000000,7577523.121485,55.000000,76.000000,225.000000,291.000000,60.000000,11.290623,16.000000,0.061000,3.000000,75672,21984,11.234163,9.998070,0.814297,0.297944,0.629185,0.015238,0.622204,0.922296,6,,,,5.913392,0.909753,0.866667,344.683548,5.842627,2.423973,0.000000,0.000000,0.000000,0.000000
06011,Colusa,39.177738,-122.237563,2022,1,0,0.000000,7708991.070592,44.000000,59.000000,105.000000,171.000000,185.000000,7.240111,8.000000,0.057000,3.000000,75672,21984,11.234163,9.998070,0.814297,0.297944,0.629185,0.015238,0.622204,0.922296,6,,,,5.913392,0.909753,0.866667,350.663713,5.859828,1.979637,5.913392,34.968200,0.000000,0.000000
06011,Colusa,39.177738,-122.237563,2023,1,0,0.000000,7588272.442826,55.000000,66.000000,98.000000,268.000000,97.000000,7.396919,8.000000,,,75672,21984,11.234163,9.998070,0.814297,0.297944,0.629185,0.015238,0.622204,0.922296,6,,,,5.913392,0.909753,0.866667,345.172509,5.844044,2.001064,5.913392,34.968200,0.000000,0.000000
06011,Colusa,39.177738,-122.237563,2024,1,0,0.000000,7510358.049101,54.000000,63.000000,90.000000,331.000000,31.000000,8.370430,16.000000,,,75672,21984,11.234163,9.998070,0.814297,0.297944,0.629185,0.015238,0.622204,0.922296,6,,,,5.913392,0.909753,0.866667,341.628368,5.833724,2.124705,5.913392,34.968200,0.000000,0.000000
06011,Colusa,39.177738,-122.237563,2025,1,0,0.252055,7462658.984844,39.000000,54.000000,96.000000,109.000000,149.000000,,,,,75672,21984,11.234163,9.998070,0.814297,0.297944,0.629185,0.015238,0.622204,0.922296,6,0.009809,122.000000,12437.000000,5.913392,0.909753,0.866667,339.458651,5.827352,,5.913392,34.968200,0.000000,1.490499
06013,Contra Costa,37.919479,-121.951543,2010,0,0,0.000000,438268003.679299,40.000000,67.000000,154.000000,93.000000,262.000000,,,0.074500,6.000000,127229,1165012,11.753744,13.968242,0.571987,0.381103,0.276177,0.079453,0.680037,0.697117,1,,,,1.922727,2.952759,0.394366,376.191836,5.930099,,0.000000,0.000000,0.000000,0.000000
06013,Contra Costa,37.919479,-121.951543,2011,0,0,0.000000,435139297.260390,41.000000,72.000000,131.000000,104.000000,245.000000,,,0.066333,9.000000,127229,1165012,11.753744,13.968242,0.571987,0.381103,0.276177,0.079453,0.680037,0.697117,1,,,,1.922727,2.952759,0.394366,373.506279,5.922935,,0.000000,0.000000,0.000000,0.000000
06013,Contra Costa,37.919479,-121.951543,2012,0,0,0.000000,431220633.874539,41.000000,67.000000,154.000000,84.000000,273.000000,,,0.064000,12.000000,127229,1165012,11.753744,13.968242,0.571987,0.381103,0.276177,0.079453,0.680037,0.697117,1,,,,1.922727,2.952759,0.394366,370.142654,5.913888,,0.000000,0.000000,0.000000,0.000000
06013,Contra Costa,37.919479,-121.951543,2013,0,0,0.000000,431091700.039735,55.000000,73.000000,115.000000,318.000000,47.000000,9.798842,16.000000,0.059000,12.000000,127229,1165012,11.753744,13.968242,0.571987,0.381103,0.276177,0.079453,0.680037,0.697117,1,,,,1.922727,2.952759,0.394366,370.031983,5.913589,2.282264,0.000000,0.000000,0.000000,0.000000
06013,Contra Costa,37.919479,-121.951543,2014,0,0,0.000000,437907089.764074,53.000000,71.000000,133.000000,281.000000,84.000000,8.553007,16.000000,0.065750,12.000000,127229,1165012,11.753744,13.968242,0.571987,0.381103,0.276177,0.079453,0.680037,0.697117,1,,,,1.922727,2.952759,0.394366,375.882042,5.929275,2.146283,0.000000,0.000000,0.000000,0.000000
06013,Contra Costa,37.919479,-121.951543,2015,0,0,0.000000,448631564.762799,48.000000,70.000000,147.000000,227.000000,138.000000,8.850442,16.000000,0.067750,12.000000,127229,1165012,11.753744,13.968242,0.571987,0.381103,0.276177,0.079453,0.680037,0.697117,1,,,,1.922727,2.952759,0.394366,385.087505,5.953471,2.180467,0.000000,0.000000,0.000000,0.000000
06013,Contra Costa,37.919479,-121.951543,2016,0,0,0.000000,457861201.994167,46.000000,63.000000,143.000000,229.000000,137.000000,7.050986,16.000000,0.061250,12.000000,127229,1165012,11.753744,13.968242,0.571987,0.381103,0.276177,0.079453,0.680037,0.697117,1,,,,1.922727,2.952759,0.394366,393.009859,5.973835,1.953167,0.000000,0.000000,0.000000,0.000000
06013,Contra Costa,37.919479,-121.951543,2017,0,0,0.000000,461293160.911150,54.000000,76.000000,175.000000,310.000000,55.000000,11.432438,16.000000,0.062667,12.000000,127229,1165012,11.753744,13.968242,0.571987,0.381103,0.276177,0.079453,0.680037,0.697117,1,,,,1.922727,2.952759,0.394366,395.955716,5.981302,2.436455,0.000000,0.000000,0.000000,0.000000
06013,Contra Costa,37.919479,-121.951543,2018,0,0,0.000000,458321840.952273,55.000000,74.000000,270.000000,320.000000,45.000000,13.125795,16.000000,0.057750,12.000000,127229,1165012,11.753744,13.968242,0.571987,0.381103,0.276177,0.079453,0.680037,0.697117,1,,,,1.922727,2.952759,0.394366,393.405253,5.974840,2.574579,0.000000,0.000000,0.000000,0.000000
06013,Contra Costa,37.919479,-121.951543,2019,0,0,0.000000,432280408.910221,43.000000,64.000000,129.000000,190.000000,171.000000,7.326542,16.000000,0.064000,12.000000,127229,1165012,11.753744,13.968242,0.571987,0.381103,0.276177,0.079453,0.680037,0.697117,1,,,,1.922727,2.952759,0.394366,371.052323,5.916343,1.991504,0.000000,0.000000,0.000000,0.000000
06013,Contra Costa,37.919479,-121.951543,2020,0,0,0.000000,399475110.266639,49.000000,75.000000,221.000000,257.000000,107.000000,11.136453,16.000000,0.063250,12.000000,127229,1165012,11.753744,13.968242,0.571987,0.381103,0.276177,0.079453,0.680037,0.697117,1,,,,1.922727,2.952759,0.394366,342.893558,5.837420,2.410224,0.000000,0.000000,0.000000,0.000000
06013,Contra Costa,37.919479,-121.951543,2021,0,0,0.000000,401560469.741973,47.000000,69.000000,150.000000,226.000000,139.000000,8.593255,16.000000,0.066750,12.000000,127229,1165012,11.753744,13.968242,0.571987,0.381103,0.276177,0.079453,0.680037,0.697117,1,,,,1.922727,2.952759,0.394366,344.683548,5.842627,2.150978,0.000000,0.000000,0.000000,0.000000
06013,Contra Costa,37.919479,-121.951543,2022,1,0,0.000000,408527433.821555,51.000000,67.000000,129.000000,263.000000,102.000000,8.455086,16.000000,0.057250,12.000000,127229,1165012,11.753744,13.968242,0.571987,0.381103,0.276177,0.079453,0.680037,0.697117,1,,,,1.922727,2.952759,0.394366,350.663713,5.859828,2.134768,1.922727,3.696879,0.000000,0.000000
06013,Contra Costa,37.919479,-121.951543,2023,1,0,0.000000,402130115.318465,51.000000,64.000000,110.000000,270.000000,94.000000,8.178727,16.000000,0.055250,12.000000,127229,1165012,11.753744,13.968242,0.571987,0.381103,0.276177,0.079453,0.680037,0.697117,1,,,,1.922727,2.952759,0.394366,345.172509,5.844044,2.101537,1.922727,3.696879,0.000000,0.000000
06013,Contra Costa,37.919479,-121.951543,2024,1,0,0.000000,398001148.630768,48.000000,63.000000,94.000000,348.000000,13.000000,6.847091,16.000000,,,127229,1165012,11.753744,13.968242,0.571987,0.381103,0.276177,0.079453,0.680037,0.697117,1,,,,1.922727,2.952759,0.394366,341.628368,5.833724,1.923824,1.922727,3.696879,0.000000,0.000000
06013,Contra Costa,37.919479,-121.951543,2025,1,0,0.252055,395473401.985579,,,,,,,,,,127229,1165012,11.753744,13.968242,0.571987,0.381103,0.276177,0.079453,0.680037,0.697117,1,0.094547,74189.000000,784681.000000,1.922727,2.952759,0.394366,339.458651,5.827352,,1.922727,3.696879,0.000000,0.484633
06015,Del Norte,41.749903,-123.980998,2010,0,0,0.000000,10197432.108626,14.000000,30.000000,57.000000,77.000000,0.000000,,,,,67058,27107,11.113313,10.207547,0.837324,0.598701,0.199063,0.025160,0.700798,0.871292,7,,,,6.271443,5.164718,0.548387,376.191836,5.930099,,0.000000,0.000000,0.000000,0.000000
06015,Del Norte,41.749903,-123.980998,2011,0,0,0.000000,10124634.708344,17.000000,38.000000,54.000000,101.000000,0.000000,,,,,67058,27107,11.113313,10.207547,0.837324,0.598701,0.199063,0.025160,0.700798,0.871292,7,,,,6.271443,5.164718,0.548387,373.506279,5.922935,,0.000000,0.000000,0.000000,0.000000
06015,Del Norte,41.749903,-123.980998,2012,0,0,0.000000,10033456.927858,12.000000,31.000000,54.000000,95.000000,0.000000,,,,,67058,27107,11.113313,10.207547,0.837324,0.598701,0.199063,0.025160,0.700798,0.871292,7,,,,6.271443,5.164718,0.548387,370.142654,5.913888,,0.000000,0.000000,0.000000,0.000000
06015,Del Norte,41.749903,-123.980998,2013,0,0,0.000000,10030456.950638,16.000000,27.000000,75.000000,102.000000,0.000000,,,,,67058,27107,11.113313,10.207547,0.837324,0.598701,0.199063,0.025160,0.700798,0.871292,7,,,,6.271443,5.164718,0.548387,370.031983,5.913589,,0.000000,0.000000,0.000000,0.000000
06015,Del Norte,41.749903,-123.980998,2014,0,0,0.000000,10189034.518301,16.000000,43.000000,60.000000,115.000000,0.000000,,,,,67058,27107,11.113313,10.207547,0.837324,0.598701,0.199063,0.025160,0.700798,0.871292,7,,,,6.271443,5.164718,0.548387,375.882042,5.929275,,0.000000,0.000000,0.000000,0.000000
06015,Del Norte,41.749903,-123.980998,2015,0,0,0.000000,10438567.007057,20.000000,51.000000,72.000000,114.000000,0.000000,,,,,67058,27107,11.113313,10.207547,0.837324,0.598701,0.199063,0.025160,0.700798,0.871292,7,,,,6.271443,5.164718,0.548387,385.087505,5.953471,,0.000000,0.000000,0.000000,0.000000
06015,Del Norte,41.749903,-123.980998,2016,0,0,0.000000,10653318.251190,26.000000,52.000000,69.000000,177.000000,0.000000,,,,,67058,27107,11.113313,10.207547,0.837324,0.598701,0.199063,0.025160,0.700798,0.871292,7,,,,6.271443,5.164718,0.548387,393.009859,5.973835,,0.000000,0.000000,0.000000,0.000000
06015,Del Norte,41.749903,-123.980998,2017,0,0,0.000000,10733171.600652,27.000000,56.000000,251.000000,298.000000,0.000000,,,,,67058,27107,11.113313,10.207547,0.837324,0.598701,0.199063,0.025160,0.700798,0.871292,7,,,,6.271443,5.164718,0.548387,395.955716,5.981302,,0.000000,0.000000,0.000000,0.000000
06015,Del Norte,41.749903,-123.980998,2018,0,0,0.000000,10664036.201081,33.000000,58.000000,80.000000,180.000000,0.000000,,,,,67058,27107,11.113313,10.207547,0.837324,0.598701,0.199063,0.025160,0.700798,0.871292,7,,,,6.271443,5.164718,0.548387,393.405253,5.974840,,0.000000,0.000000,0.000000,0.000000
06015,Del Norte,41.749903,-123.980998,2019,0,0,0.000000,10058115.319267,26.000000,53.000000,74.000000,248.000000,0.000000,,,,,67058,27107,11.113313,10.207547,0.837324,0.598701,0.199063,0.025160,0.700798,0.871292,7,,,,6.271443,5.164718,0.548387,371.052323,5.916343,,0.000000,0.000000,0.000000,0.000000
06015,Del Norte,41.749903,-123.980998,2020,0,0,0.000000,9294815.687733,42.000000,61.000000,245.000000,292.000000,0.000000,,,,,67058,27107,11.113313,10.207547,0.837324,0.598701,0.199063,0.025160,0.700798,0.871292,7,,,,6.271443,5.164718,0.548387,342.893558,5.837420,,0.000000,0.000000,0.000000,0.000000
06015,Del Norte,41.749903,-123.980998,2021,0,0,0.000000,9343336.938414,31.000000,54.000000,72.000000,323.000000,0.000000,,,,,67058,27107,11.113313,10.207547,0.837324,0.598701,0.199063,0.025160,0.700798,0.871292,7,,,,6.271443,5.164718,0.548387,344.683548,5.842627,,0.000000,0.000000,0.000000,0.000000
06015,Del Norte,41.749903,-123.980998,2022,1,0,0.000000,9505441.273224,29.000000,52.000000,74.000000,344.000000,0.000000,,,,,67058,27107,11.113313,10.207547,0.837324,0.598701,0.199063,0.025160,0.700798,0.871292,7,,,,6.271443,5.164718,0.548387,350.663713,5.859828,,6.271443,39.330995,0.000000,0.000000
06015,Del Norte,41.749903,-123.980998,2023,1,0,0.000000,9356591.207591,32.000000,55.000000,187.000000,328.000000,0.000000,,,,,67058,27107,11.113313,10.207547,0.837324,0.598701,0.199063,0.025160,0.700798,0.871292,7,,,,6.271443,5.164718,0.548387,345.172509,5.844044,,6.271443,39.330995,0.000000,0.000000
06015,Del Norte,41.749903,-123.980998,2024,1,0,0.000000,9260520.179993,32.000000,54.000000,125.000000,289.000000,0.000000,,,,,67058,27107,11.113313,10.207547,0.837324,0.598701,0.199063,0.025160,0.700798,0.871292,7,,,,6.271443,5.164718,0.548387,341.628368,5.833724,,6.271443,39.330995,0.000000,0.000000
06015,Del Norte,41.749903,-123.980998,2025,1,0,0.252055,9201705.654211,33.000000,54.000000,70.000000,179.000000,0.000000,,,,,67058,27107,11.113313,10.207547,0.837324,0.598701,0.199063,0.025160,0.700798,0.871292,7,0.012893,241.000000,18693.000000,6.271443,5.164718,0.548387,339.458651,5.827352,,6.271443,39.330995,0.000000,1.580747
06017,El Dorado,38.785612,-120.534224,2010,0,0,0.000000,72477871.579744,42.000000,93.000000,192.000000,1.000000,364.000000,,,0.076333,9.000000,108845,192662,11.597680,12.168693,0.654381,0.730917,0.144772,0.007687,0.772383,0.729781,1,,,,1.920462,3.685210,0.342593,376.191836,5.930099,,0.000000,0.000000,0.000000,0.000000
06017,El Dorado,38.785612,-120.534224,2011,0,0,0.000000,71960466.749511,42.000000,105.000000,172.000000,3.000000,352.000000,,,0.076333,9.000000,108845,192662,11.597680,12.168693,0.654381,0.730917,0.144772,0.007687,0.772383,0.729781,1,,,,1.920462,3.685210,0.342593,373.506279,5.922935,,0.000000,0.000000,0.000000,0.000000
06017,El Dorado,38.785612,-120.534224,2012,0,0,0.000000,71312424.046736,45.000000,105.000000,177.000000,0.000000,366.000000,,,0.081667,9.000000,108845,192662,11.597680,12.168693,0.654381,0.730917,0.144772,0.007687,0.772383,0.729781,1,,,,1.920462,3.685210,0.342593,370.142654,5.913888,,0.000000,0.000000,0.000000,0.000000
06017,El Dorado,38.785612,-120.534224,2013,0,0,0.000000,71291101.819600,45.000000,90.000000,147.000000,4.000000,361.000000,,,0.074667,9.000000,108845,192662,11.597680,12.168693,0.654381,0.730917,0.144772,0.007687,0.772383,0.729781,1,,,,1.920462,3.685210,0.342593,370.031983,5.913589,,0.000000,0.000000,0.000000,0.000000
06017,El Dorado,38.785612,-120.534224,2014,0,0,0.000000,72418186.017076,45.000000,105.000000,163.000000,4.000000,354.000000,,,0.077667,9.000000,108845,192662,11.597680,12.168693,0.654381,0.730917,0.144772,0.007687,0.772383,0.729781,1,,,,1.920462,3.685210,0.342593,375.882042,5.929275,,0.000000,0.000000,0.000000,0.000000
06017,El Dorado,38.785612,-120.534224,2015,0,0,0.000000,74191728.952432,44.000000,93.000000,166.000000,8.000000,347.000000,,,0.080000,6.000000,108845,192662,11.597680,12.168693,0.654381,0.730917,0.144772,0.007687,0.772383,0.729781,1,,,,1.920462,3.685210,0.342593,385.087505,5.953471,,0.000000,0.000000,0.000000,0.000000
06017,El Dorado,38.785612,-120.534224,2016,0,0,0.000000,75718065.477952,45.000000,105.000000,172.000000,3.000000,363.000000,,,0.082333,9.000000,108845,192662,11.597680,12.168693,0.654381,0.730917,0.144772,0.007687,0.772383,0.729781,1,,,,1.920462,3.685210,0.342593,393.009859,5.973835,,0.000000,0.000000,0.000000,0.000000
06017,El Dorado,38.785612,-120.534224,2017,0,0,0.000000,76285620.206027,45.000000,100.000000,147.000000,7.000000,327.000000,,,0.078000,6.000000,108845,192662,11.597680,12.168693,0.654381,0.730917,0.144772,0.007687,0.772383,0.729781,1,,,,1.920462,3.685210,0.342593,395.955716,5.981302,,0.000000,0.000000,0.000000,0.000000
06017,El Dorado,38.785612,-120.534224,2018,0,0,0.000000,75794242.910414,45.000000,101.000000,203.000000,9.000000,347.000000,,,0.087333,9.000000,108845,192662,11.597680,12.168693,0.654381,0.730917,0.144772,0.007687,0.772383,0.729781,1,,,,1.920462,3.685210,0.342593,393.405253,5.974840,,0.000000,0.000000,0.000000,0.000000
06017,El Dorado,38.785612,-120.534224,2019,0,0,0.000000,71487682.651733,43.000000,74.000000,122.000000,3.000000,353.000000,,,0.070500,6.000000,108845,192662,11.597680,12.168693,0.654381,0.730917,0.144772,0.007687,0.772383,0.729781,1,,,,1.920462,3.685210,0.342593,371.052323,5.916343,,0.000000,0.000000,0.000000,0.000000
06017,El Dorado,38.785612,-120.534224,2020,0,0,0.000000,66062558.749774,43.000000,90.000000,190.000000,13.000000,346.000000,,,0.082667,6.000000,108845,192662,11.597680,12.168693,0.654381,0.730917,0.144772,0.007687,0.772383,0.729781,1,,,,1.920462,3.685210,0.342593,342.893558,5.837420,,0.000000,0.000000,0.000000,0.000000
06017,El Dorado,38.785612,-120.534224,2021,0,0,0.000000,66407421.744521,43.000000,93.000000,375.000000,9.000000,349.000000,,,0.075750,12.000000,108845,192662,11.597680,12.168693,0.654381,0.730917,0.144772,0.007687,0.772383,0.729781,1,,,,1.920462,3.685210,0.342593,344.683548,5.842627,,0.000000,0.000000,0.000000,0.000000
06017,El Dorado,38.785612,-120.534224,2022,1,0,0.000000,67559572.309065,43.000000,77.000000,186.000000,8.000000,353.000000,,,0.069000,6.000000,108845,192662,11.597680,12.168693,0.654381,0.730917,0.144772,0.007687,0.772383,0.729781,1,,,,1.920462,3.685210,0.342593,350.663713,5.859828,,1.920462,3.688173,0.000000,0.000000
06017,El Dorado,38.785612,-120.534224,2023,1,0,0.000000,66501625.972510,44.000000,77.000000,119.000000,11.000000,349.000000,,,0.068000,9.000000,108845,192662,11.597680,12.168693,0.654381,0.730917,0.144772,0.007687,0.772383,0.729781,1,,,,1.920462,3.685210,0.342593,345.172509,5.844044,,1.920462,3.688173,0.000000,0.000000
06017,El Dorado,38.785612,-120.534224,2024,1,0,0.000000,65818804.696862,44.000000,80.000000,115.000000,5.000000,356.000000,,,0.069500,6.000000,108845,192662,11.597680,12.168693,0.654381,0.730917,0.144772,0.007687,0.772383,0.729781,1,,,,1.920462,3.685210,0.342593,341.628368,5.833724,,1.920462,3.688173,0.000000,0.000000
06017,El Dorado,38.785612,-120.534224,2025,1,0,0.252055,65400782.630004,39.000000,58.000000,115.000000,0.000000,211.000000,,,,,108845,192662,11.597680,12.168693,0.654381,0.730917,0.144772,0.007687,0.772383,0.729781,1,0.061056,8141.000000,133336.000000,1.920462,3.685210,0.342593,339.458651,5.827352,,1.920462,3.688173,0.000000,0.484062
06019,Fresno,36.761006,-119.655019,2010,0,0,0.000000,382483644.838710,71.000000,130.000000,209.000000,198.000000,167.000000,10.822952,16.000000,0.092667,45.000000,74201,1016725,11.214533,13.832097,0.805634,0.262483,0.545270,0.041693,0.555497,0.851681,1,,,,1.750719,1.917923,0.477212,376.191836,5.930099,2.381669,0.000000,0.000000,0.000000,0.000000
06019,Fresno,36.761006,-119.655019,2011,0,0,0.000000,379753171.647219,80.000000,152.000000,197.000000,211.000000,154.000000,13.106393,16.000000,0.091833,18.000000,74201,1016725,11.214533,13.832097,0.805634,0.262483,0.545270,0.041693,0.555497,0.851681,1,,,,1.750719,1.917923,0.477212,373.506279,5.922935,2.573100,0.000000,0.000000,0.000000,0.000000
06019,Fresno,36.761006,-119.655019,2012,0,0,0.000000,376333290.108678,82.000000,151.000000,212.000000,168.000000,198.000000,11.734939,24.000000,0.092000,24.000000,74201,1016725,11.214533,13.832097,0.805634,0.262483,0.545270,0.041693,0.555497,0.851681,1,,,,1.750719,1.917923,0.477212,370.142654,5.913888,2.462571,0.000000,0.000000,0.000000,0.000000
06019,Fresno,36.761006,-119.655019,2013,0,0,0.000000,376220767.445228,88.000000,147.000000,197.000000,169.000000,190.000000,13.095666,24.000000,0.086000,18.000000,74201,1016725,11.214533,13.832097,0.805634,0.262483,0.545270,0.041693,0.555497,0.851681,1,,,,1.750719,1.917923,0.477212,370.031983,5.913589,2.572281,0.000000,0.000000,0.000000,0.000000
06019,Fresno,36.761006,-119.655019,2014,0,0,0.000000,382168669.370253,83.000000,148.000000,197.000000,158.000000,206.000000,13.097244,24.000000,0.087333,18.000000,74201,1016725,11.214533,13.832097,0.805634,0.262483,0.545270,0.041693,0.555497,0.851681,1,,,,1.750719,1.917923,0.477212,375.882042,5.929275,2.572402,0.000000,0.000000,0.000000,0.000000
06019,Fresno,36.761006,-119.655019,2015,0,0,0.000000,391528093.859511,80.000000,136.000000,205.000000,158.000000,203.000000,13.383671,32.000000,0.087000,18.000000,74201,1016725,11.214533,13.832097,0.805634,0.262483,0.545270,0.041693,0.555497,0.851681,1,,,,1.750719,1.917923,0.477212,385.087505,5.953471,2.594035,0.000000,0.000000,0.000000,0.000000
06019,Fresno,36.761006,-119.655019,2016,0,0,0.000000,399582949.014705,76.000000,140.000000,190.000000,163.000000,193.000000,11.137226,40.000000,0.087000,21.000000,74201,1016725,11.214533,13.832097,0.805634,0.262483,0.545270,0.041693,0.555497,0.851681,1,,,,1.750719,1.917923,0.477212,393.009859,5.973835,2.410293,0.000000,0.000000,0.000000,0.000000
06019,Fresno,36.761006,-119.655019,2017,0,0,0.000000,402578075.614147,75.000000,140.000000,207.000000,140.000000,212.000000,11.989484,40.000000,0.086857,21.000000,74201,1016725,11.214533,13.832097,0.805634,0.262483,0.545270,0.041693,0.555497,0.851681,1,,,,1.750719,1.917923,0.477212,395.955716,5.981302,2.484030,0.000000,0.000000,0.000000,0.000000
06019,Fresno,36.761006,-119.655019,2018,0,0,0.000000,399984956.156847,75.000000,133.000000,185.000000,151.000000,210.000000,13.234982,40.000000,0.082857,21.000000,74201,1016725,11.214533,13.832097,0.805634,0.262483,0.545270,0.041693,0.555497,0.851681,1,,,,1.750719,1.917923,0.477212,393.405253,5.974840,2.582864,0.000000,0.000000,0.000000,0.000000
06019,Fresno,36.761006,-119.655019,2019,0,0,0.000000,377258173.091130,63.000000,115.000000,187.000000,118.000000,229.000000,8.409869,32.000000,0.076000,18.000000,74201,1016725,11.214533,13.832097,0.805634,0.262483,0.545270,0.041693,0.555497,0.851681,1,,,,1.750719,1.917923,0.477212,371.052323,5.916343,2.129406,0.000000,0.000000,0.000000,0.000000
06019,Fresno,36.761006,-119.655019,2020,0,0,0.000000,348628453.171167,76.000000,154.000000,346.000000,204.000000,149.000000,17.565208,64.000000,0.082857,21.000000,74201,1016725,11.214533,13.832097,0.805634,0.262483,0.545270,0.041693,0.555497,0.851681,1,,,,1.750719,1.917923,0.477212,342.893558,5.837420,2.865920,0.000000,0.000000,0.000000,0.000000
06019,Fresno,36.761006,-119.655019,2021,0,0,0.000000,350448380.444500,68.000000,130.000000,278.000000,209.000000,146.000000,14.312016,64.000000,0.084000,21.000000,74201,1016725,11.214533,13.832097,0.805634,0.262483,0.545270,0.041693,0.555497,0.851681,1,,,,1.750719,1.917923,0.477212,344.683548,5.842627,2.661099,0.000000,0.000000,0.000000,0.000000
06019,Fresno,36.761006,-119.655019,2022,1,0,0.000000,356528563.784940,71.000000,115.000000,159.000000,160.000000,192.000000,10.806689,48.000000,0.075000,21.000000,74201,1016725,11.214533,13.832097,0.805634,0.262483,0.545270,0.041693,0.555497,0.851681,1,,,,1.750719,1.917923,0.477212,350.663713,5.859828,2.380165,1.750719,3.065018,0.000000,0.000000
06019,Fresno,36.761006,-119.655019,2023,1,0,0.000000,350945519.442861,64.000000,112.000000,156.000000,147.000000,208.000000,9.244619,48.000000,0.078143,21.000000,74201,1016725,11.214533,13.832097,0.805634,0.262483,0.545270,0.041693,0.555497,0.851681,1,,,,1.750719,1.917923,0.477212,345.172509,5.844044,2.224042,1.750719,3.065018,0.000000,0.000000
06019,Fresno,36.761006,-119.655019,2024,1,0,0.000000,347342102.778012,67.000000,126.000000,169.000000,155.000000,196.000000,10.010729,48.000000,0.082571,21.000000,74201,1016725,11.214533,13.832097,0.805634,0.262483,0.545270,0.041693,0.555497,0.851681,1,,,,1.750719,1.917923,0.477212,341.628368,5.833724,2.303657,1.750719,3.065018,0.000000,0.000000
06019,Fresno,36.761006,-119.655019,2025,1,0,0.252055,345136096.996244,54.000000,100.000000,157.000000,84.000000,214.000000,6.036691,8.000000,0.075000,3.000000,74201,1016725,11.214533,13.832097,0.805634,0.262483,0.545270,0.041693,0.555497,0.851681,1,0.028809,16399.000000,569235.000000,1.750719,1.917923,0.477212,339.458651,5.827352,1.797856,1.750719,3.065018,0.000000,0.441277
06021,Glenn,39.602546,-122.401700,2010,0,0,0.000000,10719210.185679,44.000000,62.000000,92.000000,187.000000,178.000000,,,0.061000,3.000000,67139,28494,11.114520,10.257449,0.861162,0.474661,0.449919,0.002176,0.611825,0.885917,6,,,,2.807609,0.000000,1.000000,376.191836,5.930099,,0.000000,0.000000,0.000000,0.000000
06021,Glenn,39.602546,-122.401700,2011,0,0,0.000000,10642687.917496,49.000000,64.000000,105.000000,194.000000,170.000000,,,0.064000,3.000000,67139,28494,11.114520,10.257449,0.861162,0.474661,0.449919,0.002176,0.611825,0.885917,6,,,,2.807609,0.000000,1.000000,373.506279,5.922935,,0.000000,0.000000,0.000000,0.000000
06021,Glenn,39.602546,-122.401700,2012,0,0,0.000000,10546844.789256,46.000000,70.000000,106.000000,145.000000,219.000000,,,0.065000,3.000000,67139,28494,11.114520,10.257449,0.861162,0.474661,0.449919,0.002176,0.611825,0.885917,6,,,,2.807609,0.000000,1.000000,370.142654,5.913888,,0.000000,0.000000,0.000000,0.000000
06021,Glenn,39.602546,-122.401700,2013,0,0,0.000000,10543691.310418,50.000000,67.000000,101.000000,217.000000,144.000000,,,0.066000,3.000000,67139,28494,11.114520,10.257449,0.861162,0.474661,0.449919,0.002176,0.611825,0.885917,6,,,,2.807609,0.000000,1.000000,370.031983,5.913589,,0.000000,0.000000,0.000000,0.000000
06021,Glenn,39.602546,-122.401700,2014,0,0,0.000000,10710382.910852,44.000000,61.000000,105.000000,154.000000,205.000000,,,0.067000,3.000000,67139,28494,11.114520,10.257449,0.861162,0.474661,0.449919,0.002176,0.611825,0.885917,6,,,,2.807609,0.000000,1.000000,375.882042,5.929275,,0.000000,0.000000,0.000000,0.000000
06021,Glenn,39.602546,-122.401700,2015,0,0,0.000000,10972683.376953,46.000000,68.000000,93.000000,148.000000,206.000000,,,0.064000,3.000000,67139,28494,11.114520,10.257449,0.861162,0.474661,0.449919,0.002176,0.611825,0.885917,6,,,,2.807609,0.000000,1.000000,385.087505,5.953471,,0.000000,0.000000,0.000000,0.000000
06021,Glenn,39.602546,-122.401700,2016,0,0,0.000000,11198422.925791,48.000000,64.000000,92.000000,221.000000,137.000000,,,0.061000,3.000000,67139,28494,11.114520,10.257449,0.861162,0.474661,0.449919,0.002176,0.611825,0.885917,6,,,,2.807609,0.000000,1.000000,393.009859,5.973835,,0.000000,0.000000,0.000000,0.000000
06021,Glenn,39.602546,-122.401700,2017,0,0,0.000000,11282362.179104,46.000000,63.000000,150.000000,185.000000,144.000000,,,0.064000,3.000000,67139,28494,11.114520,10.257449,0.861162,0.474661,0.449919,0.002176,0.611825,0.885917,6,,,,2.807609,0.000000,1.000000,395.955716,5.981302,,0.000000,0.000000,0.000000,0.000000
06021,Glenn,39.602546,-122.401700,2018,0,0,0.000000,11209689.287401,39.000000,71.000000,255.000000,185.000000,130.000000,,,,,67139,28494,11.114520,10.257449,0.861162,0.474661,0.449919,0.002176,0.611825,0.885917,6,,,,2.807609,0.000000,1.000000,393.405253,5.974840,,0.000000,0.000000,0.000000,0.000000
06021,Glenn,39.602546,-122.401700,2019,0,0,0.000000,10572764.891252,42.000000,58.000000,86.000000,119.000000,232.000000,,,0.058000,3.000000,67139,28494,11.114520,10.257449,0.861162,0.474661,0.449919,0.002176,0.611825,0.885917,6,,,,2.807609,0.000000,1.000000,371.052323,5.916343,,0.000000,0.000000,0.000000,0.000000
06021,Glenn,39.602546,-122.401700,2020,0,0,0.000000,9770409.053244,46.000000,84.000000,221.000000,202.000000,151.000000,,,0.056000,3.000000,67139,28494,11.114520,10.257449,0.861162,0.474661,0.449919,0.002176,0.611825,0.885917,6,,,,2.807609,0.000000,1.000000,342.893558,5.837420,,0.000000,0.000000,0.000000,0.000000
06021,Glenn,39.602546,-122.401700,2021,0,0,0.000000,9821413.019632,42.000000,65.000000,192.000000,172.000000,183.000000,,,0.063333,3.000000,67139,28494,11.114520,10.257449,0.861162,0.474661,0.449919,0.002176,0.611825,0.885917,6,,,,2.807609,0.000000,1.000000,344.683548,5.842627,,0.000000,0.000000,0.000000,0.000000
06021,Glenn,39.602546,-122.401700,2022,1,0,0.000000,9991811.843407,42.000000,61.000000,104.000000,98.000000,255.000000,,,0.063000,3.000000,67139,28494,11.114520,10.257449,0.861162,0.474661,0.449919,0.002176,0.611825,0.885917,6,,,,2.807609,0.000000,1.000000,350.663713,5.859828,,2.807609,7.882666,0.000000,0.000000
06021,Glenn,39.602546,-122.401700,2023,1,0,0.000000,9835345.477887,41.000000,58.000000,97.000000,133.000000,228.000000,,,0.060000,3.000000,67139,28494,11.114520,10.257449,0.861162,0.474661,0.449919,0.002176,0.611825,0.885917,6,,,,2.807609,0.000000,1.000000,345.172509,5.844044,,2.807609,7.882666,0.000000,0.000000
06021,Glenn,39.602546,-122.401700,2024,1,0,0.000000,9734358.726850,39.000000,54.000000,80.000000,124.000000,237.000000,,,0.057000,3.000000,67139,28494,11.114520,10.257449,0.861162,0.474661,0.449919,0.002176,0.611825,0.885917,6,,,,2.807609,0.000000,1.000000,341.628368,5.833724,,2.807609,7.882666,0.000000,0.000000
06021,Glenn,39.602546,-122.401700,2025,1,0,0.252055,9672534.803227,40.000000,54.000000,94.000000,51.000000,154.000000,,,,,67139,28494,11.114520,10.257449,0.861162,0.474661,0.449919,0.002176,0.611825,0.885917,6,0.010956,228.000000,20810.000000,2.807609,0.000000,1.000000,339.458651,5.827352,,2.807609,7.882666,0.000000,0.707671
06023,Humboldt,40.706655,-123.926176,2010,0,0,0.000000,50613225.857774,30.000000,41.000000,75.000000,50.000000,303.000000,,,0.045000,3.000000,61160,134541,11.021249,11.809624,0.849077,0.695067,0.141511,0.012911,0.565402,0.789092,5,,,,1.560862,7.581332,0.170732,376.191836,5.930099,,0.000000,0.000000,0.000000,0.000000
06023,Humboldt,40.706655,-123.926176,2011,0,0,0.000000,50251908.300267,38.000000,60.000000,80.000000,168.000000,190.000000,,,0.047000,3.000000,61160,134541,11.021249,11.809624,0.849077,0.695067,0.141511,0.012911,0.565402,0.789092,5,,,,1.560862,7.581332,0.170732,373.506279,5.922935,,0.000000,0.000000,0.000000,0.000000
06023,Humboldt,40.706655,-123.926176,2012,0,0,0.000000,49799362.840996,39.000000,58.000000,76.000000,220.000000,146.000000,6.794587,8.000000,0.045500,6.000000,61160,134541,11.021249,11.809624,0.849077,0.695067,0.141511,0.012911,0.565402,0.789092,5,,,,1.560862,7.581332,0.170732,370.142654,5.913888,1.916126,0.000000,0.000000,0.000000,0.000000
06023,Humboldt,40.706655,-123.926176,2013,0,0,0.000000,49784472.962550,44.000000,62.000000,108.000000,279.000000,84.000000,,,0.045500,6.000000,61160,134541,11.021249,11.809624,0.849077,0.695067,0.141511,0.012911,0.565402,0.789092,5,,,,1.560862,7.581332,0.170732,370.031983,5.913589,,0.000000,0.000000,0.000000,0.000000
06023,Humboldt,40.706655,-123.926176,2014,0,0,0.000000,50571545.841543,53.000000,69.000000,169.000000,307.000000,54.000000,10.760736,8.000000,0.042333,6.000000,61160,134541,11.021249,11.809624,0.849077,0.695067,0.141511,0.012911,0.565402,0.789092,5,,,,1.560862,7.581332,0.170732,375.882042,5.929275,2.375904,0.000000,0.000000,0.000000,0.000000
06023,Humboldt,40.706655,-123.926176,2015,0,0,0.000000,51810058.054983,40.000000,59.000000,91.000000,216.000000,145.000000,,,0.046000,6.000000,61160,134541,11.021249,11.809624,0.849077,0.695067,0.141511,0.012911,0.565402,0.789092,5,,,,1.560862,7.581332,0.170732,385.087505,5.953471,,0.000000,0.000000,0.000000,0.000000
06023,Humboldt,40.706655,-123.926176,2016,0,0,0.000000,52875939.455986,38.000000,57.000000,77.000000,169.000000,192.000000,,,0.046000,6.000000,61160,134541,11.021249,11.809624,0.849077,0.695067,0.141511,0.012911,0.565402,0.789092,5,,,,1.560862,7.581332,0.170732,393.009859,5.973835,,0.000000,0.000000,0.000000,0.000000
06023,Humboldt,40.706655,-123.926176,2017,0,0,0.000000,53272278.021297,37.000000,61.000000,180.000000,123.000000,230.000000,,,0.049333,6.000000,61160,134541,11.021249,11.809624,0.849077,0.695067,0.141511,0.012911,0.565402,0.789092,5,,,,1.560862,7.581332,0.170732,395.955716,5.981302,,0.000000,0.000000,0.000000,0.000000
06023,Humboldt,40.706655,-123.926176,2018,0,0,0.000000,52929136.183627,35.000000,58.000000,167.000000,117.000000,231.000000,,,0.044167,6.000000,61160,134541,11.021249,11.809624,0.849077,0.695067,0.141511,0.012911,0.565402,0.789092,5,,,,1.560862,7.581332,0.170732,393.405253,5.974840,,0.000000,0.000000,0.000000,0.000000
06023,Humboldt,40.706655,-123.926176,2019,0,0,0.000000,49921750.587282,28.000000,44.000000,69.000000,70.000000,253.000000,,,0.046000,3.000000,61160,134541,11.021249,11.809624,0.849077,0.695067,0.141511,0.012911,0.565402,0.789092,5,,,,1.560862,7.581332,0.170732,371.052323,5.916343,,0.000000,0.000000,0.000000,0.000000
06023,Humboldt,40.706655,-123.926176,2020,0,0,0.000000,46133242.241611,29.000000,53.000000,180.000000,81.000000,225.000000,,,0.040000,3.000000,61160,134541,11.021249,11.809624,0.849077,0.695067,0.141511,0.012911,0.565402,0.789092,5,,,,1.560862,7.581332,0.170732,342.893558,5.837420,,0.000000,0.000000,0.000000,0.000000
06023,Humboldt,40.706655,-123.926176,2021,0,0,0.000000,46374069.245257,29.000000,48.000000,64.000000,78.000000,219.000000,,,0.041000,3.000000,61160,134541,11.021249,11.809624,0.849077,0.695067,0.141511,0.012911,0.565402,0.789092,5,,,,1.560862,7.581332,0.170732,344.683548,5.842627,,0.000000,0.000000,0.000000,0.000000
06023,Humboldt,40.706655,-123.926176,2022,1,0,0.000000,47178646.635216,24.000000,42.000000,74.000000,84.000000,217.000000,,,0.035667,3.000000,61160,134541,11.021249,11.809624,0.849077,0.695067,0.141511,0.012911,0.565402,0.789092,5,,,,1.560862,7.581332,0.170732,350.663713,5.859828,,1.560862,2.436292,0.000000,0.000000
06023,Humboldt,40.706655,-123.926176,2023,1,0,0.000000,46439854.563783,32.000000,60.000000,299.000000,153.000000,190.000000,,,0.047000,3.000000,61160,134541,11.021249,11.809624,0.849077,0.695067,0.141511,0.012911,0.565402,0.789092,5,,,,1.560862,7.581332,0.170732,345.172509,5.844044,,1.560862,2.436292,0.000000,0.000000
06023,Humboldt,40.706655,-123.926176,2024,1,0,0.000000,45963022.301858,38.000000,58.000000,86.000000,199.000000,150.000000,6.693948,8.000000,0.047000,3.000000,61160,134541,11.021249,11.809624,0.849077,0.695067,0.141511,0.012911,0.565402,0.789092,5,,,,1.560862,7.581332,0.170732,341.628368,5.833724,1.901204,1.560862,2.436292,0.000000,0.000000
06023,Humboldt,40.706655,-123.926176,2025,1,0,0.252055,45671106.371902,36.000000,54.000000,75.000000,206.000000,87.000000,6.000355,8.000000,,,61160,134541,11.021249,11.809624,0.849077,0.695067,0.141511,0.012911,0.565402,0.789092,5,0.032043,2985.000000,93156.000000,1.560862,7.581332,0.170732,339.458651,5.827352,1.791819,1.560862,2.436292,0.000000,0.393423
06025,Imperial,33.040814,-115.355400,2010,0,0,0.000000,67790521.298508,57.000000,108.000000,140.000000,53.000000,258.000000,,,0.073000,12.000000,57681,180202,10.962683,12.101834,0.876763,0.091081,0.859513,0.019550,0.568246,0.878203,3,,,,1.553812,0.443946,0.777778,376.191836,5.930099,,0.000000,0.000000,0.000000,0.000000
06025,Imperial,33.040814,-115.355400,2011,0,0,0.000000,67306578.511566,52.000000,93.000000,168.000000,79.000000,218.000000,,,0.075000,12.000000,57681,180202,10.962683,12.101834,0.876763,0.091081,0.859513,0.019550,0.568246,0.878203,3,,,,1.553812,0.443946,0.777778,373.506279,5.922935,,0.000000,0.000000,0.000000,0.000000
06025,Imperial,33.040814,-115.355400,2012,0,0,0.000000,66700446.575194,55.000000,101.000000,274.000000,80.000000,214.000000,,,0.075750,12.000000,57681,180202,10.962683,12.101834,0.876763,0.091081,0.859513,0.019550,0.568246,0.878203,3,,,,1.553812,0.443946,0.777778,370.142654,5.913888,,0.000000,0.000000,0.000000,0.000000
06025,Imperial,33.040814,-115.355400,2013,0,0,0.000000,66680503.317185,58.000000,101.000000,207.000000,67.000000,186.000000,,,0.076667,9.000000,57681,180202,10.962683,12.101834,0.876763,0.091081,0.859513,0.019550,0.568246,0.878203,3,,,,1.553812,0.443946,0.777778,370.031983,5.913589,,0.000000,0.000000,0.000000,0.000000
06025,Imperial,33.040814,-115.355400,2014,0,0,0.000000,67734695.771087,69.000000,112.000000,352.000000,219.000000,82.000000,16.853924,16.000000,0.075000,9.000000,57681,180202,10.962683,12.101834,0.876763,0.091081,0.859513,0.019550,0.568246,0.878203,3,,,,1.553812,0.443946,0.777778,375.882042,5.929275,2.824584,0.000000,0.000000,0.000000,0.000000
06025,Imperial,33.040814,-115.355400,2015,0,0,0.000000,69393538.635985,66.000000,105.000000,184.000000,178.000000,113.000000,12.872517,16.000000,0.074778,9.000000,57681,180202,10.962683,12.101834,0.876763,0.091081,0.859513,0.019550,0.568246,0.878203,3,,,,1.553812,0.443946,0.777778,385.087505,5.953471,2.555095,0.000000,0.000000,0.000000,0.000000
06025,Imperial,33.040814,-115.355400,2016,0,0,0.000000,70821162.633306,61.000000,105.000000,546.000000,156.000000,118.000000,,,0.066333,9.000000,57681,180202,10.962683,12.101834,0.876763,0.091081,0.859513,0.019550,0.568246,0.878203,3,,,,1.553812,0.443946,0.777778,393.009859,5.973835,,0.000000,0.000000,0.000000,0.000000
06025,Imperial,33.040814,-115.355400,2017,0,0,0.000000,71352011.981431,64.000000,104.000000,328.000000,163.000000,139.000000,,,0.070250,12.000000,57681,180202,10.962683,12.101834,0.876763,0.091081,0.859513,0.019550,0.568246,0.878203,3,,,,1.553812,0.443946,0.777778,395.955716,5.981302,,0.000000,0.000000,0.000000,0.000000
06025,Imperial,33.040814,-115.355400,2018,0,0,0.000000,70892413.454352,64.000000,108.000000,286.000000,164.000000,103.000000,,,0.065750,12.000000,57681,180202,10.962683,12.101834,0.876763,0.091081,0.859513,0.019550,0.568246,0.878203,3,,,,1.553812,0.443946,0.777778,393.405253,5.974840,,0.000000,0.000000,0.000000,0.000000
06025,Imperial,33.040814,-115.355400,2019,0,0,0.000000,66864370.707288,61.000000,93.000000,185.000000,128.000000,185.000000,,,0.063750,12.000000,57681,180202,10.962683,12.101834,0.876763,0.091081,0.859513,0.019550,0.568246,0.878203,3,,,,1.553812,0.443946,0.777778,371.052323,5.916343,,0.000000,0.000000,0.000000,0.000000
06025,Imperial,33.040814,-115.355400,2020,0,0,0.000000,61790105.012025,60.000000,97.000000,166.000000,146.000000,153.000000,,,0.069375,8.000000,57681,180202,10.962683,12.101834,0.876763,0.091081,0.859513,0.019550,0.568246,0.878203,3,,,,1.553812,0.443946,0.777778,342.893558,5.837420,,0.000000,0.000000,0.000000,0.000000
06025,Imperial,33.040814,-115.355400,2021,0,0,0.000000,62112664.735164,60.000000,97.000000,436.000000,126.000000,134.000000,10.244290,8.000000,0.067083,12.000000,57681,180202,10.962683,12.101834,0.876763,0.091081,0.859513,0.019550,0.568246,0.878203,3,,,,1.553812,0.443946,0.777778,344.683548,5.842627,2.326720,0.000000,0.000000,0.000000,0.000000
06025,Imperial,33.040814,-115.355400,2022,1,0,0.000000,63190302.442818,61.000000,106.000000,791.000000,131.000000,131.000000,9.517125,24.000000,0.066500,12.000000,57681,180202,10.962683,12.101834,0.876763,0.091081,0.859513,0.019550,0.568246,0.878203,3,,,,1.553812,0.443946,0.777778,350.663713,5.859828,2.253093,1.553812,2.414331,0.000000,0.000000
06025,Imperial,33.040814,-115.355400,2023,1,0,0.000000,62200776.507554,61.000000,105.000000,506.000000,98.000000,171.000000,9.057685,16.000000,0.077667,9.000000,57681,180202,10.962683,12.101834,0.876763,0.091081,0.859513,0.019550,0.568246,0.878203,3,,,,1.553812,0.443946,0.777778,345.172509,5.844044,2.203614,1.553812,2.414331,0.000000,0.000000
06025,Imperial,33.040814,-115.355400,2024,1,0,0.000000,61562115.227621,63.000000,107.000000,341.000000,98.000000,194.000000,8.273091,24.000000,0.075000,6.000000,57681,180202,10.962683,12.101834,0.876763,0.091081,0.859513,0.019550,0.568246,0.878203,3,,,,1.553812,0.443946,0.777778,341.628368,5.833724,2.113008,1.553812,2.414331,0.000000,0.000000
06025,Imperial,33.040814,-115.355400,2025,1,0,0.252055,61171127.837829,64.000000,108.000000,190.000000,46.000000,121.000000,,,,,57681,180202,10.962683,12.101834,0.876763,0.091081,0.859513,0.019550,0.568246,0.878203,3,0.015278,2181.000000,142752.000000,1.553812,0.443946,0.777778,339.458651,5.827352,,1.553812,2.414331,0.000000,0.391646
06027,Inyo,36.562160,-117.404209,2010,0,0,0.000000,7049458.821837,44.000000,93.000000,4909.000000,80.000000,223.000000,7.477135,8.000000,0.069000,3.000000,73991,18739,11.211699,9.838362,0.821766,0.580287,0.241688,0.005230,0.664055,0.787922,6,,,,14.325866,1.067293,0.951220,376.191836,5.930099,2.011850,0.000000,0.000000,0.000000,0.000000
06027,Inyo,36.562160,-117.404209,2011,0,0,0.000000,6999134.164594,54.000000,105.000000,14703.000000,58.000000,257.000000,8.532320,8.000000,0.075000,3.000000,73991,18739,11.211699,9.838362,0.821766,0.580287,0.241688,0.005230,0.664055,0.787922,6,,,,14.325866,1.067293,0.951220,373.506279,5.922935,2.143861,0.000000,0.000000,0.000000,0.000000
06027,Inyo,36.562160,-117.404209,2012,0,0,0.000000,6936103.197370,49.000000,93.000000,4182.000000,27.000000,267.000000,7.542254,8.000000,0.073000,3.000000,73991,18739,11.211699,9.838362,0.821766,0.580287,0.241688,0.005230,0.664055,0.787922,6,,,,14.325866,1.067293,0.951220,370.142654,5.913888,2.020521,0.000000,0.000000,0.000000,0.000000
06027,Inyo,36.562160,-117.404209,2013,0,0,0.000000,6934029.320766,47.000000,87.000000,417.000000,43.000000,274.000000,8.031534,8.000000,0.070000,3.000000,73991,18739,11.211699,9.838362,0.821766,0.580287,0.241688,0.005230,0.664055,0.787922,6,,,,14.325866,1.067293,0.951220,370.031983,5.913589,2.083376,0.000000,0.000000,0.000000,0.000000
06027,Inyo,36.562160,-117.404209,2014,0,0,0.000000,7043653.589052,48.000000,84.000000,957.000000,50.000000,276.000000,7.869146,8.000000,0.069000,3.000000,73991,18739,11.211699,9.838362,0.821766,0.580287,0.241688,0.005230,0.664055,0.787922,6,,,,14.325866,1.067293,0.951220,375.882042,5.929275,2.062950,0.000000,0.000000,0.000000,0.000000
06027,Inyo,36.562160,-117.404209,2015,0,0,0.000000,7216154.762432,49.000000,90.000000,1482.000000,55.000000,265.000000,6.904998,32.000000,0.066333,6.000000,73991,18739,11.211699,9.838362,0.821766,0.580287,0.241688,0.005230,0.664055,0.787922,6,,,,14.325866,1.067293,0.951220,385.087505,5.953471,1.932246,0.000000,0.000000,0.000000,0.000000
06027,Inyo,36.562160,-117.404209,2016,0,0,0.000000,7364611.750067,45.000000,87.000000,418.000000,29.000000,301.000000,5.320380,16.000000,0.067333,6.000000,73991,18739,11.211699,9.838362,0.821766,0.580287,0.241688,0.005230,0.664055,0.787922,6,,,,14.325866,1.067293,0.951220,393.009859,5.973835,1.671545,0.000000,0.000000,0.000000,0.000000
06027,Inyo,36.562160,-117.404209,2017,0,0,0.000000,7419814.166991,49.000000,87.000000,2234.000000,58.000000,256.000000,6.450512,48.000000,0.062333,9.000000,73991,18739,11.211699,9.838362,0.821766,0.580287,0.241688,0.005230,0.664055,0.787922,6,,,,14.325866,1.067293,0.951220,395.955716,5.981302,1.864159,0.000000,0.000000,0.000000,0.000000
06027,Inyo,36.562160,-117.404209,2018,0,0,0.000000,7372021.041504,49.000000,101.000000,638.000000,44.000000,291.000000,6.625653,56.000000,0.066111,9.000000,73991,18739,11.211699,9.838362,0.821766,0.580287,0.241688,0.005230,0.664055,0.787922,6,,,,14.325866,1.067293,0.951220,393.405253,5.974840,1.890949,0.000000,0.000000,0.000000,0.000000
06027,Inyo,36.562160,-117.404209,2019,0,0,0.000000,6953149.480493,47.000000,84.000000,653.000000,23.000000,313.000000,4.407060,40.000000,0.061333,9.000000,73991,18739,11.211699,9.838362,0.821766,0.580287,0.241688,0.005230,0.664055,0.787922,6,,,,14.325866,1.067293,0.951220,371.052323,5.916343,1.483208,0.000000,0.000000,0.000000,0.000000
06027,Inyo,36.562160,-117.404209,2020,0,0,0.000000,6425482.390985,57.000000,130.000000,705.000000,128.000000,218.000000,9.850800,56.000000,0.061778,9.000000,73991,18739,11.211699,9.838362,0.821766,0.580287,0.241688,0.005230,0.664055,0.787922,6,,,,14.325866,1.067293,0.951220,342.893558,5.837420,2.287553,0.000000,0.000000,0.000000,0.000000
06027,Inyo,36.562160,-117.404209,2021,0,0,0.000000,6459025.007892,61.000000,115.000000,558.000000,185.000000,152.000000,9.820284,88.000000,0.070667,12.000000,73991,18739,11.211699,9.838362,0.821766,0.580287,0.241688,0.005230,0.664055,0.787922,6,,,,14.325866,1.067293,0.951220,344.683548,5.842627,2.284450,0.000000,0.000000,0.000000,0.000000
06027,Inyo,36.562160,-117.404209,2022,1,0,0.000000,6571087.321317,58.000000,97.000000,1551.000000,130.000000,188.000000,5.563212,72.000000,0.064500,6.000000,73991,18739,11.211699,9.838362,0.821766,0.580287,0.241688,0.005230,0.664055,0.787922,6,,,,14.325866,1.067293,0.951220,350.663713,5.859828,1.716176,14.325866,205.230449,0.000000,0.000000
06027,Inyo,36.562160,-117.404209,2023,1,0,0.000000,6468187.650387,61.000000,90.000000,786.000000,123.000000,202.000000,5.446602,64.000000,0.059667,9.000000,73991,18739,11.211699,9.838362,0.821766,0.580287,0.241688,0.005230,0.664055,0.787922,6,,,,14.325866,1.067293,0.951220,345.172509,5.844044,1.694992,14.325866,205.230449,0.000000,0.000000
06027,Inyo,36.562160,-117.404209,2024,1,0,0.000000,6401773.993909,61.000000,93.000000,1322.000000,130.000000,188.000000,6.106555,48.000000,0.065500,6.000000,73991,18739,11.211699,9.838362,0.821766,0.580287,0.241688,0.005230,0.664055,0.787922,6,,,,14.325866,1.067293,0.951220,341.628368,5.833724,1.809363,14.325866,205.230449,0.000000,0.000000
06027,Inyo,36.562160,-117.404209,2025,1,0,0.252055,6361115.662163,54.000000,84.000000,163.000000,111.000000,150.000000,,,,,73991,18739,11.211699,9.838362,0.821766,0.580287,0.241688,0.005230,0.664055,0.787922,6,0.024609,610.000000,24788.000000,14.325866,1.067293,0.951220,339.458651,5.827352,,14.325866,205.230449,0.000000,3.610903
06029,Kern,35.346629,-118.729506,2010,0,0,0.000000,344243744.671157,81.000000,151.000000,202.000000,185.000000,177.000000,,,0.091000,24.000000,70210,915075,11.159246,13.726761,0.826288,0.295556,0.564612,0.048069,0.600612,0.898016,2,,,,2.349534,1.234871,0.655488,376.191836,5.930099,,0.000000,0.000000,0.000000,0.000000
06029,Kern,35.346629,-118.729506,2011,0,0,0.000000,341786258.373777,84.000000,151.000000,200.000000,167.000000,194.000000,,,0.088143,21.000000,70210,915075,11.159246,13.726761,0.826288,0.295556,0.564612,0.048069,0.600612,0.898016,2,,,,2.349534,1.234871,0.655488,373.506279,5.922935,,0.000000,0.000000,0.000000,0.000000
06029,Kern,35.346629,-118.729506,2012,0,0,0.000000,338708289.307530,85.000000,154.000000,202.000000,173.000000,189.000000,6.563478,8.000000,0.086143,21.000000,70210,915075,11.159246,13.726761,0.826288,0.295556,0.564612,0.048069,0.600612,0.898016,2,,,,2.349534,1.234871,0.655488,370.142654,5.913888,1.881521,0.000000,0.000000,0.000000,0.000000
06029,Kern,35.346629,-118.729506,2013,0,0,0.000000,338607016.420312,90.000000,148.000000,242.000000,209.000000,154.000000,8.418098,8.000000,0.081625,24.000000,70210,915075,11.159246,13.726761,0.826288,0.295556,0.564612,0.048069,0.600612,0.898016,2,,,,2.349534,1.234871,0.655488,370.031983,5.913589,2.130384,0.000000,0.000000,0.000000,0.000000
06029,Kern,35.346629,-118.729506,2014,0,0,0.000000,343960259.779178,97.000000,154.000000,307.000000,140.000000,217.000000,5.846839,8.000000,0.083750,24.000000,70210,915075,11.159246,13.726761,0.826288,0.295556,0.564612,0.048069,0.600612,0.898016,2,,,,2.349534,1.234871,0.655488,375.882042,5.929275,1.765901,0.000000,0.000000,0.000000,0.000000
06029,Kern,35.346629,-118.729506,2015,0,0,0.000000,352383948.942430,84.000000,146.000000,201.000000,154.000000,208.000000,5.041953,8.000000,0.086125,24.000000,70210,915075,11.159246,13.726761,0.826288,0.295556,0.564612,0.048069,0.600612,0.898016,2,,,,2.349534,1.234871,0.655488,385.087505,5.953471,1.617794,0.000000,0.000000,0.000000,0.000000
06029,Kern,35.346629,-118.729506,2016,0,0,0.000000,359633496.835065,80.000000,136.000000,169.000000,148.000000,211.000000,7.478187,8.000000,0.083000,24.000000,70210,915075,11.159246,13.726761,0.826288,0.295556,0.564612,0.048069,0.600612,0.898016,2,,,,2.349534,1.234871,0.655488,393.009859,5.973835,2.011990,0.000000,0.000000,0.000000,0.000000
06029,Kern,35.346629,-118.729506,2017,0,0,0.000000,362329177.056348,85.000000,140.000000,197.000000,121.000000,236.000000,5.561787,8.000000,0.084000,24.000000,70210,915075,11.159246,13.726761,0.826288,0.295556,0.564612,0.048069,0.600612,0.898016,2,,,,2.349534,1.234871,0.655488,395.955716,5.981302,1.715919,0.000000,0.000000,0.000000,0.000000
06029,Kern,35.346629,-118.729506,2018,0,0,0.000000,359995312.159361,84.000000,142.000000,190.000000,126.000000,226.000000,7.314855,16.000000,0.091500,30.000000,70210,915075,11.159246,13.726761,0.826288,0.295556,0.564612,0.048069,0.600612,0.898016,2,,,,2.349534,1.234871,0.655488,393.405253,5.974840,1.989907,0.000000,0.000000,0.000000,0.000000
06029,Kern,35.346629,-118.729506,2019,0,0,0.000000,339540704.459285,69.000000,122.000000,553.000000,108.000000,228.000000,5.312759,16.000000,0.078250,24.000000,70210,915075,11.159246,13.726761,0.826288,0.295556,0.564612,0.048069,0.600612,0.898016,2,,,,2.349534,1.234871,0.655488,371.052323,5.916343,1.670111,0.000000,0.000000,0.000000,0.000000
06029,Kern,35.346629,-118.729506,2020,0,0,0.000000,313773322.959115,83.000000,140.000000,267.000000,166.000000,184.000000,7.820222,8.000000,0.088833,18.000000,70210,915075,11.159246,13.726761,0.826288,0.295556,0.564612,0.048069,0.600612,0.898016,2,,,,2.349534,1.234871,0.655488,342.893558,5.837420,2.056713,0.000000,0.000000,0.000000,0.000000
06029,Kern,35.346629,-118.729506,2021,0,0,0.000000,315411297.779882,84.000000,147.000000,314.000000,199.000000,151.000000,13.678732,40.000000,0.081708,24.000000,70210,915075,11.159246,13.726761,0.826288,0.295556,0.564612,0.048069,0.600612,0.898016,2,,,,2.349534,1.234871,0.655488,344.683548,5.842627,2.615842,0.000000,0.000000,0.000000,0.000000
06029,Kern,35.346629,-118.729506,2022,1,0,0.000000,320883597.339993,80.000000,136.000000,289.000000,153.000000,189.000000,8.342536,24.000000,0.079542,24.000000,70210,915075,11.159246,13.726761,0.826288,0.295556,0.564612,0.048069,0.600612,0.898016,2,,,,2.349534,1.234871,0.655488,350.663713,5.859828,2.121367,2.349534,5.520311,0.000000,0.000000
06029,Kern,35.346629,-118.729506,2023,1,0,0.000000,315858733.880032,69.000000,122.000000,174.000000,135.000000,217.000000,7.979727,24.000000,0.079625,24.000000,70210,915075,11.159246,13.726761,0.826288,0.295556,0.564612,0.048069,0.600612,0.898016,2,,,,2.349534,1.234871,0.655488,345.172509,5.844044,2.076904,2.349534,5.520311,0.000000,0.000000
06029,Kern,35.346629,-118.729506,2024,1,0,0.000000,312615579.138498,72.000000,140.000000,177.000000,122.000000,225.000000,7.123437,24.000000,0.083250,24.000000,70210,915075,11.159246,13.726761,0.826288,0.295556,0.564612,0.048069,0.600612,0.898016,2,,,,2.349534,1.234871,0.655488,341.628368,5.833724,1.963390,2.349534,5.520311,0.000000,0.000000
06029,Kern,35.346629,-118.729506,2025,1,0,0.252055,310630125.116268,61.000000,100.000000,143.000000,117.000000,150.000000,,,,,70210,915075,11.159246,13.726761,0.826288,0.295556,0.564612,0.048069,0.600612,0.898016,2,0.026578,15027.000000,565399.000000,2.349534,1.234871,0.655488,339.458651,5.827352,,2.349534,5.520311,0.000000,0.592211
06031,Kings,36.072478,-119.815530,2010,0,0,0.000000,57669456.132666,72.000000,129.000000,208.000000,239.000000,125.000000,19.377370,24.000000,0.087000,3.000000,70995,153298,11.170365,11.940139,0.851130,0.280375,0.582186,0.058103,0.541860,0.905962,3,,,,6.523242,1.826508,0.781250,376.191836,5.930099,2.964106,0.000000,0.000000,0.000000,0.000000
06031,Kings,36.072478,-119.815530,2011,0,0,0.000000,57257765.577885,73.000000,129.000000,185.000000,189.000000,170.000000,18.136023,8.000000,0.083000,6.000000,70995,153298,11.170365,11.940139,0.851130,0.280375,0.582186,0.058103,0.541860,0.905962,3,,,,6.523242,1.826508,0.781250,373.506279,5.922935,2.897900,0.000000,0.000000,0.000000,0.000000
06031,Kings,36.072478,-119.815530,2012,0,0,0.000000,56742128.606142,68.000000,114.000000,172.000000,161.000000,188.000000,14.745506,8.000000,0.079750,4.000000,70995,153298,11.170365,11.940139,0.851130,0.280375,0.582186,0.058103,0.541860,0.905962,3,,,,6.523242,1.826508,0.781250,370.142654,5.913888,2.690938,0.000000,0.000000,0.000000,0.000000
06031,Kings,36.072478,-119.815530,2013,0,0,0.000000,56725162.859002,77.000000,130.000000,204.000000,140.000000,184.000000,18.058824,8.000000,0.085000,1.000000,70995,153298,11.170365,11.940139,0.851130,0.280375,0.582186,0.058103,0.541860,0.905962,3,,,,6.523242,1.826508,0.781250,370.031983,5.913589,2.893634,0.000000,0.000000,0.000000,0.000000
06031,Kings,36.072478,-119.815530,2014,0,0,0.000000,57621965.307356,71.000000,126.000000,180.000000,135.000000,189.000000,17.112337,8.000000,0.081500,6.000000,70995,153298,11.170365,11.940139,0.851130,0.280375,0.582186,0.058103,0.541860,0.905962,3,,,,6.523242,1.826508,0.781250,375.882042,5.929275,2.839800,0.000000,0.000000,0.000000,0.000000
06031,Kings,36.072478,-119.815530,2015,0,0,0.000000,59033144.392511,74.000000,119.000000,182.000000,153.000000,179.000000,16.140646,8.000000,0.078000,6.000000,70995,153298,11.170365,11.940139,0.851130,0.280375,0.582186,0.058103,0.541860,0.905962,3,,,,6.523242,1.826508,0.781250,385.087505,5.953471,2.781341,0.000000,0.000000,0.000000,0.000000
06031,Kings,36.072478,-119.815530,2016,0,0,0.000000,60247625.383517,72.000000,115.000000,156.000000,155.000000,164.000000,15.635457,8.000000,0.080000,6.000000,70995,153298,11.170365,11.940139,0.851130,0.280375,0.582186,0.058103,0.541860,0.905962,3,,,,6.523242,1.826508,0.781250,393.009859,5.973835,2.749541,0.000000,0.000000,0.000000,0.000000
06031,Kings,36.072478,-119.815530,2017,0,0,0.000000,60699219.391180,72.000000,125.000000,192.000000,145.000000,185.000000,16.617122,16.000000,0.080500,6.000000,70995,153298,11.170365,11.940139,0.851130,0.280375,0.582186,0.058103,0.541860,0.905962,3,,,,6.523242,1.826508,0.781250,395.955716,5.981302,2.810434,0.000000,0.000000,0.000000,0.000000
06031,Kings,36.072478,-119.815530,2018,0,0,0.000000,60308238.519690,70.000000,114.000000,190.000000,160.000000,161.000000,17.363215,16.000000,0.078500,6.000000,70995,153298,11.170365,11.940139,0.851130,0.280375,0.582186,0.058103,0.541860,0.905962,3,,,,6.523242,1.826508,0.781250,393.405253,5.974840,2.854354,0.000000,0.000000,0.000000,0.000000
06031,Kings,36.072478,-119.815530,2019,0,0,0.000000,56881579.009589,58.000000,105.000000,508.000000,130.000000,166.000000,12.099645,16.000000,0.073500,6.000000,70995,153298,11.170365,11.940139,0.851130,0.280375,0.582186,0.058103,0.541860,0.905962,3,,,,6.523242,1.826508,0.781250,371.052323,5.916343,2.493176,0.000000,0.000000,0.000000,0.000000
06031,Kings,36.072478,-119.815530,2020,0,0,0.000000,52564896.716648,70.000000,124.000000,548.000000,199.000000,118.000000,18.984359,48.000000,0.080000,6.000000,70995,153298,11.170365,11.940139,0.851130,0.280375,0.582186,0.058103,0.541860,0.905962,3,,,,6.523242,1.826508,0.781250,342.893558,5.837420,2.943615,0.000000,0.000000,0.000000,0.000000
06031,Kings,36.072478,-119.815530,2021,0,0,0.000000,52839298.557015,64.000000,109.000000,685.000000,168.000000,119.000000,15.231497,16.000000,0.074000,6.000000,70995,153298,11.170365,11.940139,0.851130,0.280375,0.582186,0.058103,0.541860,0.905962,3,,,,6.523242,1.826508,0.781250,344.683548,5.842627,2.723365,0.000000,0.000000,0.000000,0.000000
06031,Kings,36.072478,-119.815530,2022,1,0,0.000000,53756045.903370,69.000000,108.000000,187.000000,149.000000,163.000000,14.402669,16.000000,0.075000,6.000000,70995,153298,11.170365,11.940139,0.851130,0.280375,0.582186,0.058103,0.541860,0.905962,3,,,,6.523242,1.826508,0.781250,350.663713,5.859828,2.667414,6.523242,42.552690,0.000000,0.000000
06031,Kings,36.072478,-119.815530,2023,1,0,0.000000,52914255.319336,58.000000,95.000000,148.000000,165.000000,154.000000,11.273460,16.000000,,,70995,153298,11.170365,11.940139,0.851130,0.280375,0.582186,0.058103,0.541860,0.905962,3,,,,6.523242,1.826508,0.781250,345.172509,5.844044,2.422451,6.523242,42.552690,0.000000,0.000000
06031,Kings,36.072478,-119.815530,2024,1,0,0.000000,52370945.606397,60.000000,100.000000,156.000000,146.000000,165.000000,10.959338,16.000000,0.083000,3.000000,70995,153298,11.170365,11.940139,0.851130,0.280375,0.582186,0.058103,0.541860,0.905962,3,,,,6.523242,1.826508,0.781250,341.628368,5.833724,2.394192,6.523242,42.552690,0.000000,0.000000
06031,Kings,36.072478,-119.815530,2025,1,0,0.252055,52038332.289784,53.000000,85.000000,105.000000,88.000000,90.000000,,,,,70995,153298,11.170365,11.940139,0.851130,0.280375,0.582186,0.058103,0.541860,0.905962,3,0.022460,1834.000000,81656.000000,6.523242,1.826508,0.781250,339.458651,5.827352,,6.523242,42.552690,0.000000,1.644215
06033,Lake,39.108009,-122.745217,2010,0,0,0.000000,25638226.032652,35.000000,44.000000,74.000000,4.000000,357.000000,,,0.056000,3.000000,60621,68152,11.012397,11.129496,0.843764,0.640304,0.246449,0.019589,0.721641,0.807299,4,,,,0.000000,2.054232,0.000000,376.191836,5.930099,,0.000000,0.000000,0.000000,0.000000
06033,Lake,39.108009,-122.745217,2011,0,0,0.000000,25455199.935185,34.000000,44.000000,54.000000,4.000000,361.000000,,,0.055000,3.000000,60621,68152,11.012397,11.129496,0.843764,0.640304,0.246449,0.019589,0.721641,0.807299,4,,,,0.000000,2.054232,0.000000,373.506279,5.922935,,0.000000,0.000000,0.000000,0.000000
06033,Lake,39.108009,-122.745217,2012,0,0,0.000000,25225962.170190,35.000000,48.000000,143.000000,7.000000,355.000000,,,0.064000,9.000000,60621,68152,11.012397,11.129496,0.843764,0.640304,0.246449,0.019589,0.721641,0.807299,4,,,,0.000000,2.054232,0.000000,370.142654,5.913888,,0.000000,0.000000,0.000000,0.000000
06033,Lake,39.108009,-122.745217,2013,0,0,0.000000,25218419.673882,33.000000,44.000000,80.000000,7.000000,357.000000,,,0.059000,3.000000,60621,68152,11.012397,11.129496,0.843764,0.640304,0.246449,0.019589,0.721641,0.807299,4,,,,0.000000,2.054232,0.000000,370.031983,5.913589,,0.000000,0.000000,0.000000,0.000000
06033,Lake,39.108009,-122.745217,2014,0,0,0.000000,25617112.940984,37.000000,48.000000,93.000000,7.000000,349.000000,,,0.061000,3.000000,60621,68152,11.012397,11.129496,0.843764,0.640304,0.246449,0.019589,0.721641,0.807299,4,,,,0.000000,2.054232,0.000000,375.882042,5.929275,,0.000000,0.000000,0.000000,0.000000
06033,Lake,39.108009,-122.745217,2015,0,0,0.000000,26244483.663442,36.000000,47.000000,148.000000,4.000000,359.000000,,,0.058000,3.000000,60621,68152,11.012397,11.129496,0.843764,0.640304,0.246449,0.019589,0.721641,0.807299,4,,,,0.000000,2.054232,0.000000,385.087505,5.953471,,0.000000,0.000000,0.000000,0.000000
06033,Lake,39.108009,-122.745217,2016,0,0,0.000000,26784407.918808,33.000000,44.000000,74.000000,2.000000,363.000000,,,0.057000,3.000000,60621,68152,11.012397,11.129496,0.843764,0.640304,0.246449,0.019589,0.721641,0.807299,4,,,,0.000000,2.054232,0.000000,393.009859,5.973835,,0.000000,0.000000,0.000000,0.000000
06033,Lake,39.108009,-122.745217,2017,0,0,0.000000,26985173.974531,35.000000,44.000000,172.000000,15.000000,346.000000,,,,,60621,68152,11.012397,11.129496,0.843764,0.640304,0.246449,0.019589,0.721641,0.807299,4,,,,0.000000,2.054232,0.000000,395.955716,5.981302,,0.000000,0.000000,0.000000,0.000000
06033,Lake,39.108009,-122.745217,2018,0,0,0.000000,26811354.822594,33.000000,43.000000,233.000000,12.000000,343.000000,,,0.053000,3.000000,60621,68152,11.012397,11.129496,0.843764,0.640304,0.246449,0.019589,0.721641,0.807299,4,,,,0.000000,2.054232,0.000000,393.405253,5.974840,,0.000000,0.000000,0.000000,0.000000
06033,Lake,39.108009,-122.745217,2019,0,0,0.000000,25287957.916356,31.000000,42.000000,50.000000,8.000000,351.000000,,,0.051000,3.000000,60621,68152,11.012397,11.129496,0.843764,0.640304,0.246449,0.019589,0.721641,0.807299,4,,,,0.000000,2.054232,0.000000,371.052323,5.916343,,0.000000,0.000000,0.000000,0.000000
06033,Lake,39.108009,-122.745217,2020,0,0,0.000000,23368881.792541,32.000000,44.000000,190.000000,25.000000,324.000000,,,0.059000,3.000000,60621,68152,11.012397,11.129496,0.843764,0.640304,0.246449,0.019589,0.721641,0.807299,4,,,,0.000000,2.054232,0.000000,342.893558,5.837420,,0.000000,0.000000,0.000000,0.000000
06033,Lake,39.108009,-122.745217,2021,0,0,0.000000,23490873.170281,33.000000,43.000000,157.000000,19.000000,335.000000,,,0.054000,9.000000,60621,68152,11.012397,11.129496,0.843764,0.640304,0.246449,0.019589,0.721641,0.807299,4,,,,0.000000,2.054232,0.000000,344.683548,5.842627,,0.000000,0.000000,0.000000,0.000000
06033,Lake,39.108009,-122.745217,2022,1,0,0.000000,23898433.380778,32.000000,43.000000,76.000000,13.000000,350.000000,,,0.053000,3.000000,60621,68152,11.012397,11.129496,0.843764,0.640304,0.246449,0.019589,0.721641,0.807299,4,,,,0.000000,2.054232,0.000000,350.663713,5.859828,,0.000000,0.000000,0.000000,0.000000
06033,Lake,39.108009,-122.745217,2023,1,0,0.000000,23524196.848774,32.000000,39.000000,67.000000,10.000000,353.000000,,,0.048000,3.000000,60621,68152,11.012397,11.129496,0.843764,0.640304,0.246449,0.019589,0.721641,0.807299,4,,,,0.000000,2.054232,0.000000,345.172509,5.844044,,0.000000,0.000000,0.000000,0.000000
06033,Lake,39.108009,-122.745217,2024,1,0,0.000000,23282656.557601,32.000000,41.000000,67.000000,6.000000,357.000000,,,0.050000,3.000000,60621,68152,11.012397,11.129496,0.843764,0.640304,0.246449,0.019589,0.721641,0.807299,4,,,,0.000000,2.054232,0.000000,341.628368,5.833724,,0.000000,0.000000,0.000000,0.000000
06033,Lake,39.108009,-122.745217,2025,1,0,0.252055,23134785.986858,17.000000,29.000000,32.000000,30.000000,0.000000,,,,,60621,68152,11.012397,11.129496,0.843764,0.640304,0.246449,0.019589,0.721641,0.807299,4,0.016961,799.000000,47107.000000,0.000000,2.054232,0.000000,339.458651,5.827352,,0.000000,0.000000,0.000000,0.000000
06035,Lassen,40.715287,-120.621223,2010,0,0,0.000000,11419679.385010,,,,,,,,,,67403,30356,11.118445,10.320749,0.873040,0.613025,0.225688,0.061108,0.681843,0.873834,7,,,,2.635393,1.317697,0.666667,376.191836,5.930099,,0.000000,0.000000,0.000000,0.000000
06035,Lassen,40.715287,-120.621223,2011,0,0,0.000000,11338156.609234,,,,,,,,,,67403,30356,11.118445,10.320749,0.873040,0.613025,0.225688,0.061108,0.681843,0.873834,7,,,,2.635393,1.317697,0.666667,373.506279,5.922935,,0.000000,0.000000,0.000000,0.000000
06035,Lassen,40.715287,-120.621223,2012,0,0,0.000000,11236050.411408,,,,,,,,,,67403,30356,11.118445,10.320749,0.873040,0.613025,0.225688,0.061108,0.681843,0.873834,7,,,,2.635393,1.317697,0.666667,370.142654,5.913888,,0.000000,0.000000,0.000000,0.000000
06035,Lassen,40.715287,-120.621223,2013,0,0,0.000000,11232690.861902,,,,,,,,,,67403,30356,11.118445,10.320749,0.873040,0.613025,0.225688,0.061108,0.681843,0.873834,7,,,,2.635393,1.317697,0.666667,370.031983,5.913589,,0.000000,0.000000,0.000000,0.000000
06035,Lassen,40.715287,-120.621223,2014,0,0,0.000000,11410275.273455,,,,,,,,,,67403,30356,11.118445,10.320749,0.873040,0.613025,0.225688,0.061108,0.681843,0.873834,7,,,,2.635393,1.317697,0.666667,375.882042,5.929275,,0.000000,0.000000,0.000000,0.000000
06035,Lassen,40.715287,-120.621223,2015,0,0,0.000000,11689716.311883,,,,,,,,,,67403,30356,11.118445,10.320749,0.873040,0.613025,0.225688,0.061108,0.681843,0.873834,7,,,,2.635393,1.317697,0.666667,385.087505,5.953471,,0.000000,0.000000,0.000000,0.000000
06035,Lassen,40.715287,-120.621223,2016,0,0,0.000000,11930207.283474,,,,,,,,,,67403,30356,11.118445,10.320749,0.873040,0.613025,0.225688,0.061108,0.681843,0.873834,7,,,,2.635393,1.317697,0.666667,393.009859,5.973835,,0.000000,0.000000,0.000000,0.000000
06035,Lassen,40.715287,-120.621223,2017,0,0,0.000000,12019631.722780,,,,,,,,,,67403,30356,11.118445,10.320749,0.873040,0.613025,0.225688,0.061108,0.681843,0.873834,7,,,,2.635393,1.317697,0.666667,395.955716,5.981302,,0.000000,0.000000,0.000000,0.000000
06035,Lassen,40.715287,-120.621223,2018,0,0,0.000000,11942209.869038,,,,,,,,,,67403,30356,11.118445,10.320749,0.873040,0.613025,0.225688,0.061108,0.681843,0.873834,7,,,,2.635393,1.317697,0.666667,393.405253,5.974840,,0.000000,0.000000,0.000000,0.000000
06035,Lassen,40.715287,-120.621223,2019,0,0,0.000000,11263664.316658,,,,,,,,,,67403,30356,11.118445,10.320749,0.873040,0.613025,0.225688,0.061108,0.681843,0.873834,7,,,,2.635393,1.317697,0.666667,371.052323,5.916343,,0.000000,0.000000,0.000000,0.000000
06035,Lassen,40.715287,-120.621223,2020,0,0,0.000000,10408876.858997,,,,,,,,,,67403,30356,11.118445,10.320749,0.873040,0.613025,0.225688,0.061108,0.681843,0.873834,7,,,,2.635393,1.317697,0.666667,342.893558,5.837420,,0.000000,0.000000,0.000000,0.000000
06035,Lassen,40.715287,-120.621223,2021,0,0,0.000000,10463213.786199,,,,,,,,,,67403,30356,11.118445,10.320749,0.873040,0.613025,0.225688,0.061108,0.681843,0.873834,7,,,,2.635393,1.317697,0.666667,344.683548,5.842627,,0.000000,0.000000,0.000000,0.000000
06035,Lassen,40.715287,-120.621223,2022,1,0,0.000000,10644747.677352,,,,,,,,,,67403,30356,11.118445,10.320749,0.873040,0.613025,0.225688,0.061108,0.681843,0.873834,7,,,,2.635393,1.317697,0.666667,350.663713,5.859828,,2.635393,6.945298,0.000000,0.000000
06035,Lassen,40.715287,-120.621223,2023,1,0,0.000000,10478056.690066,,,,,,,,,,67403,30356,11.118445,10.320749,0.873040,0.613025,0.225688,0.061108,0.681843,0.873834,7,,,,2.635393,1.317697,0.666667,345.172509,5.844044,,2.635393,6.945298,0.000000,0.000000
06035,Lassen,40.715287,-120.621223,2024,1,0,0.000000,10370470.748658,,,,,,,,,,67403,30356,11.118445,10.320749,0.873040,0.613025,0.225688,0.061108,0.681843,0.873834,7,,,,2.635393,1.317697,0.666667,341.628368,5.833724,,2.635393,6.945298,0.000000,0.000000
06035,Lassen,40.715287,-120.621223,2025,1,0,0.252055,10304606.811496,,,,,,,,,,67403,30356,11.118445,10.320749,0.873040,0.613025,0.225688,0.061108,0.681843,0.873834,7,0.005015,63.000000,12563.000000,2.635393,1.317697,0.666667,339.458651,5.827352,,2.635393,6.945298,0.000000,0.664264
06037,Los Angeles,34.196398,-118.261862,2010,0,0,0.000000,3689940451.124123,78.000000,138.000000,200.000000,191.000000,148.000000,,,0.070956,45.000000,90112,9808667,11.408809,16.098777,0.720247,0.247249,0.484497,0.074132,0.458951,0.740837,1,,,,0.984843,6.553388,0.130646,376.191836,5.930099,,0.000000,0.000000,0.000000,0.000000
06037,Los Angeles,34.196398,-118.261862,2011,0,0,0.000000,3663598714.383350,80.000000,151.000000,218.000000,203.000000,147.000000,,,0.075267,45.000000,90112,9808667,11.408809,16.098777,0.720247,0.247249,0.484497,0.074132,0.458951,0.740837,1,,,,0.984843,6.553388,0.130646,373.506279,5.922935,,0.000000,0.000000,0.000000,0.000000
06037,Los Angeles,34.196398,-118.261862,2012,0,0,0.000000,3630606037.709720,84.000000,151.000000,207.000000,191.000000,161.000000,,,0.078000,42.000000,90112,9808667,11.408809,16.098777,0.720247,0.247249,0.484497,0.074132,0.458951,0.740837,1,,,,0.984843,6.553388,0.130646,370.142654,5.913888,,0.000000,0.000000,0.000000,0.000000
06037,Los Angeles,34.196398,-118.261862,2013,0,0,0.000000,3629520496.058110,79.000000,140.000000,197.000000,191.000000,159.000000,,,0.075162,37.000000,90112,9808667,11.408809,16.098777,0.720247,0.247249,0.484497,0.074132,0.458951,0.740837,1,,,,0.984843,6.553388,0.130646,370.031983,5.913589,,0.000000,0.000000,0.000000,0.000000
06037,Los Angeles,34.196398,-118.261862,2014,0,0,0.000000,3686901783.359232,82.000000,143.000000,205.000000,192.000000,160.000000,,,0.080487,39.000000,90112,9808667,11.408809,16.098777,0.720247,0.247249,0.484497,0.074132,0.458951,0.740837,1,,,,0.984843,6.553388,0.130646,375.882042,5.929275,,0.000000,0.000000,0.000000,0.000000
06037,Los Angeles,34.196398,-118.261862,2015,0,0,0.000000,3777195105.670353,80.000000,151.000000,203.000000,180.000000,167.000000,,,0.081054,37.000000,90112,9808667,11.408809,16.098777,0.720247,0.247249,0.484497,0.074132,0.458951,0.740837,1,,,,0.984843,6.553388,0.130646,385.087505,5.953471,,0.000000,0.000000,0.000000,0.000000
06037,Los Angeles,34.196398,-118.261862,2016,0,0,0.000000,3854902835.833899,77.000000,134.000000,226.000000,190.000000,152.000000,11.323831,24.000000,0.079154,39.000000,90112,9808667,11.408809,16.098777,0.720247,0.247249,0.484497,0.074132,0.458951,0.740837,1,,,,0.984843,6.553388,0.130646,393.009859,5.973835,2.426909,0.000000,0.000000,0.000000,0.000000
06037,Los Angeles,34.196398,-118.261862,2017,0,0,0.000000,3883797767.537917,79.000000,156.000000,224.000000,189.000000,156.000000,12.250246,24.000000,0.088000,36.000000,90112,9808667,11.408809,16.098777,0.720247,0.247249,0.484497,0.074132,0.458951,0.740837,1,,,,0.984843,6.553388,0.130646,395.955716,5.981302,2.505546,0.000000,0.000000,0.000000,0.000000
06037,Los Angeles,34.196398,-118.261862,2018,0,0,0.000000,3858781125.626012,78.000000,130.000000,201.000000,189.000000,153.000000,11.873037,24.000000,0.079000,39.000000,90112,9808667,11.408809,16.098777,0.720247,0.247249,0.484497,0.074132,0.458951,0.740837,1,,,,0.984843,6.553388,0.130646,393.405253,5.974840,2.474270,0.000000,0.000000,0.000000,0.000000
06037,Los Angeles,34.196398,-118.261862,2019,0,0,0.000000,3639528675.776891,72.000000,136.000000,201.000000,170.000000,166.000000,9.995350,24.000000,0.076436,39.000000,90112,9808667,11.408809,16.098777,0.720247,0.247249,0.484497,0.074132,0.458951,0.740837,1,,,,0.984843,6.553388,0.130646,371.052323,5.916343,2.302120,0.000000,0.000000,0.000000,0.000000
06037,Los Angeles,34.196398,-118.261862,2020,0,0,0.000000,3363328730.857484,85.000000,166.000000,250.000000,175.000000,180.000000,13.350571,24.000000,0.092571,42.000000,90112,9808667,11.408809,16.098777,0.720247,0.247249,0.484497,0.074132,0.458951,0.740837,1,,,,0.984843,6.553388,0.130646,342.893558,5.837420,2.591559,0.000000,0.000000,0.000000,0.000000
06037,Los Angeles,34.196398,-118.261862,2021,0,0,0.000000,3380886143.715766,79.000000,143.000000,281.000000,199.000000,148.000000,11.936820,24.000000,0.075385,39.000000,90112,9808667,11.408809,16.098777,0.720247,0.247249,0.484497,0.074132,0.458951,0.740837,1,,,,0.984843,6.553388,0.130646,344.683548,5.842627,2.479628,0.000000,0.000000,0.000000,0.000000
06037,Los Angeles,34.196398,-118.261862,2022,1,0,0.000000,3439543591.585473,74.000000,140.000000,209.000000,167.000000,170.000000,9.907689,16.000000,0.076833,36.000000,90112,9808667,11.408809,16.098777,0.720247,0.247249,0.484497,0.074132,0.458951,0.740837,1,,,,0.984843,6.553388,0.130646,350.663713,5.859828,2.293311,0.984843,0.969916,0.000000,0.000000
06037,Los Angeles,34.196398,-118.261862,2023,1,0,0.000000,3385682200.552801,67.000000,147.000000,210.000000,203.000000,150.000000,9.748859,32.000000,0.081194,36.000000,90112,9808667,11.408809,16.098777,0.720247,0.247249,0.484497,0.074132,0.458951,0.740837,1,,,,0.984843,6.553388,0.130646,345.172509,5.844044,2.277150,0.984843,0.969916,0.000000,0.000000
06037,Los Angeles,34.196398,-118.261862,2024,1,0,0.000000,3350918902.583583,80.000000,164.000000,230.000000,158.000000,198.000000,10.417973,40.000000,0.081611,36.000000,90112,9808667,11.408809,16.098777,0.720247,0.247249,0.484497,0.074132,0.458951,0.740837,1,,,,0.984843,6.553388,0.130646,341.628368,5.833724,2.343532,0.984843,0.969916,0.000000,0.000000
06037,Los Angeles,34.196398,-118.261862,2025,1,0,0.252055,3329636868.490355,77.000000,151.000000,201.000000,87.000000,172.000000,,,,,90112,9808667,11.408809,16.098777,0.720247,0.247249,0.484497,0.074132,0.458951,0.740837,1,0.083511,550244.000000,6588902.000000,0.984843,6.553388,0.130646,339.458651,5.827352,,0.984843,0.969916,0.000000,0.248234
06039,Madera,37.209821,-119.749802,2010,0,0,0.000000,60544314.146246,47.000000,90.000000,201.000000,79.000000,262.000000,,,0.077000,9.000000,76627,160940,11.246705,11.988787,0.810551,0.299459,0.609438,0.024394,0.674607,0.834456,1,,,,2.174723,3.168883,0.406977,376.191836,5.930099,,0.000000,0.000000,0.000000,0.000000
06039,Madera,37.209821,-119.749802,2011,0,0,0.000000,60112100.562987,74.000000,133.000000,179.000000,248.000000,114.000000,20.723055,8.000000,0.080500,6.000000,76627,160940,11.246705,11.988787,0.810551,0.299459,0.609438,0.024394,0.674607,0.834456,1,,,,2.174723,3.168883,0.406977,373.506279,5.922935,3.031247,0.000000,0.000000,0.000000,0.000000
06039,Madera,37.209821,-119.749802,2012,0,0,0.000000,59570758.769668,68.000000,129.000000,200.000000,184.000000,176.000000,11.721950,16.000000,0.083667,9.000000,76627,160940,11.246705,11.988787,0.810551,0.299459,0.609438,0.024394,0.674607,0.834456,1,,,,2.174723,3.168883,0.406977,370.142654,5.913888,2.461463,0.000000,0.000000,0.000000,0.000000
06039,Madera,37.209821,-119.749802,2013,0,0,0.000000,59552947.269552,72.000000,119.000000,190.000000,208.000000,153.000000,15.923329,32.000000,0.082000,9.000000,76627,160940,11.246705,11.988787,0.810551,0.299459,0.609438,0.024394,0.674607,0.834456,1,,,,2.174723,3.168883,0.406977,370.031983,5.913589,2.767785,0.000000,0.000000,0.000000,0.000000
06039,Madera,37.209821,-119.749802,2014,0,0,0.000000,60494455.873957,68.000000,126.000000,179.000000,166.000000,193.000000,14.071468,8.000000,0.085000,6.000000,76627,160940,11.246705,11.988787,0.810551,0.299459,0.609438,0.024394,0.674607,0.834456,1,,,,2.174723,3.168883,0.406977,375.882042,5.929275,2.644149,0.000000,0.000000,0.000000,0.000000
06039,Madera,37.209821,-119.749802,2015,0,0,0.000000,61975983.108264,64.000000,105.000000,156.000000,158.000000,193.000000,13.933427,8.000000,0.081500,6.000000,76627,160940,11.246705,11.988787,0.810551,0.299459,0.609438,0.024394,0.674607,0.834456,1,,,,2.174723,3.168883,0.406977,385.087505,5.953471,2.634291,0.000000,0.000000,0.000000,0.000000
06039,Madera,37.209821,-119.749802,2016,0,0,0.000000,63251006.726919,63.000000,105.000000,156.000000,167.000000,187.000000,12.094183,8.000000,0.082500,6.000000,76627,160940,11.246705,11.988787,0.810551,0.299459,0.609438,0.024394,0.674607,0.834456,1,,,,2.174723,3.168883,0.406977,393.009859,5.973835,2.492725,0.000000,0.000000,0.000000,0.000000
06039,Madera,37.209821,-119.749802,2017,0,0,0.000000,63725112.974837,62.000000,105.000000,166.000000,139.000000,210.000000,12.593123,8.000000,0.083000,6.000000,76627,160940,11.246705,11.988787,0.810551,0.299459,0.609438,0.024394,0.674607,0.834456,1,,,,2.174723,3.168883,0.406977,395.955716,5.981302,2.533151,0.000000,0.000000,0.000000,0.000000
06039,Madera,37.209821,-119.749802,2018,0,0,0.000000,63314641.465374,58.000000,100.000000,169.000000,160.000000,181.000000,14.075112,8.000000,0.074000,6.000000,76627,160940,11.246705,11.988787,0.810551,0.299459,0.609438,0.024394,0.674607,0.834456,1,,,,2.174723,3.168883,0.406977,393.405253,5.974840,2.644408,0.000000,0.000000,0.000000,0.000000
06039,Madera,37.209821,-119.749802,2019,0,0,0.000000,59717160.861872,52.000000,84.000000,140.000000,103.000000,225.000000,9.681651,8.000000,0.074000,6.000000,76627,160940,11.246705,11.988787,0.810551,0.299459,0.609438,0.024394,0.674607,0.834456,1,,,,2.174723,3.168883,0.406977,371.052323,5.916343,2.270232,0.000000,0.000000,0.000000,0.000000
06039,Madera,37.209821,-119.749802,2020,0,0,0.000000,55185289.289993,64.000000,113.000000,275.000000,174.000000,173.000000,16.938251,8.000000,0.083000,6.000000,76627,160940,11.246705,11.988787,0.810551,0.299459,0.609438,0.024394,0.674607,0.834456,1,,,,2.174723,3.168883,0.406977,342.893558,5.837420,2.829574,0.000000,0.000000,0.000000,0.000000
06039,Madera,37.209821,-119.749802,2021,0,0,0.000000,55473370.231614,58.000000,100.000000,194.000000,131.000000,210.000000,12.416828,8.000000,0.084000,6.000000,76627,160940,11.246705,11.988787,0.810551,0.299459,0.609438,0.024394,0.674607,0.834456,1,,,,2.174723,3.168883,0.406977,344.683548,5.842627,2.519053,0.000000,0.000000,0.000000,0.000000
06039,Madera,37.209821,-119.749802,2022,1,0,0.000000,56435817.999507,54.000000,87.000000,136.000000,129.000000,212.000000,10.386389,8.000000,0.074167,6.000000,76627,160940,11.246705,11.988787,0.810551,0.299459,0.609438,0.024394,0.674607,0.834456,1,,,,2.174723,3.168883,0.406977,350.663713,5.859828,2.340496,2.174723,4.729422,0.000000,0.000000
06039,Madera,37.209821,-119.749802,2023,1,0,0.000000,55552063.634841,52.000000,84.000000,151.000000,135.000000,210.000000,9.941274,8.000000,0.074500,6.000000,76627,160940,11.246705,11.988787,0.810551,0.299459,0.609438,0.024394,0.674607,0.834456,1,,,,2.174723,3.168883,0.406977,345.172509,5.844044,2.296695,2.174723,4.729422,0.000000,0.000000
06039,Madera,37.209821,-119.749802,2024,1,0,0.000000,54981669.597082,52.000000,96.000000,140.000000,112.000000,215.000000,9.076177,8.000000,0.077000,6.000000,76627,160940,11.246705,11.988787,0.810551,0.299459,0.609438,0.024394,0.674607,0.834456,1,,,,2.174723,3.168883,0.406977,341.628368,5.833724,2.205653,2.174723,4.729422,0.000000,0.000000
06039,Madera,37.209821,-119.749802,2025,1,0,0.252055,54632475.301164,43.000000,66.000000,91.000000,56.000000,64.000000,,,,,76627,160940,11.246705,11.988787,0.810551,0.299459,0.609438,0.024394,0.674607,0.834456,1,0.026447,3038.000000,114873.000000,2.174723,3.168883,0.406977,339.458651,5.827352,,2.174723,4.729422,0.000000,0.548149
06041,Marin,38.051367,-122.746396,2010,0,0,0.000000,97045831.837908,49.000000,63.000000,128.000000,300.000000,52.000000,10.846459,8.000000,0.053000,3.000000,149091,257969,11.912312,12.460595,0.502242,0.650528,0.194659,0.020851,0.646644,0.588852,1,,,,3.101148,8.450628,0.268456,376.191836,5.930099,2.383839,0.000000,0.000000,0.000000,0.000000
06041,Marin,38.051367,-122.746396,2011,0,0,0.000000,96353041.320575,50.000000,64.000000,117.000000,291.000000,66.000000,10.062462,8.000000,0.053000,3.000000,149091,257969,11.912312,12.460595,0.502242,0.650528,0.194659,0.020851,0.646644,0.588852,1,,,,3.101148,8.450628,0.268456,373.506279,5.922935,2.308812,0.000000,0.000000,0.000000,0.000000
06041,Marin,38.051367,-122.746396,2012,0,0,0.000000,95485330.365680,42.000000,58.000000,83.000000,272.000000,88.000000,8.043064,8.000000,0.049000,3.000000,149091,257969,11.912312,12.460595,0.502242,0.650528,0.194659,0.020851,0.646644,0.588852,1,,,,3.101148,8.450628,0.268456,370.142654,5.913888,2.084810,0.000000,0.000000,0.000000,0.000000
06041,Marin,38.051367,-122.746396,2013,0,0,0.000000,95456780.503163,52.000000,66.000000,124.000000,333.000000,30.000000,10.822535,8.000000,0.057000,3.000000,149091,257969,11.912312,12.460595,0.502242,0.650528,0.194659,0.020851,0.646644,0.588852,1,,,,3.101148,8.450628,0.268456,370.031983,5.913589,2.381631,0.000000,0.000000,0.000000,0.000000
06041,Marin,38.051367,-122.746396,2014,0,0,0.000000,96965914.547960,53.000000,65.000000,107.000000,341.000000,22.000000,10.767887,8.000000,0.064000,3.000000,149091,257969,11.912312,12.460595,0.502242,0.650528,0.194659,0.020851,0.646644,0.588852,1,,,,3.101148,8.450628,0.268456,375.882042,5.929275,2.376568,0.000000,0.000000,0.000000,0.000000
06041,Marin,38.051367,-122.746396,2015,0,0,0.000000,99340638.663202,43.000000,64.000000,103.000000,224.000000,128.000000,8.876708,8.000000,0.063000,3.000000,149091,257969,11.912312,12.460595,0.502242,0.650528,0.194659,0.020851,0.646644,0.588852,1,,,,3.101148,8.450628,0.268456,385.087505,5.953471,2.183431,0.000000,0.000000,0.000000,0.000000
06041,Marin,38.051367,-122.746396,2016,0,0,0.000000,101384360.347562,36.000000,55.000000,90.000000,225.000000,137.000000,6.434682,8.000000,0.056000,3.000000,149091,257969,11.912312,12.460595,0.502242,0.650528,0.194659,0.020851,0.646644,0.588852,1,,,,3.101148,8.450628,0.268456,393.009859,5.973835,1.861702,0.000000,0.000000,0.000000,0.000000
06041,Marin,38.051367,-122.746396,2017,0,0,0.000000,102144300.167799,44.000000,62.000000,164.000000,273.000000,86.000000,9.687637,8.000000,0.057000,3.000000,149091,257969,11.912312,12.460595,0.502242,0.650528,0.194659,0.020851,0.646644,0.588852,1,,,,3.101148,8.450628,0.268456,395.955716,5.981302,2.270851,0.000000,0.000000,0.000000,0.000000
06041,Marin,38.051367,-122.746396,2018,0,0,0.000000,101486359.787382,43.000000,63.000000,243.000000,269.000000,85.000000,11.196875,8.000000,0.049000,3.000000,149091,257969,11.912312,12.460595,0.502242,0.650528,0.194659,0.020851,0.646644,0.588852,1,,,,3.101148,8.450628,0.268456,393.405253,5.974840,2.415635,0.000000,0.000000,0.000000,0.000000
06041,Marin,38.051367,-122.746396,2019,0,0,0.000000,95719996.709185,37.000000,55.000000,133.000000,202.000000,151.000000,6.380170,8.000000,0.059000,3.000000,149091,257969,11.912312,12.460595,0.502242,0.650528,0.194659,0.020851,0.646644,0.588852,1,,,,3.101148,8.450628,0.268456,371.052323,5.916343,1.853195,0.000000,0.000000,0.000000,0.000000
06041,Marin,38.051367,-122.746396,2020,0,0,0.000000,88455908.368647,36.000000,62.000000,231.000000,210.000000,148.000000,8.639227,8.000000,0.060000,3.000000,149091,257969,11.912312,12.460595,0.502242,0.650528,0.194659,0.020851,0.646644,0.588852,1,,,,3.101148,8.450628,0.268456,342.893558,5.837420,2.156313,0.000000,0.000000,0.000000,0.000000
06041,Marin,38.051367,-122.746396,2021,0,0,0.000000,88917670.220450,38.000000,60.000000,88.000000,214.000000,149.000000,7.038227,8.000000,0.060000,3.000000,149091,257969,11.912312,12.460595,0.502242,0.650528,0.194659,0.020851,0.646644,0.588852,1,,,,3.101148,8.450628,0.268456,344.683548,5.842627,1.951356,0.000000,0.000000,0.000000,0.000000
06041,Marin,38.051367,-122.746396,2022,1,0,0.000000,90460367.425840,37.000000,57.000000,91.000000,212.000000,151.000000,6.874444,8.000000,0.053000,3.000000,149091,257969,11.912312,12.460595,0.502242,0.650528,0.194659,0.020851,0.646644,0.588852,1,,,,3.101148,8.450628,0.268456,350.663713,5.859828,1.927811,3.101148,9.617118,0.000000,0.000000
06041,Marin,38.051367,-122.746396,2023,1,0,0.000000,89043807.032536,34.000000,52.000000,99.000000,147.000000,212.000000,5.360845,8.000000,0.049333,3.000000,149091,257969,11.912312,12.460595,0.502242,0.650528,0.194659,0.020851,0.646644,0.588852,1,,,,3.101148,8.450628,0.268456,345.172509,5.844044,1.679122,3.101148,9.617118,0.000000,0.000000
06041,Marin,38.051367,-122.746396,2024,1,0,0.000000,88129528.546599,28.000000,52.000000,86.000000,307.000000,47.000000,5.040510,8.000000,,,149091,257969,11.912312,12.460595,0.502242,0.650528,0.194659,0.020851,0.646644,0.588852,1,,,,3.101148,8.450628,0.268456,341.628368,5.833724,1.617507,3.101148,9.617118,0.000000,0.000000
06041,Marin,38.051367,-122.746396,2025,1,0,0.252055,87569808.754603,21.000000,29.000000,32.000000,20.000000,0.000000,,,,,149091,257969,11.912312,12.460595,0.502242,0.650528,0.194659,0.020851,0.646644,0.588852,1,0.132569,26386.000000,199036.000000,3.101148,8.450628,0.268456,339.458651,5.827352,,3.101148,9.617118,0.000000,0.781659
06043,Mariposa,37.574343,-119.911721,2010,0,0,0.000000,6426108.948963,52.000000,93.000000,187.000000,119.000000,245.000000,,,0.076000,6.000000,68412,17082,11.133304,9.745781,0.833910,0.740487,0.146821,0.009015,0.747336,0.753463,8,,,,7.024939,7.024939,0.500000,376.191836,5.930099,,0.000000,0.000000,0.000000,0.000000
06043,Mariposa,37.574343,-119.911721,2011,0,0,0.000000,6380234.260078,51.000000,97.000000,150.000000,112.000000,252.000000,,,0.076833,6.000000,68412,17082,11.133304,9.745781,0.833910,0.740487,0.146821,0.009015,0.747336,0.753463,8,,,,7.024939,7.024939,0.500000,373.506279,5.922935,,0.000000,0.000000,0.000000,0.000000
06043,Mariposa,37.574343,-119.911721,2012,0,0,0.000000,6322776.819333,58.000000,105.000000,166.000000,110.000000,256.000000,,,0.081000,6.000000,68412,17082,11.133304,9.745781,0.833910,0.740487,0.146821,0.009015,0.747336,0.753463,8,,,,7.024939,7.024939,0.500000,370.142654,5.913888,,0.000000,0.000000,0.000000,0.000000
06043,Mariposa,37.574343,-119.911721,2013,0,0,0.000000,6320886.325702,56.000000,90.000000,255.000000,138.000000,226.000000,,,0.075000,6.000000,68412,17082,11.133304,9.745781,0.833910,0.740487,0.146821,0.009015,0.747336,0.753463,8,,,,7.024939,7.024939,0.500000,370.031983,5.913589,,0.000000,0.000000,0.000000,0.000000
06043,Mariposa,37.574343,-119.911721,2014,0,0,0.000000,6420817.045103,53.000000,93.000000,153.000000,102.000000,260.000000,,,0.077000,6.000000,68412,17082,11.133304,9.745781,0.833910,0.740487,0.146821,0.009015,0.747336,0.753463,8,,,,7.024939,7.024939,0.500000,375.882042,5.929275,,0.000000,0.000000,0.000000,0.000000
06043,Mariposa,37.574343,-119.911721,2015,0,0,0.000000,6578064.766095,47.000000,84.000000,240.000000,67.000000,289.000000,,,0.072000,6.000000,68412,17082,11.133304,9.745781,0.833910,0.740487,0.146821,0.009015,0.747336,0.753463,8,,,,7.024939,7.024939,0.500000,385.087505,5.953471,,0.000000,0.000000,0.000000,0.000000
06043,Mariposa,37.574343,-119.911721,2016,0,0,0.000000,6713394.413503,48.000000,93.000000,159.000000,114.000000,242.000000,,,0.075500,6.000000,68412,17082,11.133304,9.745781,0.833910,0.740487,0.146821,0.009015,0.747336,0.753463,8,,,,7.024939,7.024939,0.500000,393.009859,5.973835,,0.000000,0.000000,0.000000,0.000000
06043,Mariposa,37.574343,-119.911721,2017,0,0,0.000000,6763715.545148,54.000000,101.000000,189.000000,149.000000,216.000000,,,0.076500,6.000000,68412,17082,11.133304,9.745781,0.833910,0.740487,0.146821,0.009015,0.747336,0.753463,8,,,,7.024939,7.024939,0.500000,395.955716,5.981302,,0.000000,0.000000,0.000000,0.000000
06043,Mariposa,37.574343,-119.911721,2018,0,0,0.000000,6720148.536793,53.000000,108.000000,352.000000,139.000000,226.000000,,,0.081667,6.000000,68412,17082,11.133304,9.745781,0.833910,0.740487,0.146821,0.009015,0.747336,0.753463,8,,,,7.024939,7.024939,0.500000,393.405253,5.974840,,0.000000,0.000000,0.000000,0.000000
06043,Mariposa,37.574343,-119.911721,2019,0,0,0.000000,6338315.781300,50.000000,84.000000,185.000000,118.000000,247.000000,,,0.069200,5.000000,68412,17082,11.133304,9.745781,0.833910,0.740487,0.146821,0.009015,0.747336,0.753463,8,,,,7.024939,7.024939,0.500000,371.052323,5.916343,,0.000000,0.000000,0.000000,0.000000
06043,Mariposa,37.574343,-119.911721,2020,0,0,0.000000,5857307.764705,49.000000,111.000000,1073.000000,84.000000,275.000000,,,0.087833,6.000000,68412,17082,11.133304,9.745781,0.833910,0.740487,0.146821,0.009015,0.747336,0.753463,8,,,,7.024939,7.024939,0.500000,342.893558,5.837420,,0.000000,0.000000,0.000000,0.000000
06043,Mariposa,37.574343,-119.911721,2021,0,0,0.000000,5887884.368687,49.000000,97.000000,162.000000,73.000000,292.000000,,,0.079250,12.000000,68412,17082,11.133304,9.745781,0.833910,0.740487,0.146821,0.009015,0.747336,0.753463,8,,,,7.024939,7.024939,0.500000,344.683548,5.842627,,0.000000,0.000000,0.000000,0.000000
06043,Mariposa,37.574343,-119.911721,2022,1,0,0.000000,5990037.548574,48.000000,89.000000,198.000000,88.000000,276.000000,,,0.071778,18.000000,68412,17082,11.133304,9.745781,0.833910,0.740487,0.146821,0.009015,0.747336,0.753463,8,,,,7.024939,7.024939,0.500000,350.663713,5.859828,,7.024939,49.349761,0.000000,0.000000
06043,Mariposa,37.574343,-119.911721,2023,1,0,0.000000,5896236.802599,47.000000,77.000000,264.000000,116.000000,249.000000,,,0.064000,6.000000,68412,17082,11.133304,9.745781,0.833910,0.740487,0.146821,0.009015,0.747336,0.753463,8,,,,7.024939,7.024939,0.500000,345.172509,5.844044,,7.024939,49.349761,0.000000,0.000000
06043,Mariposa,37.574343,-119.911721,2024,1,0,0.000000,5835695.787606,45.000000,74.000000,133.000000,30.000000,336.000000,,,0.069500,6.000000,68412,17082,11.133304,9.745781,0.833910,0.740487,0.146821,0.009015,0.747336,0.753463,8,,,,7.024939,7.024939,0.500000,341.628368,5.833724,,7.024939,49.349761,0.000000,0.000000
06043,Mariposa,37.574343,-119.911721,2025,1,0,0.252055,5798632.677361,45.000000,61.000000,90.000000,1.000000,249.000000,,,,,68412,17082,11.133304,9.745781,0.833910,0.740487,0.146821,0.009015,0.747336,0.753463,8,0.018599,254.000000,13657.000000,7.024939,7.024939,0.500000,339.458651,5.827352,,7.024939,49.349761,0.000000,1.770669
06045,Mendocino,39.432388,-123.442881,2010,0,0,0.000000,33949056.081856,42.000000,58.000000,75.000000,305.000000,30.000000,7.141004,16.000000,0.047000,3.000000,68092,90244,11.128615,11.410272,0.826101,0.611343,0.276373,0.006050,0.617071,0.809182,4,,,,3.989185,10.416205,0.276923,376.191836,5.930099,1.965853,0.000000,0.000000,0.000000,0.000000
06045,Mendocino,39.432388,-123.442881,2011,0,0,0.000000,33706700.653699,52.000000,61.000000,82.000000,351.000000,5.000000,8.693426,16.000000,0.043000,3.000000,68092,90244,11.128615,11.410272,0.826101,0.611343,0.276373,0.006050,0.617071,0.809182,4,,,,3.989185,10.416205,0.276923,373.506279,5.922935,2.162567,0.000000,0.000000,0.000000,0.000000
06045,Mendocino,39.432388,-123.442881,2012,0,0,0.000000,33403153.687150,38.000000,57.000000,80.000000,216.000000,139.000000,5.903392,16.000000,0.057000,3.000000,68092,90244,11.128615,11.410272,0.826101,0.611343,0.276373,0.006050,0.617071,0.809182,4,,,,3.989185,10.416205,0.276923,370.142654,5.913888,1.775527,0.000000,0.000000,0.000000,0.000000
06045,Mendocino,39.432388,-123.442881,2013,0,0,0.000000,33393166.232095,29.000000,64.000000,82.000000,140.000000,29.000000,,,,,68092,90244,11.128615,11.410272,0.826101,0.611343,0.276373,0.006050,0.617071,0.809182,4,,,,3.989185,10.416205,0.276923,370.031983,5.913589,,0.000000,0.000000,0.000000,0.000000
06045,Mendocino,39.432388,-123.442881,2014,0,0,0.000000,33921099.017580,44.000000,62.000000,96.000000,279.000000,86.000000,7.943452,32.000000,0.052000,3.000000,68092,90244,11.128615,11.410272,0.826101,0.611343,0.276373,0.006050,0.617071,0.809182,4,,,,3.989185,10.416205,0.276923,375.882042,5.929275,2.072348,0.000000,0.000000,0.000000,0.000000
06045,Mendocino,39.432388,-123.442881,2015,0,0,0.000000,34751836.831255,46.000000,61.000000,164.000000,301.000000,64.000000,8.076597,48.000000,0.053000,3.000000,68092,90244,11.128615,11.410272,0.826101,0.611343,0.276373,0.006050,0.617071,0.809182,4,,,,3.989185,10.416205,0.276923,385.087505,5.953471,2.088971,0.000000,0.000000,0.000000,0.000000
06045,Mendocino,39.432388,-123.442881,2016,0,0,0.000000,35466781.726507,39.000000,54.000000,70.000000,258.000000,105.000000,6.326847,16.000000,0.048000,3.000000,68092,90244,11.128615,11.410272,0.826101,0.611343,0.276373,0.006050,0.617071,0.809182,4,,,,3.989185,10.416205,0.276923,393.009859,5.973835,1.844802,0.000000,0.000000,0.000000,0.000000
06045,Mendocino,39.432388,-123.442881,2017,0,0,0.000000,35732627.658141,45.000000,70.000000,203.000000,255.000000,107.000000,8.677563,48.000000,0.056667,9.000000,68092,90244,11.128615,11.410272,0.826101,0.611343,0.276373,0.006050,0.617071,0.809182,4,,,,3.989185,10.416205,0.276923,395.955716,5.981302,2.160741,0.000000,0.000000,0.000000,0.000000
06045,Mendocino,39.432388,-123.442881,2018,0,0,0.000000,35502463.678397,46.000000,69.000000,376.000000,282.000000,81.000000,9.438104,48.000000,0.053000,3.000000,68092,90244,11.128615,11.410272,0.826101,0.611343,0.276373,0.006050,0.617071,0.809182,4,,,,3.989185,10.416205,0.276923,393.405253,5.974840,2.244755,0.000000,0.000000,0.000000,0.000000
06045,Mendocino,39.432388,-123.442881,2019,0,0,0.000000,33485245.835832,36.000000,54.000000,80.000000,199.000000,155.000000,5.649824,16.000000,0.051000,3.000000,68092,90244,11.128615,11.410272,0.826101,0.611343,0.276373,0.006050,0.617071,0.809182,4,,,,3.989185,10.416205,0.276923,371.052323,5.916343,1.731624,0.000000,0.000000,0.000000,0.000000
06045,Mendocino,39.432388,-123.442881,2020,0,0,0.000000,30944086.284864,40.000000,79.000000,716.000000,252.000000,112.000000,11.395847,16.000000,0.059000,3.000000,68092,90244,11.128615,11.410272,0.826101,0.611343,0.276373,0.006050,0.617071,0.809182,4,,,,3.989185,10.416205,0.276923,342.893558,5.837420,2.433249,0.000000,0.000000,0.000000,0.000000
06045,Mendocino,39.432388,-123.442881,2021,0,0,0.000000,31105622.114961,46.000000,69.000000,185.000000,289.000000,76.000000,9.601217,16.000000,0.061000,3.000000,68092,90244,11.128615,11.410272,0.826101,0.611343,0.276373,0.006050,0.617071,0.809182,4,,,,3.989185,10.416205,0.276923,344.683548,5.842627,2.261890,0.000000,0.000000,0.000000,0.000000
06045,Mendocino,39.432388,-123.442881,2022,1,0,0.000000,31645296.132394,54.000000,69.000000,103.000000,339.000000,26.000000,10.137273,16.000000,0.050000,3.000000,68092,90244,11.128615,11.410272,0.826101,0.611343,0.276373,0.006050,0.617071,0.809182,4,,,,3.989185,10.416205,0.276923,350.663713,5.859828,2.316219,3.989185,15.913596,0.000000,0.000000
06045,Mendocino,39.432388,-123.442881,2023,1,0,0.000000,31149747.922596,53.000000,69.000000,140.000000,336.000000,29.000000,9.430070,16.000000,0.049000,3.000000,68092,90244,11.128615,11.410272,0.826101,0.611343,0.276373,0.006050,0.617071,0.809182,4,,,,3.989185,10.416205,0.276923,345.172509,5.844044,2.243904,3.989185,15.913596,0.000000,0.000000
06045,Mendocino,39.432388,-123.442881,2024,1,0,0.000000,30829910.470480,43.000000,57.000000,83.000000,265.000000,99.000000,6.914756,16.000000,,,68092,90244,11.128615,11.410272,0.826101,0.611343,0.276373,0.006050,0.617071,0.809182,4,,,,3.989185,10.416205,0.276923,341.628368,5.833724,1.933658,3.989185,15.913596,0.000000,0.000000
06045,Mendocino,39.432388,-123.442881,2025,1,0,0.252055,30634106.506016,,,,,,,,,,68092,90244,11.128615,11.410272,0.826101,0.611343,0.276373,0.006050,0.617071,0.809182,4,0.027292,1926.000000,70571.000000,3.989185,10.416205,0.276923,339.458651,5.827352,,3.989185,15.913596,0.000000,1.005493
06047,Merced,37.194806,-120.722802,2010,0,0,0.000000,109171247.107958,59.000000,101.000000,177.000000,198.000000,161.000000,,,0.088000,9.000000,65510,290201,11.089958,12.578329,0.855348,0.231994,0.633812,0.025689,0.540050,0.865521,2,,,,1.033766,0.895931,0.535714,376.191836,5.930099,,0.000000,0.000000,0.000000,0.000000
06047,Merced,37.194806,-120.722802,2011,0,0,0.000000,108391895.709454,67.000000,115.000000,156.000000,219.000000,143.000000,15.719765,8.000000,0.082000,3.000000,65510,290201,11.089958,12.578329,0.855348,0.231994,0.633812,0.025689,0.540050,0.865521,2,,,,1.033766,0.895931,0.535714,373.506279,5.922935,2.754919,0.000000,0.000000,0.000000,0.000000
06047,Merced,37.194806,-120.722802,2012,0,0,0.000000,107415768.396399,57.000000,97.000000,151.000000,157.000000,206.000000,10.960340,8.000000,0.079000,3.000000,65510,290201,11.089958,12.578329,0.855348,0.231994,0.633812,0.025689,0.540050,0.865521,2,,,,1.033766,0.895931,0.535714,370.142654,5.913888,2.394283,0.000000,0.000000,0.000000,0.000000
06047,Merced,37.194806,-120.722802,2013,0,0,0.000000,107383651.364305,62.000000,112.000000,165.000000,182.000000,179.000000,13.227975,24.000000,0.083000,3.000000,65510,290201,11.089958,12.578329,0.855348,0.231994,0.633812,0.025689,0.540050,0.865521,2,,,,1.033766,0.895931,0.535714,370.031983,5.913589,2.582334,0.000000,0.000000,0.000000,0.000000
06047,Merced,37.194806,-120.722802,2014,0,0,0.000000,109081344.532609,61.000000,113.000000,157.000000,133.000000,227.000000,10.906528,8.000000,0.082000,3.000000,65510,290201,11.089958,12.578329,0.855348,0.231994,0.633812,0.025689,0.540050,0.865521,2,,,,1.033766,0.895931,0.535714,375.882042,5.929275,2.389362,0.000000,0.000000,0.000000,0.000000
06047,Merced,37.194806,-120.722802,2015,0,0,0.000000,111752779.135090,61.000000,105.000000,159.000000,177.000000,188.000000,12.951925,8.000000,0.083000,3.000000,65510,290201,11.089958,12.578329,0.855348,0.231994,0.633812,0.025689,0.540050,0.865521,2,,,,1.033766,0.895931,0.535714,385.087505,5.953471,2.561244,0.000000,0.000000,0.000000,0.000000
06047,Merced,37.194806,-120.722802,2016,0,0,0.000000,114051854.126747,58.000000,100.000000,151.000000,186.000000,178.000000,11.960393,8.000000,0.082000,3.000000,65510,290201,11.089958,12.578329,0.855348,0.231994,0.633812,0.025689,0.540050,0.865521,2,,,,1.033766,0.895931,0.535714,393.009859,5.973835,2.481601,0.000000,0.000000,0.000000,0.000000
06047,Merced,37.194806,-120.722802,2017,0,0,0.000000,114906744.814282,58.000000,100.000000,161.000000,189.000000,173.000000,13.275562,8.000000,0.078000,3.000000,65510,290201,11.089958,12.578329,0.855348,0.231994,0.633812,0.025689,0.540050,0.865521,2,,,,1.033766,0.895931,0.535714,395.955716,5.981302,2.585925,0.000000,0.000000,0.000000,0.000000
06047,Merced,37.194806,-120.722802,2018,0,0,0.000000,114166597.911601,56.000000,101.000000,178.000000,224.000000,139.000000,15.203073,8.000000,0.078667,3.000000,65510,290201,11.089958,12.578329,0.855348,0.231994,0.633812,0.025689,0.540050,0.865521,2,,,,1.033766,0.895931,0.535714,393.405253,5.974840,2.721498,0.000000,0.000000,0.000000,0.000000
06047,Merced,37.194806,-120.722802,2019,0,0,0.000000,107679755.183771,51.000000,80.000000,119.000000,161.000000,202.000000,9.180780,8.000000,0.072000,3.000000,65510,290201,11.089958,12.578329,0.855348,0.231994,0.633812,0.025689,0.540050,0.865521,2,,,,1.033766,0.895931,0.535714,371.052323,5.916343,2.217112,0.000000,0.000000,0.000000,0.000000
06047,Merced,37.194806,-120.722802,2020,0,0,0.000000,99508053.543216,57.000000,96.000000,194.000000,201.000000,164.000000,14.890476,8.000000,0.079000,3.000000,65510,290201,11.089958,12.578329,0.855348,0.231994,0.633812,0.025689,0.540050,0.865521,2,,,,1.033766,0.895931,0.535714,342.893558,5.837420,2.700722,0.000000,0.000000,0.000000,0.000000
06047,Merced,37.194806,-120.722802,2021,0,0,0.000000,100027510.342890,54.000000,100.000000,166.000000,151.000000,210.000000,11.217619,16.000000,0.079000,3.000000,65510,290201,11.089958,12.578329,0.855348,0.231994,0.633812,0.025689,0.540050,0.865521,2,,,,1.033766,0.895931,0.535714,344.683548,5.842627,2.417486,0.000000,0.000000,0.000000,0.000000
06047,Merced,37.194806,-120.722802,2022,1,0,0.000000,101762960.229121,56.000000,87.000000,143.000000,141.000000,195.000000,10.060859,16.000000,0.072000,3.000000,65510,290201,11.089958,12.578329,0.855348,0.231994,0.633812,0.025689,0.540050,0.865521,2,,,,1.033766,0.895931,0.535714,350.663713,5.859828,2.308652,1.033766,1.068673,0.000000,0.000000
06047,Merced,37.194806,-120.722802,2023,1,0,0.000000,100169407.349910,51.000000,87.000000,129.000000,131.000000,220.000000,9.013862,16.000000,0.075000,3.000000,65510,290201,11.089958,12.578329,0.855348,0.231994,0.633812,0.025689,0.540050,0.865521,2,,,,1.033766,0.895931,0.535714,345.172509,5.844044,2.198764,1.033766,1.068673,0.000000,0.000000
06047,Merced,37.194806,-120.722802,2024,1,0,0.000000,99140894.114221,52.000000,100.000000,151.000000,110.000000,237.000000,7.561160,16.000000,0.081000,3.000000,65510,290201,11.089958,12.578329,0.855348,0.231994,0.633812,0.025689,0.540050,0.865521,2,,,,1.033766,0.895931,0.535714,341.628368,5.833724,2.023025,1.033766,1.068673,0.000000,0.000000
06047,Merced,37.194806,-120.722802,2025,1,0,0.252055,98511239.995483,43.000000,68.000000,78.000000,47.000000,43.000000,,,,,65510,290201,11.089958,12.578329,0.855348,0.231994,0.633812,0.025689,0.540050,0.865521,2,0.025124,4283.000000,170475.000000,1.033766,0.895931,0.535714,339.458651,5.827352,,1.033766,1.068673,0.000000,0.260566
06049,Modoc,41.592919,-120.718370,2010,0,0,0.000000,3235249.792828,,,,,,,,,,59455,8600,10.992975,9.059517,0.904500,0.747674,0.156744,0.005698,0.774411,0.784433,8,,,,9.302326,4.651163,0.666667,376.191836,5.930099,,0.000000,0.000000,0.000000,0.000000
06049,Modoc,41.592919,-120.718370,2011,0,0,0.000000,3212154.000508,,,,,,,,,,59455,8600,10.992975,9.059517,0.904500,0.747674,0.156744,0.005698,0.774411,0.784433,8,,,,9.302326,4.651163,0.666667,373.506279,5.922935,,0.000000,0.000000,0.000000,0.000000
06049,Modoc,41.592919,-120.718370,2012,0,0,0.000000,3183226.826265,,,,,,,,,,59455,8600,10.992975,9.059517,0.904500,0.747674,0.156744,0.005698,0.774411,0.784433,8,,,,9.302326,4.651163,0.666667,370.142654,5.913888,,0.000000,0.000000,0.000000,0.000000
06049,Modoc,41.592919,-120.718370,2013,0,0,0.000000,3182275.049821,,,,,,,,,,59455,8600,10.992975,9.059517,0.904500,0.747674,0.156744,0.005698,0.774411,0.784433,8,,,,9.302326,4.651163,0.666667,370.031983,5.913589,,0.000000,0.000000,0.000000,0.000000
06049,Modoc,41.592919,-120.718370,2014,0,0,0.000000,3232585.563042,,,,,,,,,,59455,8600,10.992975,9.059517,0.904500,0.747674,0.156744,0.005698,0.774411,0.784433,8,,,,9.302326,4.651163,0.666667,375.882042,5.929275,,0.000000,0.000000,0.000000,0.000000
06049,Modoc,41.592919,-120.718370,2015,0,0,0.000000,3311752.545862,,,,,,,,,,59455,8600,10.992975,9.059517,0.904500,0.747674,0.156744,0.005698,0.774411,0.784433,8,,,,9.302326,4.651163,0.666667,385.087505,5.953471,,0.000000,0.000000,0.000000,0.000000
06049,Modoc,41.592919,-120.718370,2016,0,0,0.000000,3379884.788440,,,,,,,,,,59455,8600,10.992975,9.059517,0.904500,0.747674,0.156744,0.005698,0.774411,0.784433,8,,,,9.302326,4.651163,0.666667,393.009859,5.973835,,0.000000,0.000000,0.000000,0.000000
06049,Modoc,41.592919,-120.718370,2017,0,0,0.000000,3405219.159833,,,,,,,,,,59455,8600,10.992975,9.059517,0.904500,0.747674,0.156744,0.005698,0.774411,0.784433,8,,,,9.302326,4.651163,0.666667,395.955716,5.981302,,0.000000,0.000000,0.000000,0.000000
06049,Modoc,41.592919,-120.718370,2018,0,0,0.000000,3383285.178341,,,,,,,,,,59455,8600,10.992975,9.059517,0.904500,0.747674,0.156744,0.005698,0.774411,0.784433,8,,,,9.302326,4.651163,0.666667,393.405253,5.974840,,0.000000,0.000000,0.000000,0.000000
06049,Modoc,41.592919,-120.718370,2019,0,0,0.000000,3191049.977707,,,,,,,,,,59455,8600,10.992975,9.059517,0.904500,0.747674,0.156744,0.005698,0.774411,0.784433,8,,,,9.302326,4.651163,0.666667,371.052323,5.916343,,0.000000,0.000000,0.000000,0.000000
06049,Modoc,41.592919,-120.718370,2020,0,0,0.000000,2948884.602299,,,,,,,,,,59455,8600,10.992975,9.059517,0.904500,0.747674,0.156744,0.005698,0.774411,0.784433,8,,,,9.302326,4.651163,0.666667,342.893558,5.837420,,0.000000,0.000000,0.000000,0.000000
06049,Modoc,41.592919,-120.718370,2021,0,0,0.000000,2964278.513681,,,,,,,,,,59455,8600,10.992975,9.059517,0.904500,0.747674,0.156744,0.005698,0.774411,0.784433,8,,,,9.302326,4.651163,0.666667,344.683548,5.842627,,0.000000,0.000000,0.000000,0.000000
06049,Modoc,41.592919,-120.718370,2022,1,0,0.000000,3015707.933365,,,,,,,,,,59455,8600,10.992975,9.059517,0.904500,0.747674,0.156744,0.005698,0.774411,0.784433,8,,,,9.302326,4.651163,0.666667,350.663713,5.859828,,9.302326,86.533261,0.000000,0.000000
06049,Modoc,41.592919,-120.718370,2023,1,0,0.000000,2968483.579344,,,,,,,,,,59455,8600,10.992975,9.059517,0.904500,0.747674,0.156744,0.005698,0.774411,0.784433,8,,,,9.302326,4.651163,0.666667,345.172509,5.844044,,9.302326,86.533261,0.000000,0.000000
06049,Modoc,41.592919,-120.718370,2024,1,0,0.000000,2938003.967534,,,,,,,,,,59455,8600,10.992975,9.059517,0.904500,0.747674,0.156744,0.005698,0.774411,0.784433,8,,,,9.302326,4.651163,0.666667,341.628368,5.833724,,9.302326,86.533261,0.000000,0.000000
06049,Modoc,41.592919,-120.718370,2025,1,0,0.252055,2919344.399093,,,,,,,,,,59455,8600,10.992975,9.059517,0.904500,0.747674,0.156744,0.005698,0.774411,0.784433,8,0.004989,25.000000,5011.000000,9.302326,4.651163,0.666667,339.458651,5.827352,,9.302326,86.533261,0.000000,2.344696
06051,Mono,37.915836,-118.875167,2010,0,0,0.000000,4946170.264663,18.000000,61.000000,4658.000000,26.000000,0.000000,,,,,99415,13148,11.507058,9.484025,0.750696,0.649376,0.271372,0.000685,0.654248,0.683976,7,,,,9.126863,14.450867,0.387097,376.191836,5.930099,,0.000000,0.000000,0.000000,0.000000
06051,Mono,37.915836,-118.875167,2011,0,0,0.000000,4910860.557985,18.000000,57.000000,5260.000000,33.000000,0.000000,,,,,99415,13148,11.507058,9.484025,0.750696,0.649376,0.271372,0.000685,0.654248,0.683976,7,,,,9.126863,14.450867,0.387097,373.506279,5.922935,,0.000000,0.000000,0.000000,0.000000
06051,Mono,37.915836,-118.875167,2012,0,0,0.000000,4866635.617644,18.000000,54.000000,4244.000000,40.000000,0.000000,,,,,99415,13148,11.507058,9.484025,0.750696,0.649376,0.271372,0.000685,0.654248,0.683976,7,,,,9.126863,14.450867,0.387097,370.142654,5.913888,,0.000000,0.000000,0.000000,0.000000
06051,Mono,37.915836,-118.875167,2013,0,0,0.000000,4865180.506400,19.000000,58.000000,3479.000000,36.000000,0.000000,,,,,99415,13148,11.507058,9.484025,0.750696,0.649376,0.271372,0.000685,0.654248,0.683976,7,,,,9.126863,14.450867,0.387097,370.031983,5.913589,,0.000000,0.000000,0.000000,0.000000
06051,Mono,37.915836,-118.875167,2014,0,0,0.000000,4942097.091033,16.000000,45.000000,2739.000000,52.000000,0.000000,,,,,99415,13148,11.507058,9.484025,0.750696,0.649376,0.271372,0.000685,0.654248,0.683976,7,,,,9.126863,14.450867,0.387097,375.882042,5.929275,,0.000000,0.000000,0.000000,0.000000
06051,Mono,37.915836,-118.875167,2015,0,0,0.000000,5063130.520116,15.000000,54.000000,4384.000000,47.000000,0.000000,,,,,99415,13148,11.507058,9.484025,0.750696,0.649376,0.271372,0.000685,0.654248,0.683976,7,,,,9.126863,14.450867,0.387097,385.087505,5.953471,,0.000000,0.000000,0.000000,0.000000
06051,Mono,37.915836,-118.875167,2016,0,0,0.000000,5167293.627722,18.000000,63.000000,7063.000000,37.000000,0.000000,,,,,99415,13148,11.507058,9.484025,0.750696,0.649376,0.271372,0.000685,0.654248,0.683976,7,,,,9.126863,14.450867,0.387097,393.009859,5.973835,,0.000000,0.000000,0.000000,0.000000
06051,Mono,37.915836,-118.875167,2017,0,0,0.000000,5206025.757383,18.000000,63.000000,3767.000000,40.000000,0.000000,,,,,99415,13148,11.507058,9.484025,0.750696,0.649376,0.271372,0.000685,0.654248,0.683976,7,,,,9.126863,14.450867,0.387097,395.955716,5.981302,,0.000000,0.000000,0.000000,0.000000
06051,Mono,37.915836,-118.875167,2018,0,0,0.000000,5172492.270329,27.000000,85.000000,1049.000000,234.000000,0.000000,,,,,99415,13148,11.507058,9.484025,0.750696,0.649376,0.271372,0.000685,0.654248,0.683976,7,,,,9.126863,14.450867,0.387097,393.405253,5.974840,,0.000000,0.000000,0.000000,0.000000
06051,Mono,37.915836,-118.875167,2019,0,0,0.000000,4878595.942661,34.000000,83.000000,4227.000000,322.000000,0.000000,5.473464,32.000000,,,99415,13148,11.507058,9.484025,0.750696,0.649376,0.271372,0.000685,0.654248,0.683976,7,,,,9.126863,14.450867,0.387097,371.052323,5.916343,1.699912,0.000000,0.000000,0.000000,0.000000
06051,Mono,37.915836,-118.875167,2020,0,0,0.000000,4508364.505933,51.000000,224.000000,2088.000000,331.000000,0.000000,31.324533,32.000000,,,99415,13148,11.507058,9.484025,0.750696,0.649376,0.271372,0.000685,0.654248,0.683976,7,,,,9.126863,14.450867,0.387097,342.893558,5.837420,3.444402,0.000000,0.000000,0.000000,0.000000
06051,Mono,37.915836,-118.875167,2021,0,0,0.000000,4531899.290451,27.000000,84.000000,2971.000000,241.000000,0.000000,,,,,99415,13148,11.507058,9.484025,0.750696,0.649376,0.271372,0.000685,0.654248,0.683976,7,,,,9.126863,14.450867,0.387097,344.683548,5.842627,,0.000000,0.000000,0.000000,0.000000
06051,Mono,37.915836,-118.875167,2022,1,0,0.000000,4610526.500917,27.000000,68.000000,8368.000000,255.000000,0.000000,4.016097,32.000000,,,99415,13148,11.507058,9.484025,0.750696,0.649376,0.271372,0.000685,0.654248,0.683976,7,,,,9.126863,14.450867,0.387097,350.663713,5.859828,1.390311,9.126863,83.299636,0.000000,0.000000
06051,Mono,37.915836,-118.875167,2023,1,0,0.000000,4538328.151304,24.000000,51.000000,1829.000000,234.000000,0.000000,3.360370,24.000000,,,99415,13148,11.507058,9.484025,0.750696,0.649376,0.271372,0.000685,0.654248,0.683976,7,,,,9.126863,14.450867,0.387097,345.172509,5.844044,1.212051,9.126863,83.299636,0.000000,0.000000
06051,Mono,37.915836,-118.875167,2024,1,0,0.000000,4491729.786644,19.000000,45.000000,69.000000,210.000000,0.000000,2.735912,8.000000,,,99415,13148,11.507058,9.484025,0.750696,0.649376,0.271372,0.000685,0.654248,0.683976,7,,,,9.126863,14.450867,0.387097,341.628368,5.833724,1.006465,9.126863,83.299636,0.000000,0.000000
06051,Mono,37.915836,-118.875167,2025,1,0,0.252055,4463202.344102,22.000000,44.000000,104.000000,94.000000,0.000000,,,,,99415,13148,11.507058,9.484025,0.750696,0.649376,0.271372,0.000685,0.654248,0.683976,7,0.022347,242.000000,10829.000000,9.126863,14.450867,0.387097,339.458651,5.827352,,9.126863,83.299636,0.000000,2.300470
06053,Monterey,36.240104,-121.315578,2010,0,0,0.000000,164626438.091718,40.000000,55.000000,100.000000,174.000000,187.000000,6.582535,8.000000,0.060000,9.000000,97230,437613,11.484835,12.989090,0.720815,0.268609,0.615818,0.020461,0.520745,0.801472,2,,,,2.856405,3.496240,0.449640,376.191836,5.930099,1.884420,0.000000,0.000000,0.000000,0.000000
06053,Monterey,36.240104,-121.315578,2011,0,0,0.000000,163451203.328387,41.000000,54.000000,77.000000,148.000000,202.000000,6.258739,8.000000,0.056667,9.000000,97230,437613,11.484835,12.989090,0.720815,0.268609,0.615818,0.020461,0.520745,0.801472,2,,,,2.856405,3.496240,0.449640,373.506279,5.922935,1.833979,0.000000,0.000000,0.000000,0.000000
06053,Monterey,36.240104,-121.315578,2012,0,0,0.000000,161979237.339820,41.000000,55.000000,84.000000,183.000000,167.000000,5.689884,24.000000,0.053333,9.000000,97230,437613,11.484835,12.989090,0.720815,0.268609,0.615818,0.020461,0.520745,0.801472,2,,,,2.856405,3.496240,0.449640,370.142654,5.913888,1.738690,0.000000,0.000000,0.000000,0.000000
06053,Monterey,36.240104,-121.315578,2013,0,0,0.000000,161930805.974092,44.000000,57.000000,97.000000,225.000000,123.000000,6.497197,24.000000,0.055333,9.000000,97230,437613,11.484835,12.989090,0.720815,0.268609,0.615818,0.020461,0.520745,0.801472,2,,,,2.856405,3.496240,0.449640,370.031983,5.913589,1.871371,0.000000,0.000000,0.000000,0.000000
06053,Monterey,36.240104,-121.315578,2014,0,0,0.000000,164490868.139492,40.000000,55.000000,100.000000,170.000000,180.000000,4.712594,24.000000,0.061333,9.000000,97230,437613,11.484835,12.989090,0.720815,0.268609,0.615818,0.020461,0.520745,0.801472,2,,,,2.856405,3.496240,0.449640,375.882042,5.929275,1.550239,0.000000,0.000000,0.000000,0.000000
06053,Monterey,36.240104,-121.315578,2015,0,0,0.000000,168519298.471211,41.000000,54.000000,120.000000,183.000000,169.000000,5.593469,24.000000,0.058667,9.000000,97230,437613,11.484835,12.989090,0.720815,0.268609,0.615818,0.020461,0.520745,0.801472,2,,,,2.856405,3.496240,0.449640,385.087505,5.953471,1.721600,0.000000,0.000000,0.000000,0.000000
06053,Monterey,36.240104,-121.315578,2016,0,0,0.000000,171986223.479478,37.000000,55.000000,185.000000,140.000000,203.000000,5.788204,40.000000,0.055333,9.000000,97230,437613,11.484835,12.989090,0.720815,0.268609,0.615818,0.020461,0.520745,0.801472,2,,,,2.856405,3.496240,0.449640,393.009859,5.973835,1.755822,0.000000,0.000000,0.000000,0.000000
06053,Monterey,36.240104,-121.315578,2017,0,0,0.000000,173275368.859558,41.000000,58.000000,121.000000,150.000000,188.000000,5.747057,24.000000,0.056000,9.000000,97230,437613,11.484835,12.989090,0.720815,0.268609,0.615818,0.020461,0.520745,0.801472,2,,,,2.856405,3.496240,0.449640,395.955716,5.981302,1.748688,0.000000,0.000000,0.000000,0.000000
06053,Monterey,36.240104,-121.315578,2018,0,0,0.000000,172159253.110395,42.000000,57.000000,157.000000,189.000000,149.000000,6.287225,72.000000,0.052333,9.000000,97230,437613,11.484835,12.989090,0.720815,0.268609,0.615818,0.020461,0.520745,0.801472,2,,,,2.856405,3.496240,0.449640,393.405253,5.974840,1.838520,0.000000,0.000000,0.000000,0.000000
06053,Monterey,36.240104,-121.315578,2019,0,0,0.000000,162377320.220245,39.000000,54.000000,144.000000,127.000000,228.000000,4.445260,24.000000,0.056667,9.000000,97230,437613,11.484835,12.989090,0.720815,0.268609,0.615818,0.020461,0.520745,0.801472,2,,,,2.856405,3.496240,0.449640,371.052323,5.916343,1.491838,0.000000,0.000000,0.000000,0.000000
06053,Monterey,36.240104,-121.315578,2020,0,0,0.000000,150054678.775081,39.000000,64.000000,275.000000,171.000000,171.000000,7.817627,24.000000,0.052667,9.000000,97230,437613,11.484835,12.989090,0.720815,0.268609,0.615818,0.020461,0.520745,0.801472,2,,,,2.856405,3.496240,0.449640,342.893558,5.837420,2.056381,0.000000,0.000000,0.000000,0.000000
06053,Monterey,36.240104,-121.315578,2021,0,0,0.000000,150838001.535773,41.000000,57.000000,80.000000,194.000000,161.000000,5.019862,24.000000,0.054667,9.000000,97230,437613,11.484835,12.989090,0.720815,0.268609,0.615818,0.020461,0.520745,0.801472,2,,,,2.856405,3.496240,0.449640,344.683548,5.842627,1.613402,0.000000,0.000000,0.000000,0.000000
06053,Monterey,36.240104,-121.315578,2022,1,0,0.000000,153454999.516702,39.000000,54.000000,80.000000,144.000000,198.000000,4.635656,24.000000,0.050000,9.000000,97230,437613,11.484835,12.989090,0.720815,0.268609,0.615818,0.020461,0.520745,0.801472,2,,,,2.856405,3.496240,0.449640,350.663713,5.859828,1.533778,2.856405,8.159050,0.000000,0.000000
06053,Monterey,36.240104,-121.315578,2023,1,0,0.000000,151051977.279942,42.000000,55.000000,115.000000,212.000000,146.000000,5.459950,24.000000,0.051000,9.000000,97230,437613,11.484835,12.989090,0.720815,0.268609,0.615818,0.020461,0.520745,0.801472,2,,,,2.856405,3.496240,0.449640,345.172509,5.844044,1.697440,2.856405,8.159050,0.000000,0.000000
06053,Monterey,36.240104,-121.315578,2024,1,0,0.000000,149501015.144699,39.000000,55.000000,71.000000,163.000000,185.000000,5.394784,24.000000,0.054333,9.000000,97230,437613,11.484835,12.989090,0.720815,0.268609,0.615818,0.020461,0.520745,0.801472,2,,,,2.856405,3.496240,0.449640,341.628368,5.833724,1.685432,2.856405,8.159050,0.000000,0.000000
06053,Monterey,36.240104,-121.315578,2025,1,0,0.252055,148551518.665143,40.000000,55.000000,62.000000,84.000000,90.000000,,,,,97230,437613,11.484835,12.989090,0.720815,0.268609,0.615818,0.020461,0.520745,0.801472,2,0.039478,11916.000000,301839.000000,2.856405,3.496240,0.449640,339.458651,5.827352,,2.856405,8.159050,0.000000,0.719971
06055,Napa,38.507100,-122.325904,2010,0,0,0.000000,50736616.780105,46.000000,64.000000,159.000000,244.000000,119.000000,,,0.067000,3.000000,111471,134869,11.621520,11.812059,0.627735,0.485501,0.363657,0.016994,0.634106,0.795486,3,,,,2.817549,20.686740,0.119874,376.191836,5.930099,,0.000000,0.000000,0.000000,0.000000
06055,Napa,38.507100,-122.325904,2011,0,0,0.000000,50374418.359821,49.000000,69.000000,120.000000,247.000000,105.000000,,,0.064000,3.000000,111471,134869,11.621520,11.812059,0.627735,0.485501,0.363657,0.016994,0.634106,0.795486,3,,,,2.817549,20.686740,0.119874,373.506279,5.922935,,0.000000,0.000000,0.000000,0.000000
06055,Napa,38.507100,-122.325904,2012,0,0,0.000000,49920769.631579,44.000000,66.000000,85.000000,205.000000,154.000000,,,0.058000,3.000000,111471,134869,11.621520,11.812059,0.627735,0.485501,0.363657,0.016994,0.634106,0.795486,3,,,,2.817549,20.686740,0.119874,370.142654,5.913888,,0.000000,0.000000,0.000000,0.000000
06055,Napa,38.507100,-122.325904,2013,0,0,0.000000,49905843.452822,53.000000,73.000000,119.000000,281.000000,80.000000,11.717847,8.000000,0.055000,3.000000,111471,134869,11.621520,11.812059,0.627735,0.485501,0.363657,0.016994,0.634106,0.795486,3,,,,2.817549,20.686740,0.119874,370.031983,5.913589,2.461113,0.000000,0.000000,0.000000,0.000000
06055,Napa,38.507100,-122.325904,2014,0,0,0.000000,50694835.151390,55.000000,69.000000,90.000000,341.000000,24.000000,11.951541,8.000000,0.062000,3.000000,111471,134869,11.621520,11.812059,0.627735,0.485501,0.363657,0.016994,0.634106,0.795486,3,,,,2.817549,20.686740,0.119874,375.882042,5.929275,2.480860,0.000000,0.000000,0.000000,0.000000
06055,Napa,38.507100,-122.325904,2015,0,0,0.000000,51936366.756732,53.000000,72.000000,108.000000,257.000000,104.000000,10.610894,8.000000,0.066000,3.000000,111471,134869,11.621520,11.812059,0.627735,0.485501,0.363657,0.016994,0.634106,0.795486,3,,,,2.817549,20.686740,0.119874,385.087505,5.953471,2.361881,0.000000,0.000000,0.000000,0.000000
06055,Napa,38.507100,-122.325904,2016,0,0,0.000000,53004846.689778,44.000000,61.000000,90.000000,261.000000,104.000000,8.578161,8.000000,0.058000,3.000000,111471,134869,11.621520,11.812059,0.627735,0.485501,0.363657,0.016994,0.634106,0.795486,3,,,,2.817549,20.686740,0.119874,393.009859,5.973835,2.149220,0.000000,0.000000,0.000000,0.000000
06055,Napa,38.507100,-122.325904,2017,0,0,0.000000,53402151.496230,53.000000,71.000000,274.000000,326.000000,37.000000,13.728134,8.000000,0.065000,3.000000,111471,134869,11.621520,11.812059,0.627735,0.485501,0.363657,0.016994,0.634106,0.795486,3,,,,2.817549,20.686740,0.119874,395.955716,5.981302,2.619447,0.000000,0.000000,0.000000,0.000000
06055,Napa,38.507100,-122.325904,2018,0,0,0.000000,53058173.106708,46.000000,65.000000,195.000000,262.000000,99.000000,,,,,111471,134869,11.621520,11.812059,0.627735,0.485501,0.363657,0.016994,0.634106,0.795486,3,,,,2.817549,20.686740,0.119874,393.405253,5.974840,,0.000000,0.000000,0.000000,0.000000
06055,Napa,38.507100,-122.325904,2019,0,0,0.000000,50043455.749222,37.000000,54.000000,119.000000,150.000000,211.000000,5.923099,8.000000,0.060000,3.000000,111471,134869,11.621520,11.812059,0.627735,0.485501,0.363657,0.016994,0.634106,0.795486,3,,,,2.817549,20.686740,0.119874,371.052323,5.916343,1.778860,0.000000,0.000000,0.000000,0.000000
06055,Napa,38.507100,-122.325904,2020,0,0,0.000000,46245711.328769,39.000000,66.000000,224.000000,199.000000,163.000000,10.332759,8.000000,0.060000,3.000000,111471,134869,11.621520,11.812059,0.627735,0.485501,0.363657,0.016994,0.634106,0.795486,3,,,,2.817549,20.686740,0.119874,342.893558,5.837420,2.335319,0.000000,0.000000,0.000000,0.000000
06055,Napa,38.507100,-122.325904,2021,0,0,0.000000,46487125.449034,41.000000,56.000000,77.000000,65.000000,74.000000,,,,,111471,134869,11.621520,11.812059,0.627735,0.485501,0.363657,0.016994,0.634106,0.795486,3,,,,2.817549,20.686740,0.119874,344.683548,5.842627,,0.000000,0.000000,0.000000,0.000000
06055,Napa,38.507100,-122.325904,2022,1,0,0.000000,47293664.333139,,,,,,,,,,111471,134869,11.621520,11.812059,0.627735,0.485501,0.363657,0.016994,0.634106,0.795486,3,,,,2.817549,20.686740,0.119874,350.663713,5.859828,,2.817549,7.938582,0.000000,0.000000
06055,Napa,38.507100,-122.325904,2023,1,0,0.000000,46553071.146809,,,,,,,,,,111471,134869,11.621520,11.812059,0.627735,0.485501,0.363657,0.016994,0.634106,0.795486,3,,,,2.817549,20.686740,0.119874,345.172509,5.844044,,2.817549,7.938582,0.000000,0.000000
06055,Napa,38.507100,-122.325904,2024,1,0,0.000000,46075076.406666,,,,,,,,,,111471,134869,11.621520,11.812059,0.627735,0.485501,0.363657,0.016994,0.634106,0.795486,3,,,,2.817549,20.686740,0.119874,341.628368,5.833724,,2.817549,7.938582,0.000000,0.000000
06055,Napa,38.507100,-122.325904,2025,1,0,0.252055,45782448.809448,,,,,,,,,,111471,134869,11.621520,11.812059,0.627735,0.485501,0.363657,0.016994,0.634106,0.795486,3,0.068559,7757.000000,113144.000000,2.817549,20.686740,0.119874,339.458651,5.827352,,2.817549,7.938582,0.000000,0.710177
06057,Nevada,39.297508,-120.771343,2010,0,0,0.000000,38552515.583580,44.000000,90.000000,154.000000,22.000000,342.000000,,,0.077500,6.000000,89882,102481,11.406253,11.537433,0.726910,0.806725,0.107347,0.003044,0.754508,0.692181,4,,,,3.805583,3.122530,0.549296,376.191836,5.930099,,0.000000,0.000000,0.000000,0.000000
06057,Nevada,39.297508,-120.771343,2011,0,0,0.000000,38277296.991398,44.000000,87.000000,154.000000,42.000000,323.000000,,,0.075167,6.000000,89882,102481,11.406253,11.537433,0.726910,0.806725,0.107347,0.003044,0.754508,0.692181,4,,,,3.805583,3.122530,0.549296,373.506279,5.922935,,0.000000,0.000000,0.000000,0.000000
06057,Nevada,39.297508,-120.771343,2012,0,0,0.000000,37932589.346802,43.000000,97.000000,164.000000,25.000000,341.000000,,,0.077417,12.000000,89882,102481,11.406253,11.537433,0.726910,0.806725,0.107347,0.003044,0.754508,0.692181,4,,,,3.805583,3.122530,0.549296,370.142654,5.913888,,0.000000,0.000000,0.000000,0.000000
06057,Nevada,39.297508,-120.771343,2013,0,0,0.000000,37921247.602404,48.000000,92.000000,140.000000,31.000000,331.000000,,,0.071500,6.000000,89882,102481,11.406253,11.537433,0.726910,0.806725,0.107347,0.003044,0.754508,0.692181,4,,,,3.805583,3.122530,0.549296,370.031983,5.913589,,0.000000,0.000000,0.000000,0.000000
06057,Nevada,39.297508,-120.771343,2014,0,0,0.000000,38520767.568156,47.000000,100.000000,168.000000,13.000000,352.000000,,,0.079833,6.000000,89882,102481,11.406253,11.537433,0.726910,0.806725,0.107347,0.003044,0.754508,0.692181,4,,,,3.805583,3.122530,0.549296,375.882042,5.929275,,0.000000,0.000000,0.000000,0.000000
06057,Nevada,39.297508,-120.771343,2015,0,0,0.000000,39464152.634013,48.000000,93.000000,166.000000,14.000000,350.000000,,,0.078333,6.000000,89882,102481,11.406253,11.537433,0.726910,0.806725,0.107347,0.003044,0.754508,0.692181,4,,,,3.805583,3.122530,0.549296,385.087505,5.953471,,0.000000,0.000000,0.000000,0.000000
06057,Nevada,39.297508,-120.771343,2016,0,0,0.000000,40276043.372570,45.000000,101.000000,179.000000,13.000000,353.000000,,,0.086000,3.000000,89882,102481,11.406253,11.537433,0.726910,0.806725,0.107347,0.003044,0.754508,0.692181,4,,,,3.805583,3.122530,0.549296,393.009859,5.973835,,0.000000,0.000000,0.000000,0.000000
06057,Nevada,39.297508,-120.771343,2017,0,0,0.000000,40577937.758011,49.000000,133.000000,185.000000,22.000000,343.000000,,,0.090000,3.000000,89882,102481,11.406253,11.537433,0.726910,0.806725,0.107347,0.003044,0.754508,0.692181,4,,,,3.805583,3.122530,0.549296,395.955716,5.981302,,0.000000,0.000000,0.000000,0.000000
06057,Nevada,39.297508,-120.771343,2018,0,0,0.000000,40316563.762974,45.000000,87.000000,218.000000,52.000000,311.000000,6.030337,8.000000,0.087889,9.000000,89882,102481,11.406253,11.537433,0.726910,0.806725,0.107347,0.003044,0.754508,0.692181,4,,,,3.805583,3.122530,0.549296,393.405253,5.974840,1.796803,0.000000,0.000000,0.000000,0.000000
06057,Nevada,39.297508,-120.771343,2019,0,0,0.000000,38025813.112250,45.000000,71.000000,122.000000,89.000000,272.000000,6.250282,8.000000,0.072000,3.000000,89882,102481,11.406253,11.537433,0.726910,0.806725,0.107347,0.003044,0.754508,0.692181,4,,,,3.805583,3.122530,0.549296,371.052323,5.916343,1.832627,0.000000,0.000000,0.000000,0.000000
06057,Nevada,39.297508,-120.771343,2020,0,0,0.000000,35140074.759089,46.000000,91.000000,277.000000,193.000000,173.000000,12.478079,8.000000,0.080778,9.000000,89882,102481,11.406253,11.537433,0.726910,0.806725,0.107347,0.003044,0.754508,0.692181,4,,,,3.805583,3.122530,0.549296,342.893558,5.837420,2.523973,0.000000,0.000000,0.000000,0.000000
06057,Nevada,39.297508,-120.771343,2021,0,0,0.000000,35323514.693091,50.000000,115.000000,326.000000,157.000000,208.000000,8.688182,24.000000,0.090000,3.000000,89882,102481,11.406253,11.537433,0.726910,0.806725,0.107347,0.003044,0.754508,0.692181,4,,,,3.805583,3.122530,0.549296,344.683548,5.842627,2.161964,0.000000,0.000000,0.000000,0.000000
06057,Nevada,39.297508,-120.771343,2022,1,0,0.000000,35936367.990602,50.000000,87.000000,293.000000,107.000000,258.000000,6.050423,8.000000,0.074667,3.000000,89882,102481,11.406253,11.537433,0.726910,0.806725,0.107347,0.003044,0.754508,0.692181,4,,,,3.805583,3.122530,0.549296,350.663713,5.859828,1.800128,3.805583,14.482466,0.000000,0.000000
06057,Nevada,39.297508,-120.771343,2023,1,0,0.000000,35373623.917995,42.000000,55.000000,97.000000,257.000000,106.000000,4.759831,8.000000,,,89882,102481,11.406253,11.537433,0.726910,0.806725,0.107347,0.003044,0.754508,0.692181,4,,,,3.805583,3.122530,0.549296,345.172509,5.844044,1.560212,3.805583,14.482466,0.000000,0.000000
06057,Nevada,39.297508,-120.771343,2024,1,0,0.000000,35010416.813586,36.000000,55.000000,132.000000,231.000000,134.000000,4.117009,8.000000,,,89882,102481,11.406253,11.537433,0.726910,0.806725,0.107347,0.003044,0.754508,0.692181,4,,,,3.805583,3.122530,0.549296,341.628368,5.833724,1.415127,3.805583,14.482466,0.000000,0.000000
06057,Nevada,39.297508,-120.771343,2025,1,0,0.252055,34788062.019004,44.000000,61.000000,84.000000,20.000000,161.000000,,,,,89882,102481,11.406253,11.537433,0.726910,0.806725,0.107347,0.003044,0.754508,0.692181,4,0.044692,3115.000000,69700.000000,3.805583,3.122530,0.549296,339.458651,5.827352,,3.805583,14.482466,0.000000,0.959216
06059,Orange,33.675687,-117.777207,2010,0,0,0.000000,1190955639.433755,61.000000,82.000000,177.000000,295.000000,59.000000,,,0.064750,12.000000,116289,3165820,11.663834,14.967923,0.617307,0.369004,0.342070,0.015126,0.563880,0.764338,1,,,,1.544624,6.061621,0.203073,376.191836,5.930099,,0.000000,0.000000,0.000000,0.000000
06059,Orange,33.675687,-117.777207,2011,0,0,0.000000,1182453648.591506,62.000000,88.000000,143.000000,301.000000,54.000000,,,0.066750,12.000000,116289,3165820,11.663834,14.967923,0.617307,0.369004,0.342070,0.015126,0.563880,0.764338,1,,,,1.544624,6.061621,0.203073,373.506279,5.922935,,0.000000,0.000000,0.000000,0.000000
06059,Orange,33.675687,-117.777207,2012,0,0,0.000000,1171805017.572947,60.000000,84.000000,147.000000,286.000000,73.000000,,,0.066250,12.000000,116289,3165820,11.663834,14.967923,0.617307,0.369004,0.342070,0.015126,0.563880,0.764338,1,,,,1.544624,6.061621,0.203073,370.142654,5.913888,,0.000000,0.000000,0.000000,0.000000
06059,Orange,33.675687,-117.777207,2013,0,0,0.000000,1171454650.956209,59.000000,75.000000,143.000000,282.000000,62.000000,,,0.067000,12.000000,116289,3165820,11.663834,14.967923,0.617307,0.369004,0.342070,0.015126,0.563880,0.764338,1,,,,1.544624,6.061621,0.203073,370.031983,5.913589,,0.000000,0.000000,0.000000,0.000000
06059,Orange,33.675687,-117.777207,2014,0,0,0.000000,1189974886.882624,63.000000,87.000000,156.000000,297.000000,53.000000,,,0.076250,12.000000,116289,3165820,11.663834,14.967923,0.617307,0.369004,0.342070,0.015126,0.563880,0.764338,1,,,,1.544624,6.061621,0.203073,375.882042,5.929275,,0.000000,0.000000,0.000000,0.000000
06059,Orange,33.675687,-117.777207,2015,0,0,0.000000,1219117726.132747,61.000000,87.000000,156.000000,267.000000,79.000000,,,0.070250,12.000000,116289,3165820,11.663834,14.967923,0.617307,0.369004,0.342070,0.015126,0.563880,0.764338,1,,,,1.544624,6.061621,0.203073,385.087505,5.953471,,0.000000,0.000000,0.000000,0.000000
06059,Orange,33.675687,-117.777207,2016,0,0,0.000000,1244198472.202153,58.000000,88.000000,169.000000,231.000000,118.000000,12.902006,8.000000,0.072500,12.000000,116289,3165820,11.663834,14.967923,0.617307,0.369004,0.342070,0.015126,0.563880,0.764338,1,,,,1.544624,6.061621,0.203073,393.009859,5.973835,2.557383,0.000000,0.000000,0.000000,0.000000
06059,Orange,33.675687,-117.777207,2017,0,0,0.000000,1253524525.649294,59.000000,97.000000,151.000000,209.000000,138.000000,13.579320,8.000000,0.079000,9.000000,116289,3165820,11.663834,14.967923,0.617307,0.369004,0.342070,0.015126,0.563880,0.764338,1,,,,1.544624,6.061621,0.203073,395.955716,5.981302,2.608548,0.000000,0.000000,0.000000,0.000000
06059,Orange,33.675687,-117.777207,2018,0,0,0.000000,1245450218.987895,54.000000,86.000000,160.000000,231.000000,114.000000,12.018082,8.000000,0.070000,9.000000,116289,3165820,11.663834,14.967923,0.617307,0.369004,0.342070,0.015126,0.563880,0.764338,1,,,,1.544624,6.061621,0.203073,393.405253,5.974840,2.486412,0.000000,0.000000,0.000000,0.000000
06059,Orange,33.675687,-117.777207,2019,0,0,0.000000,1174684865.165470,53.000000,87.000000,172.000000,164.000000,188.000000,9.060274,8.000000,0.073333,9.000000,116289,3165820,11.663834,14.967923,0.617307,0.369004,0.342070,0.015126,0.563880,0.764338,1,,,,1.544624,6.061621,0.203073,371.052323,5.916343,2.203899,0.000000,0.000000,0.000000,0.000000
06059,Orange,33.675687,-117.777207,2020,0,0,0.000000,1085539285.075458,56.000000,108.000000,218.000000,207.000000,153.000000,11.391925,16.000000,0.085667,9.000000,116289,3165820,11.663834,14.967923,0.617307,0.369004,0.342070,0.015126,0.563880,0.764338,1,,,,1.544624,6.061621,0.203073,342.893558,5.837420,2.432905,0.000000,0.000000,0.000000,0.000000
06059,Orange,33.675687,-117.777207,2021,0,0,0.000000,1091206070.253812,55.000000,87.000000,148.000000,232.000000,124.000000,10.310409,16.000000,0.070333,9.000000,116289,3165820,11.663834,14.967923,0.617307,0.369004,0.342070,0.015126,0.563880,0.764338,1,,,,1.544624,6.061621,0.203073,344.683548,5.842627,2.333154,0.000000,0.000000,0.000000,0.000000
06059,Orange,33.675687,-117.777207,2022,1,0,0.000000,1110138196.465750,53.000000,71.000000,156.000000,217.000000,133.000000,8.682682,8.000000,0.065000,6.000000,116289,3165820,11.663834,14.967923,0.617307,0.369004,0.342070,0.015126,0.563880,0.764338,1,,,,1.544624,6.061621,0.203073,350.663713,5.859828,2.161330,1.544624,2.385862,0.000000,0.000000
06059,Orange,33.675687,-117.777207,2023,1,0,0.000000,1092754033.158029,52.000000,77.000000,166.000000,204.000000,142.000000,9.692219,8.000000,0.070833,6.000000,116289,3165820,11.663834,14.967923,0.617307,0.369004,0.342070,0.015126,0.563880,0.764338,1,,,,1.544624,6.061621,0.203073,345.172509,5.844044,2.271323,1.544624,2.385862,0.000000,0.000000
06059,Orange,33.675687,-117.777207,2024,1,0,0.000000,1081533920.988159,54.000000,84.000000,172.000000,239.000000,114.000000,11.002260,8.000000,0.072000,6.000000,116289,3165820,11.663834,14.967923,0.617307,0.369004,0.342070,0.015126,0.563880,0.764338,1,,,,1.544624,6.061621,0.203073,341.628368,5.833724,2.398101,1.544624,2.385862,0.000000,0.000000
06059,Orange,33.675687,-117.777207,2025,1,0,0.252055,1074664986.690254,52.000000,77.000000,159.000000,149.000000,114.000000,,,,,116289,3165820,11.663834,14.967923,0.617307,0.369004,0.342070,0.015126,0.563880,0.764338,1,0.106203,254518.000000,2396525.000000,1.544624,6.061621,0.203073,339.458651,5.827352,,1.544624,2.385862,0.000000,0.389330
06061,Placer,39.062032,-120.722718,2010,0,0,0.000000,157683065.367739,55.000000,97.000000,200.000000,188.000000,175.000000,,,0.081333,9.000000,115998,419156,11.661328,12.945998,0.624486,0.655040,0.157080,0.015634,0.747705,0.738420,1,,,,2.290317,3.817195,0.375000,376.191836,5.930099,,0.000000,0.000000,0.000000,0.000000
06061,Placer,39.062032,-120.722718,2011,0,0,0.000000,156557397.934507,57.000000,101.000000,172.000000,167.000000,195.000000,,,0.078500,6.000000,115998,419156,11.661328,12.945998,0.624486,0.655040,0.157080,0.015634,0.747705,0.738420,1,,,,2.290317,3.817195,0.375000,373.506279,5.922935,,0.000000,0.000000,0.000000,0.000000
06061,Placer,39.062032,-120.722718,2012,0,0,0.000000,155147514.370939,54.000000,105.000000,170.000000,148.000000,214.000000,4.934745,24.000000,0.080250,12.000000,115998,419156,11.661328,12.945998,0.624486,0.655040,0.157080,0.015634,0.747705,0.738420,1,,,,2.290317,3.817195,0.375000,370.142654,5.913888,1.596301,0.000000,0.000000,0.000000,0.000000
06061,Placer,39.062032,-120.722718,2013,0,0,0.000000,155101125.672401,55.000000,84.000000,165.000000,191.000000,171.000000,6.013800,24.000000,0.071167,18.000000,115998,419156,11.661328,12.945998,0.624486,0.655040,0.157080,0.015634,0.747705,0.738420,1,,,,2.290317,3.817195,0.375000,370.031983,5.913589,1.794057,0.000000,0.000000,0.000000,0.000000
06061,Placer,39.062032,-120.722718,2014,0,0,0.000000,157553213.286344,57.000000,97.000000,265.000000,178.000000,187.000000,5.947620,24.000000,0.073800,15.000000,115998,419156,11.661328,12.945998,0.624486,0.655040,0.157080,0.015634,0.747705,0.738420,1,,,,2.290317,3.817195,0.375000,375.882042,5.929275,1.782991,0.000000,0.000000,0.000000,0.000000
06061,Placer,39.062032,-120.722718,2015,0,0,0.000000,161411738.385283,51.000000,77.000000,189.000000,214.000000,146.000000,7.387345,24.000000,0.073000,3.000000,115998,419156,11.661328,12.945998,0.624486,0.655040,0.157080,0.015634,0.747705,0.738420,1,,,,2.290317,3.817195,0.375000,385.087505,5.953471,1.999768,0.000000,0.000000,0.000000,0.000000
06061,Placer,39.062032,-120.722718,2016,0,0,0.000000,164732440.509683,50.000000,80.000000,166.000000,187.000000,174.000000,5.687180,24.000000,0.084000,3.000000,115998,419156,11.661328,12.945998,0.624486,0.655040,0.157080,0.015634,0.747705,0.738420,1,,,,2.290317,3.817195,0.375000,393.009859,5.973835,1.738214,0.000000,0.000000,0.000000,0.000000
06061,Placer,39.062032,-120.722718,2017,0,0,0.000000,165967214.204552,46.000000,77.000000,156.000000,134.000000,224.000000,5.268371,24.000000,0.080000,3.000000,115998,419156,11.661328,12.945998,0.624486,0.655040,0.157080,0.015634,0.747705,0.738420,1,,,,2.290317,3.817195,0.375000,395.955716,5.981302,1.661721,0.000000,0.000000,0.000000,0.000000
06061,Placer,39.062032,-120.722718,2018,0,0,0.000000,164898172.350320,46.000000,84.000000,248.000000,174.000000,176.000000,8.274133,24.000000,0.080000,3.000000,115998,419156,11.661328,12.945998,0.624486,0.655040,0.157080,0.015634,0.747705,0.738420,1,,,,2.290317,3.817195,0.375000,393.405253,5.974840,2.113134,0.000000,0.000000,0.000000,0.000000
06061,Placer,39.062032,-120.722718,2019,0,0,0.000000,155528807.494835,49.000000,77.000000,136.000000,145.000000,218.000000,7.162606,8.000000,0.067000,3.000000,115998,419156,11.661328,12.945998,0.624486,0.655040,0.157080,0.015634,0.747705,0.738420,1,,,,2.290317,3.817195,0.375000,371.052323,5.916343,1.968874,0.000000,0.000000,0.000000,0.000000
06061,Placer,39.062032,-120.722718,2020,0,0,0.000000,143725892.367566,57.000000,108.000000,247.000000,177.000000,181.000000,12.791150,8.000000,0.077200,15.000000,115998,419156,11.661328,12.945998,0.624486,0.655040,0.157080,0.015634,0.747705,0.738420,1,,,,2.290317,3.817195,0.375000,342.893558,5.837420,2.548754,0.000000,0.000000,0.000000,0.000000
06061,Placer,39.062032,-120.722718,2021,0,0,0.000000,144476177.288446,58.000000,115.000000,692.000000,144.000000,220.000000,10.624352,16.000000,0.079000,15.000000,115998,419156,11.661328,12.945998,0.624486,0.655040,0.157080,0.015634,0.747705,0.738420,1,,,,2.290317,3.817195,0.375000,344.683548,5.842627,2.363149,0.000000,0.000000,0.000000,0.000000
06061,Placer,39.062032,-120.722718,2022,1,0,0.000000,146982799.362503,54.000000,90.000000,442.000000,123.000000,241.000000,7.614989,16.000000,0.068600,15.000000,115998,419156,11.661328,12.945998,0.624486,0.655040,0.157080,0.015634,0.747705,0.738420,1,,,,2.290317,3.817195,0.375000,350.663713,5.859828,2.030119,2.290317,5.245551,0.000000,0.000000
06061,Placer,39.062032,-120.722718,2023,1,0,0.000000,144681128.277156,52.000000,80.000000,143.000000,120.000000,245.000000,6.487970,16.000000,0.066400,15.000000,115998,419156,11.661328,12.945998,0.624486,0.655040,0.157080,0.015634,0.747705,0.738420,1,,,,2.290317,3.817195,0.375000,345.172509,5.844044,1.869950,2.290317,5.245551,0.000000,0.000000
06061,Placer,39.062032,-120.722718,2024,1,0,0.000000,143195580.350656,50.000000,93.000000,140.000000,103.000000,263.000000,6.010386,16.000000,0.069800,15.000000,115998,419156,11.661328,12.945998,0.624486,0.655040,0.157080,0.015634,0.747705,0.738420,1,,,,2.290317,3.817195,0.375000,341.628368,5.833724,1.793489,2.290317,5.245551,0.000000,0.000000
06061,Placer,39.062032,-120.722718,2025,1,0,0.252055,142286130.342578,51.000000,74.000000,143.000000,73.000000,170.000000,,,,,115998,419156,11.661328,12.945998,0.624486,0.655040,0.157080,0.015634,0.747705,0.738420,1,0.080333,25510.000000,317555.000000,2.290317,3.817195,0.375000,339.458651,5.827352,,2.290317,5.245551,0.000000,0.577285
06063,Plumas,39.992295,-120.824371,2010,0,0,0.000000,7306774.037918,44.000000,78.000000,110.000000,124.000000,0.000000,,,,,66031,19423,11.097880,9.874213,0.840576,0.808320,0.102868,0.009628,0.745716,0.866795,9,,,,0.000000,3.089121,0.000000,376.191836,5.930099,,0.000000,0.000000,0.000000,0.000000
06063,Plumas,39.992295,-120.824371,2011,0,0,0.000000,7254612.459518,51.000000,89.000000,153.000000,122.000000,0.000000,,,,,66031,19423,11.097880,9.874213,0.840576,0.808320,0.102868,0.009628,0.745716,0.866795,9,,,,0.000000,3.089121,0.000000,373.506279,5.922935,,0.000000,0.000000,0.000000,0.000000
06063,Plumas,39.992295,-120.824371,2012,0,0,0.000000,7189280.772855,48.000000,92.000000,124.000000,124.000000,0.000000,,,,,66031,19423,11.097880,9.874213,0.840576,0.808320,0.102868,0.009628,0.745716,0.866795,9,,,,0.000000,3.089121,0.000000,370.142654,5.913888,,0.000000,0.000000,0.000000,0.000000
06063,Plumas,39.992295,-120.824371,2013,0,0,0.000000,7187131.196822,53.000000,113.000000,166.000000,119.000000,0.000000,,,,,66031,19423,11.097880,9.874213,0.840576,0.808320,0.102868,0.009628,0.745716,0.866795,9,,,,0.000000,3.089121,0.000000,370.031983,5.913589,,0.000000,0.000000,0.000000,0.000000
06063,Plumas,39.992295,-120.824371,2014,0,0,0.000000,7300756.905927,52.000000,103.000000,158.000000,127.000000,0.000000,,,,,66031,19423,11.097880,9.874213,0.840576,0.808320,0.102868,0.009628,0.745716,0.866795,9,,,,0.000000,3.089121,0.000000,375.882042,5.929275,,0.000000,0.000000,0.000000,0.000000
06063,Plumas,39.992295,-120.824371,2015,0,0,0.000000,7479554.616079,56.000000,102.000000,159.000000,132.000000,0.000000,,,,,66031,19423,11.097880,9.874213,0.840576,0.808320,0.102868,0.009628,0.745716,0.866795,9,,,,0.000000,3.089121,0.000000,385.087505,5.953471,,0.000000,0.000000,0.000000,0.000000
06063,Plumas,39.992295,-120.824371,2016,0,0,0.000000,7633430.493705,43.000000,76.000000,152.000000,355.000000,0.000000,,,,,66031,19423,11.097880,9.874213,0.840576,0.808320,0.102868,0.009628,0.745716,0.866795,9,,,,0.000000,3.089121,0.000000,393.009859,5.973835,,0.000000,0.000000,0.000000,0.000000
06063,Plumas,39.992295,-120.824371,2017,0,0,0.000000,7690647.876912,47.000000,90.000000,189.000000,351.000000,0.000000,,,,,66031,19423,11.097880,9.874213,0.840576,0.808320,0.102868,0.009628,0.745716,0.866795,9,,,,0.000000,3.089121,0.000000,395.955716,5.981302,,0.000000,0.000000,0.000000,0.000000
06063,Plumas,39.992295,-120.824371,2018,0,0,0.000000,7641110.234758,47.000000,85.000000,162.000000,350.000000,0.000000,,,,,66031,19423,11.097880,9.874213,0.840576,0.808320,0.102868,0.009628,0.745716,0.866795,9,,,,0.000000,3.089121,0.000000,393.405253,5.974840,,0.000000,0.000000,0.000000,0.000000
06063,Plumas,39.992295,-120.824371,2019,0,0,0.000000,7206949.269418,34.000000,71.000000,138.000000,341.000000,0.000000,,,,,66031,19423,11.097880,9.874213,0.840576,0.808320,0.102868,0.009628,0.745716,0.866795,9,,,,0.000000,3.089121,0.000000,371.052323,5.916343,,0.000000,0.000000,0.000000,0.000000
06063,Plumas,39.992295,-120.824371,2020,0,0,0.000000,6660021.584936,56.000000,146.000000,755.000000,360.000000,0.000000,,,,,66031,19423,11.097880,9.874213,0.840576,0.808320,0.102868,0.009628,0.745716,0.866795,9,,,,0.000000,3.089121,0.000000,342.893558,5.837420,,0.000000,0.000000,0.000000,0.000000
06063,Plumas,39.992295,-120.824371,2021,0,0,0.000000,6694788.554795,67.000000,170.000000,654.000000,365.000000,0.000000,,,,,66031,19423,11.097880,9.874213,0.840576,0.808320,0.102868,0.009628,0.745716,0.866795,9,,,,0.000000,3.089121,0.000000,344.683548,5.842627,,0.000000,0.000000,0.000000,0.000000
06063,Plumas,39.992295,-120.824371,2022,1,0,0.000000,6810941.301133,55.000000,96.000000,175.000000,359.000000,0.000000,,,,,66031,19423,11.097880,9.874213,0.840576,0.808320,0.102868,0.009628,0.745716,0.866795,9,,,,0.000000,3.089121,0.000000,350.663713,5.859828,,0.000000,0.000000,0.000000,0.000000
06063,Plumas,39.992295,-120.824371,2023,1,0,0.000000,6704285.646698,50.000000,87.000000,142.000000,365.000000,0.000000,9.643030,16.000000,,,66031,19423,11.097880,9.874213,0.840576,0.808320,0.102868,0.009628,0.745716,0.866795,9,,,,0.000000,3.089121,0.000000,345.172509,5.844044,2.266235,0.000000,0.000000,0.000000,0.000000
06063,Plumas,39.992295,-120.824371,2024,1,0,0.000000,6635447.797838,48.000000,88.000000,253.000000,366.000000,0.000000,8.616989,16.000000,,,66031,19423,11.097880,9.874213,0.840576,0.808320,0.102868,0.009628,0.745716,0.866795,9,,,,0.000000,3.089121,0.000000,341.628368,5.833724,2.153736,0.000000,0.000000,0.000000,0.000000
06063,Plumas,39.992295,-120.824371,2025,1,0,0.252055,6593305.379486,46.000000,82.000000,111.000000,195.000000,0.000000,,,,,66031,19423,11.097880,9.874213,0.840576,0.808320,0.102868,0.009628,0.745716,0.866795,9,0.009943,124.000000,12471.000000,0.000000,3.089121,0.000000,339.458651,5.827352,,0.000000,0.000000,0.000000,0.000000
06065,Riverside,33.729827,-116.002239,2010,0,0,0.000000,932429085.639899,87.000000,156.000000,217.000000,159.000000,176.000000,,,0.082143,42.000000,93074,2478600,11.441150,14.723204,0.729615,0.309604,0.512613,0.060402,0.691296,0.843628,1,,,,1.557331,2.618414,0.372947,376.191836,5.930099,,0.000000,0.000000,0.000000,0.000000
06065,Riverside,33.729827,-116.002239,2011,0,0,0.000000,925772663.448619,93.000000,164.000000,318.000000,152.000000,170.000000,8.654688,8.000000,0.091714,42.000000,93074,2478600,11.441150,14.723204,0.729615,0.309604,0.512613,0.060402,0.691296,0.843628,1,,,,1.557331,2.618414,0.372947,373.506279,5.922935,2.158101,0.000000,0.000000,0.000000,0.000000
06065,Riverside,33.729827,-116.002239,2012,0,0,0.000000,917435582.742009,94.000000,156.000000,233.000000,156.000000,174.000000,7.994442,16.000000,0.086154,39.000000,93074,2478600,11.441150,14.723204,0.729615,0.309604,0.512613,0.060402,0.691296,0.843628,1,,,,1.557331,2.618414,0.372947,370.142654,5.913888,2.078747,0.000000,0.000000,0.000000,0.000000
06065,Riverside,33.729827,-116.002239,2013,0,0,0.000000,917161271.916932,88.000000,151.000000,450.000000,143.000000,182.000000,8.240175,16.000000,0.082636,33.000000,93074,2478600,11.441150,14.723204,0.729615,0.309604,0.512613,0.060402,0.691296,0.843628,1,,,,1.557331,2.618414,0.372947,370.031983,5.913589,2.109022,0.000000,0.000000,0.000000,0.000000
06065,Riverside,33.729827,-116.002239,2014,0,0,0.000000,931661229.832167,93.000000,150.000000,541.000000,115.000000,193.000000,10.738905,8.000000,0.084923,39.000000,93074,2478600,11.441150,14.723204,0.729615,0.309604,0.512613,0.060402,0.691296,0.843628,1,,,,1.557331,2.618414,0.372947,375.882042,5.929275,2.373873,0.000000,0.000000,0.000000,0.000000
06065,Riverside,33.729827,-116.002239,2015,0,0,0.000000,954477890.717927,88.000000,150.000000,238.000000,131.000000,178.000000,10.629293,16.000000,0.084231,39.000000,93074,2478600,11.441150,14.723204,0.729615,0.309604,0.512613,0.060402,0.691296,0.843628,1,,,,1.557331,2.618414,0.372947,385.087505,5.953471,2.363614,0.000000,0.000000,0.000000,0.000000
06065,Riverside,33.729827,-116.002239,2016,0,0,0.000000,974114236.817083,83.000000,154.000000,379.000000,128.000000,190.000000,11.156452,24.000000,0.084750,36.000000,93074,2478600,11.441150,14.723204,0.729615,0.309604,0.512613,0.060402,0.691296,0.843628,1,,,,1.557331,2.618414,0.372947,393.009859,5.973835,2.412018,0.000000,0.000000,0.000000,0.000000
06065,Riverside,33.729827,-116.002239,2017,0,0,0.000000,981415838.321301,87.000000,161.000000,359.000000,120.000000,213.000000,12.456741,16.000000,0.090333,36.000000,93074,2478600,11.441150,14.723204,0.729615,0.309604,0.512613,0.060402,0.691296,0.843628,1,,,,1.557331,2.618414,0.372947,395.955716,5.981302,2.522262,0.000000,0.000000,0.000000,0.000000
06065,Riverside,33.729827,-116.002239,2018,0,0,0.000000,975094260.818176,87.000000,153.000000,296.000000,117.000000,210.000000,12.476389,24.000000,0.085872,39.000000,93074,2478600,11.441150,14.723204,0.729615,0.309604,0.512613,0.060402,0.691296,0.843628,1,,,,1.557331,2.618414,0.372947,393.405253,5.974840,2.523838,0.000000,0.000000,0.000000,0.000000
06065,Riverside,33.729827,-116.002239,2019,0,0,0.000000,919690287.760875,77.000000,147.000000,185.000000,102.000000,219.000000,7.659964,56.000000,0.082147,34.000000,93074,2478600,11.441150,14.723204,0.729615,0.309604,0.512613,0.060402,0.691296,0.843628,1,,,,1.557331,2.618414,0.372947,371.052323,5.916343,2.036007,0.000000,0.000000,0.000000,0.000000
06065,Riverside,33.729827,-116.002239,2020,0,0,0.000000,849895973.867128,87.000000,159.000000,584.000000,124.000000,211.000000,11.390142,72.000000,0.085429,42.000000,93074,2478600,11.441150,14.723204,0.729615,0.309604,0.512613,0.060402,0.691296,0.843628,1,,,,1.557331,2.618414,0.372947,342.893558,5.837420,2.432748,0.000000,0.000000,0.000000,0.000000
06065,Riverside,33.729827,-116.002239,2021,0,0,0.000000,854332642.326822,89.000000,158.000000,329.000000,127.000000,191.000000,9.866043,56.000000,0.083200,45.000000,93074,2478600,11.441150,14.723204,0.729615,0.309604,0.512613,0.060402,0.691296,0.843628,1,,,,1.557331,2.618414,0.372947,344.683548,5.842627,2.289099,0.000000,0.000000,0.000000,0.000000
06065,Riverside,33.729827,-116.002239,2022,1,0,0.000000,869155079.492836,77.000000,151.000000,1683.000000,110.000000,196.000000,9.309261,48.000000,0.080182,33.000000,93074,2478600,11.441150,14.723204,0.729615,0.309604,0.512613,0.060402,0.691296,0.843628,1,,,,1.557331,2.618414,0.372947,350.663713,5.859828,2.231010,1.557331,2.425279,0.000000,0.000000
06065,Riverside,33.729827,-116.002239,2023,1,0,0.000000,855544581.367700,79.000000,156.000000,660.000000,98.000000,207.000000,8.331079,32.000000,0.083000,36.000000,93074,2478600,11.441150,14.723204,0.729615,0.309604,0.512613,0.060402,0.691296,0.843628,1,,,,1.557331,2.618414,0.372947,345.172509,5.844044,2.119993,1.557331,2.425279,0.000000,0.000000
06065,Riverside,33.729827,-116.002239,2024,1,0,0.000000,846760073.712735,87.000000,174.000000,213.000000,115.000000,212.000000,9.597050,40.000000,0.085909,33.000000,93074,2478600,11.441150,14.723204,0.729615,0.309604,0.512613,0.060402,0.691296,0.843628,1,,,,1.557331,2.618414,0.372947,341.628368,5.833724,2.261456,1.557331,2.425279,0.000000,0.000000
06065,Riverside,33.729827,-116.002239,2025,1,0,0.252055,841382212.510649,87.000000,154.000000,365.000000,56.000000,184.000000,,,,,93074,2478600,11.441150,14.723204,0.729615,0.309604,0.512613,0.060402,0.691296,0.843628,1,0.058714,102678.000000,1748791.000000,1.557331,2.618414,0.372947,339.458651,5.827352,,1.557331,2.425279,0.000000,0.392533
06067,Sacramento,38.450136,-121.344329,2010,0,0,0.000000,599652044.333298,53.000000,97.000000,207.000000,162.000000,193.000000,,,0.076714,21.000000,92175,1594006,11.431444,14.281761,0.736671,0.405631,0.241900,0.089881,0.590249,0.754123,1,,,,1.311162,3.575896,0.268293,376.191836,5.930099,,0.000000,0.000000,0.000000,0.000000
06067,Sacramento,38.450136,-121.344329,2011,0,0,0.000000,595371249.968966,60.000000,129.000000,182.000000,188.000000,174.000000,,,0.077714,21.000000,92175,1594006,11.431444,14.281761,0.736671,0.405631,0.241900,0.089881,0.590249,0.754123,1,,,,1.311162,3.575896,0.268293,373.506279,5.922935,,0.000000,0.000000,0.000000,0.000000
06067,Sacramento,38.450136,-121.344329,2012,0,0,0.000000,590009611.677664,56.000000,119.000000,201.000000,117.000000,243.000000,,,0.083190,21.000000,92175,1594006,11.431444,14.281761,0.736671,0.405631,0.241900,0.089881,0.590249,0.754123,1,,,,1.311162,3.575896,0.268293,370.142654,5.913888,,0.000000,0.000000,0.000000,0.000000
06067,Sacramento,38.450136,-121.344329,2013,0,0,0.000000,589833200.356338,58.000000,100.000000,154.000000,192.000000,168.000000,,,0.069579,19.000000,92175,1594006,11.431444,14.281761,0.736671,0.405631,0.241900,0.089881,0.590249,0.754123,1,,,,1.311162,3.575896,0.268293,370.031983,5.913589,,0.000000,0.000000,0.000000,0.000000
06067,Sacramento,38.450136,-121.344329,2014,0,0,0.000000,599158230.581721,55.000000,105.000000,147.000000,155.000000,207.000000,7.158611,8.000000,0.073500,18.000000,92175,1594006,11.431444,14.281761,0.736671,0.405631,0.241900,0.089881,0.590249,0.754123,1,,,,1.311162,3.575896,0.268293,375.882042,5.929275,1.968316,0.000000,0.000000,0.000000,0.000000
06067,Sacramento,38.450136,-121.344329,2015,0,0,0.000000,613831794.025547,58.000000,93.000000,172.000000,218.000000,146.000000,8.026571,24.000000,0.074905,21.000000,92175,1594006,11.431444,14.281761,0.736671,0.405631,0.241900,0.089881,0.590249,0.754123,1,,,,1.311162,3.575896,0.268293,385.087505,5.953471,2.082757,0.000000,0.000000,0.000000,0.000000
06067,Sacramento,38.450136,-121.344329,2016,0,0,0.000000,626460073.497882,55.000000,101.000000,172.000000,194.000000,172.000000,6.268317,16.000000,0.076000,18.000000,92175,1594006,11.431444,14.281761,0.736671,0.405631,0.241900,0.089881,0.590249,0.754123,1,,,,1.311162,3.575896,0.268293,393.009859,5.973835,1.835508,0.000000,0.000000,0.000000,0.000000
06067,Sacramento,38.450136,-121.344329,2017,0,0,0.000000,631155787.452265,60.000000,100.000000,164.000000,215.000000,146.000000,8.046124,16.000000,0.073500,18.000000,92175,1594006,11.431444,14.281761,0.736671,0.405631,0.241900,0.089881,0.590249,0.754123,1,,,,1.311162,3.575896,0.268293,395.955716,5.981302,2.085190,0.000000,0.000000,0.000000,0.000000
06067,Sacramento,38.450136,-121.344329,2018,0,0,0.000000,627090334.184514,58.000000,100.000000,376.000000,229.000000,131.000000,10.726488,24.000000,0.072000,18.000000,92175,1594006,11.431444,14.281761,0.736671,0.405631,0.241900,0.089881,0.590249,0.754123,1,,,,1.311162,3.575896,0.268293,393.405253,5.974840,2.372716,0.000000,0.000000,0.000000,0.000000
06067,Sacramento,38.450136,-121.344329,2019,0,0,0.000000,591459629.158623,52.000000,84.000000,140.000000,169.000000,188.000000,4.778771,8.000000,0.067600,15.000000,92175,1594006,11.431444,14.281761,0.736671,0.405631,0.241900,0.089881,0.590249,0.754123,1,,,,1.311162,3.575896,0.268293,371.052323,5.916343,1.564183,0.000000,0.000000,0.000000,0.000000
06067,Sacramento,38.450136,-121.344329,2020,0,0,0.000000,546574389.461811,55.000000,100.000000,226.000000,191.000000,166.000000,11.805249,8.000000,0.071600,15.000000,92175,1594006,11.431444,14.281761,0.736671,0.405631,0.241900,0.089881,0.590249,0.754123,1,,,,1.311162,3.575896,0.268293,342.893558,5.837420,2.468544,0.000000,0.000000,0.000000,0.000000
06067,Sacramento,38.450136,-121.344329,2021,0,0,0.000000,549427643.776651,55.000000,100.000000,381.000000,166.000000,195.000000,9.730730,48.000000,0.075000,12.000000,92175,1594006,11.431444,14.281761,0.736671,0.405631,0.241900,0.089881,0.590249,0.754123,1,,,,1.311162,3.575896,0.268293,344.683548,5.842627,2.275289,0.000000,0.000000,0.000000,0.000000
06067,Sacramento,38.450136,-121.344329,2022,1,0,0.000000,558960062.794342,53.000000,93.000000,164.000000,164.000000,200.000000,7.909062,48.000000,0.067400,15.000000,92175,1594006,11.431444,14.281761,0.736671,0.405631,0.241900,0.089881,0.590249,0.754123,1,,,,1.311162,3.575896,0.268293,350.663713,5.859828,2.068009,1.311162,1.719146,0.000000,0.000000
06067,Sacramento,38.450136,-121.344329,2023,1,0,0.000000,550207050.741387,51.000000,86.000000,133.000000,166.000000,199.000000,7.380297,48.000000,0.066167,12.000000,92175,1594006,11.431444,14.281761,0.736671,0.405631,0.241900,0.089881,0.590249,0.754123,1,,,,1.311162,3.575896,0.268293,345.172509,5.844044,1.998814,1.311162,1.719146,0.000000,0.000000
06067,Sacramento,38.450136,-121.344329,2024,1,0,0.000000,544557668.868935,51.000000,84.000000,140.000000,173.000000,193.000000,6.544235,48.000000,0.065500,12.000000,92175,1594006,11.431444,14.281761,0.736671,0.405631,0.241900,0.089881,0.590249,0.754123,1,,,,1.311162,3.575896,0.268293,341.628368,5.833724,1.878585,1.311162,1.719146,0.000000,0.000000
06067,Sacramento,38.450136,-121.344329,2025,1,0,0.252055,541099126.537259,48.000000,71.000000,122.000000,94.000000,129.000000,,,,,92175,1594006,11.431444,14.281761,0.736671,0.405631,0.241900,0.089881,0.590249,0.754123,1,0.064443,72213.000000,1120567.000000,1.311162,3.575896,0.268293,339.458651,5.827352,,1.311162,1.719146,0.000000,0.330485
06069,San Benito,36.611651,-121.085811,2010,0,0,0.000000,25313948.669696,41.000000,60.000000,126.000000,69.000000,296.000000,5.696338,8.000000,0.071000,6.000000,114394,67290,11.647404,11.116767,0.642478,0.291708,0.623570,0.008055,0.679442,0.848733,1,,,,0.594442,0.891663,0.400000,376.191836,5.930099,1.739824,0.000000,0.000000,0.000000,0.000000
06069,San Benito,36.611651,-121.085811,2011,0,0,0.000000,25133237.522576,43.000000,61.000000,108.000000,86.000000,276.000000,5.701130,8.000000,0.065000,6.000000,114394,67290,11.647404,11.116767,0.642478,0.291708,0.623570,0.008055,0.679442,0.848733,1,,,,0.594442,0.891663,0.400000,373.506279,5.922935,1.740664,0.000000,0.000000,0.000000,0.000000
06069,San Benito,36.611651,-121.085811,2012,0,0,0.000000,24906899.202255,42.000000,71.000000,133.000000,48.000000,317.000000,4.842407,8.000000,0.064000,6.000000,114394,67290,11.647404,11.116767,0.642478,0.291708,0.623570,0.008055,0.679442,0.848733,1,,,,0.594442,0.891663,0.400000,370.142654,5.913888,1.577412,0.000000,0.000000,0.000000,0.000000
06069,San Benito,36.611651,-121.085811,2013,0,0,0.000000,24899452.104934,44.000000,64.000000,112.000000,77.000000,284.000000,5.973746,8.000000,0.065000,6.000000,114394,67290,11.647404,11.116767,0.642478,0.291708,0.623570,0.008055,0.679442,0.848733,1,,,,0.594442,0.891663,0.400000,370.031983,5.913589,1.787374,0.000000,0.000000,0.000000,0.000000
06069,San Benito,36.611651,-121.085811,2014,0,0,0.000000,25293102.620595,42.000000,61.000000,115.000000,45.000000,320.000000,4.629661,8.000000,0.068500,6.000000,114394,67290,11.647404,11.116767,0.642478,0.291708,0.623570,0.008055,0.679442,0.848733,1,,,,0.594442,0.891663,0.400000,375.882042,5.929275,1.532484,0.000000,0.000000,0.000000,0.000000
06069,San Benito,36.611651,-121.085811,2015,0,0,0.000000,25912538.233845,40.000000,58.000000,93.000000,50.000000,314.000000,4.276045,8.000000,0.064500,6.000000,114394,67290,11.647404,11.116767,0.642478,0.291708,0.623570,0.008055,0.679442,0.848733,1,,,,0.594442,0.891663,0.400000,385.087505,5.953471,1.453029,0.000000,0.000000,0.000000,0.000000
06069,San Benito,36.611651,-121.085811,2016,0,0,0.000000,26445633.420246,39.000000,61.000000,126.000000,41.000000,325.000000,4.252557,8.000000,0.065000,6.000000,114394,67290,11.647404,11.116767,0.642478,0.291708,0.623570,0.008055,0.679442,0.848733,1,,,,0.594442,0.891663,0.400000,393.009859,5.973835,1.447520,0.000000,0.000000,0.000000,0.000000
06069,San Benito,36.611651,-121.085811,2017,0,0,0.000000,26643860.147115,41.000000,64.000000,117.000000,51.000000,311.000000,5.046111,8.000000,0.064000,6.000000,114394,67290,11.647404,11.116767,0.642478,0.291708,0.623570,0.008055,0.679442,0.848733,1,,,,0.594442,0.891663,0.400000,395.955716,5.981302,1.618618,0.000000,0.000000,0.000000,0.000000
06069,San Benito,36.611651,-121.085811,2018,0,0,0.000000,26472239.494253,42.000000,63.000000,143.000000,78.000000,286.000000,6.655589,24.000000,0.061000,6.000000,114394,67290,11.647404,11.116767,0.642478,0.291708,0.623570,0.008055,0.679442,0.848733,1,,,,0.594442,0.891663,0.400000,393.405253,5.974840,1.895457,0.000000,0.000000,0.000000,0.000000
06069,San Benito,36.611651,-121.085811,2019,0,0,0.000000,24968110.813939,39.000000,52.000000,90.000000,51.000000,308.000000,4.918258,8.000000,0.060500,6.000000,114394,67290,11.647404,11.116767,0.642478,0.291708,0.623570,0.008055,0.679442,0.848733,1,,,,0.594442,0.891663,0.400000,371.052323,5.916343,1.592954,0.000000,0.000000,0.000000,0.000000
06069,San Benito,36.611651,-121.085811,2020,0,0,0.000000,23073307.545194,41.000000,68.000000,174.000000,117.000000,241.000000,8.936872,8.000000,0.065500,6.000000,114394,67290,11.647404,11.116767,0.642478,0.291708,0.623570,0.008055,0.679442,0.848733,1,,,,0.594442,0.891663,0.400000,342.893558,5.837420,2.190186,0.000000,0.000000,0.000000,0.000000
06069,San Benito,36.611651,-121.085811,2021,0,0,0.000000,23193755.951816,41.000000,55.000000,100.000000,79.000000,280.000000,5.658543,8.000000,0.065000,6.000000,114394,67290,11.647404,11.116767,0.642478,0.291708,0.623570,0.008055,0.679442,0.848733,1,,,,0.594442,0.891663,0.400000,344.683548,5.842627,1.733166,0.000000,0.000000,0.000000,0.000000
06069,San Benito,36.611651,-121.085811,2022,1,0,0.000000,23596161.260015,42.000000,57.000000,97.000000,65.000000,299.000000,5.010028,8.000000,0.060500,6.000000,114394,67290,11.647404,11.116767,0.642478,0.291708,0.623570,0.008055,0.679442,0.848733,1,,,,0.594442,0.891663,0.400000,350.663713,5.859828,1.611442,0.594442,0.353361,0.000000,0.000000
06069,San Benito,36.611651,-121.085811,2023,1,0,0.000000,23226658.145821,40.000000,54.000000,111.000000,26.000000,337.000000,4.073654,8.000000,0.059000,6.000000,114394,67290,11.647404,11.116767,0.642478,0.291708,0.623570,0.008055,0.679442,0.848733,1,,,,0.594442,0.891663,0.400000,345.172509,5.844044,1.404540,0.594442,0.353361,0.000000,0.000000
06069,San Benito,36.611651,-121.085811,2024,1,0,0.000000,22988172.904111,43.000000,58.000000,105.000000,148.000000,218.000000,7.165928,8.000000,0.059500,6.000000,114394,67290,11.647404,11.116767,0.642478,0.291708,0.623570,0.008055,0.679442,0.848733,1,,,,0.594442,0.891663,0.400000,341.628368,5.833724,1.969338,0.594442,0.353361,0.000000,0.000000
06069,San Benito,36.611651,-121.085811,2025,1,0,0.252055,22842172.629646,41.000000,50.000000,71.000000,26.000000,197.000000,,,,,114394,67290,11.647404,11.116767,0.642478,0.291708,0.623570,0.008055,0.679442,0.848733,1,0.048234,2674.000000,55438.000000,0.594442,0.891663,0.400000,339.458651,5.827352,,0.594442,0.353361,0.000000,0.149832
06071,San Bernardino,34.856662,-116.181571,2010,0,0,0.000000,826532588.467589,84.000000,164.000000,219.000000,158.000000,201.000000,,,0.092500,36.000000,85478,2197104,11.356014,14.602651,0.768558,0.246563,0.552097,0.074560,0.620576,0.852816,1,,,,1.447360,1.374537,0.512903,376.191836,5.930099,,0.000000,0.000000,0.000000,0.000000
06071,San Bernardino,34.856662,-116.181571,2011,0,0,0.000000,820632139.898981,84.000000,166.000000,233.000000,162.000000,199.000000,,,0.093818,33.000000,85478,2197104,11.356014,14.602651,0.768558,0.246563,0.552097,0.074560,0.620576,0.852816,1,,,,1.447360,1.374537,0.512903,373.506279,5.922935,,0.000000,0.000000,0.000000,0.000000
06071,San Bernardino,34.856662,-116.181571,2012,0,0,0.000000,813241906.150568,90.000000,169.000000,207.000000,150.000000,202.000000,,,0.096400,30.000000,85478,2197104,11.356014,14.602651,0.768558,0.246563,0.552097,0.074560,0.620576,0.852816,1,,,,1.447360,1.374537,0.512903,370.142654,5.913888,,0.000000,0.000000,0.000000,0.000000
06071,San Bernardino,34.856662,-116.181571,2013,0,0,0.000000,812998748.960614,84.000000,159.000000,218.000000,127.000000,204.000000,,,0.089455,33.000000,85478,2197104,11.356014,14.602651,0.768558,0.246563,0.552097,0.074560,0.620576,0.852816,1,,,,1.447360,1.374537,0.512903,370.031983,5.913589,,0.000000,0.000000,0.000000,0.000000
06071,San Bernardino,34.856662,-116.181571,2014,0,0,0.000000,825851938.477033,82.000000,159.000000,201.000000,141.000000,199.000000,,,0.089758,33.000000,85478,2197104,11.356014,14.602651,0.768558,0.246563,0.552097,0.074560,0.620576,0.852816,1,,,,1.447360,1.374537,0.512903,375.882042,5.929275,,0.000000,0.000000,0.000000,0.000000
06071,San Bernardino,34.856662,-116.181571,2015,0,0,0.000000,846077298.316760,84.000000,154.000000,223.000000,151.000000,190.000000,,,0.092455,33.000000,85478,2197104,11.356014,14.602651,0.768558,0.246563,0.552097,0.074560,0.620576,0.852816,1,,,,1.447360,1.374537,0.512903,385.087505,5.953471,,0.000000,0.000000,0.000000,0.000000
06071,San Bernardino,34.856662,-116.181571,2016,0,0,0.000000,863483533.513983,84.000000,172.000000,217.000000,157.000000,182.000000,11.891013,16.000000,0.094538,39.000000,85478,2197104,11.356014,14.602651,0.768558,0.246563,0.552097,0.074560,0.620576,0.852816,1,,,,1.447360,1.374537,0.512903,393.009859,5.973835,2.475783,0.000000,0.000000,0.000000,0.000000
06071,San Bernardino,34.856662,-116.181571,2017,0,0,0.000000,869955888.017060,84.000000,185.000000,233.000000,140.000000,203.000000,9.696570,56.000000,0.097846,39.000000,85478,2197104,11.356014,14.602651,0.768558,0.246563,0.552097,0.074560,0.620576,0.852816,1,,,,1.447360,1.374537,0.512903,395.955716,5.981302,2.271772,0.000000,0.000000,0.000000,0.000000
06071,San Bernardino,34.856662,-116.181571,2018,0,0,0.000000,864352255.636511,89.000000,164.000000,221.000000,159.000000,197.000000,11.453333,24.000000,0.096727,33.000000,85478,2197104,11.356014,14.602651,0.768558,0.246563,0.552097,0.074560,0.620576,0.852816,1,,,,1.447360,1.374537,0.512903,393.405253,5.974840,2.438281,0.000000,0.000000,0.000000,0.000000
06071,San Bernardino,34.856662,-116.181571,2019,0,0,0.000000,815240543.048725,81.000000,172.000000,213.000000,140.000000,214.000000,10.047026,24.000000,0.089273,33.000000,85478,2197104,11.356014,14.602651,0.768558,0.246563,0.552097,0.074560,0.620576,0.852816,1,,,,1.447360,1.374537,0.512903,371.052323,5.916343,2.307277,0.000000,0.000000,0.000000,0.000000
06071,San Bernardino,34.856662,-116.181571,2020,0,0,0.000000,753372808.749843,93.000000,185.000000,236.000000,128.000000,219.000000,14.519383,40.000000,0.099636,33.000000,85478,2197104,11.356014,14.602651,0.768558,0.246563,0.552097,0.074560,0.620576,0.852816,1,,,,1.447360,1.374537,0.512903,342.893558,5.837420,2.675484,0.000000,0.000000,0.000000,0.000000
06071,San Bernardino,34.856662,-116.181571,2021,0,0,0.000000,757305602.270164,87.000000,172.000000,486.000000,155.000000,191.000000,12.752322,24.000000,0.092455,33.000000,85478,2197104,11.356014,14.602651,0.768558,0.246563,0.552097,0.074560,0.620576,0.852816,1,,,,1.447360,1.374537,0.512903,344.683548,5.842627,2.545713,0.000000,0.000000,0.000000,0.000000
06071,San Bernardino,34.856662,-116.181571,2022,1,0,0.000000,770444646.886963,77.000000,166.000000,225.000000,142.000000,197.000000,8.705168,24.000000,0.089455,33.000000,85478,2197104,11.356014,14.602651,0.768558,0.246563,0.552097,0.074560,0.620576,0.852816,1,,,,1.447360,1.374537,0.512903,350.663713,5.859828,2.163917,1.447360,2.094850,0.000000,0.000000
06071,San Bernardino,34.856662,-116.181571,2023,1,0,0.000000,758379900.710602,71.000000,164.000000,214.000000,137.000000,205.000000,8.729195,32.000000,0.090000,30.000000,85478,2197104,11.356014,14.602651,0.768558,0.246563,0.552097,0.074560,0.620576,0.852816,1,,,,1.447360,1.374537,0.512903,345.172509,5.844044,2.166673,1.447360,2.094850,0.000000,0.000000
06071,San Bernardino,34.856662,-116.181571,2024,1,0,0.000000,750593054.544721,87.000000,185.000000,593.000000,123.000000,218.000000,10.234674,32.000000,0.096000,27.000000,85478,2197104,11.356014,14.602651,0.768558,0.246563,0.552097,0.074560,0.620576,0.852816,1,,,,1.447360,1.374537,0.512903,341.628368,5.833724,2.325781,1.447360,2.094850,0.000000,0.000000
06071,San Bernardino,34.856662,-116.181571,2025,1,0,0.252055,745825960.072621,90.000000,164.000000,207.000000,62.000000,201.000000,,,,,85478,2197104,11.356014,14.602651,0.768558,0.246563,0.552097,0.074560,0.620576,0.852816,1,0.049888,75353.000000,1510455.000000,1.447360,1.374537,0.512903,339.458651,5.827352,,1.447360,2.094850,0.000000,0.364814
06073,San Diego,33.023604,-116.776117,2010,0,0,0.000000,1237209930.483448,64.000000,93.000000,192.000000,209.000000,125.000000,0.000285,8.000000,0.068600,30.000000,106268,3288774,11.573719,15.006025,0.660239,0.424081,0.346349,0.043549,0.545676,0.739370,1,,,,1.039901,3.305183,0.239328,376.191836,5.930099,-8.163021,0.000000,0.000000,0.000000,0.000000
06073,San Diego,33.023604,-116.776117,2011,0,0,0.000000,1228377739.635507,66.000000,100.000000,169.000000,244.000000,102.000000,9.806232,8.000000,0.066364,33.000000,106268,3288774,11.573719,15.006025,0.660239,0.424081,0.346349,0.043549,0.545676,0.739370,1,,,,1.039901,3.305183,0.239328,373.506279,5.922935,2.283018,0.000000,0.000000,0.000000,0.000000
06073,San Diego,33.023604,-116.776117,2012,0,0,0.000000,1217315537.479532,67.000000,100.000000,170.000000,216.000000,116.000000,10.257193,16.000000,0.065000,30.000000,106268,3288774,11.573719,15.006025,0.660239,0.424081,0.346349,0.043549,0.545676,0.739370,1,,,,1.039901,3.305183,0.239328,370.142654,5.913888,2.327979,0.000000,0.000000,0.000000,0.000000
06073,San Diego,33.023604,-116.776117,2013,0,0,0.000000,1216951563.337099,67.000000,101.000000,630.000000,204.000000,113.000000,8.370791,24.000000,0.065222,27.000000,106268,3288774,11.573719,15.006025,0.660239,0.424081,0.346349,0.043549,0.545676,0.739370,1,,,,1.039901,3.305183,0.239328,370.031983,5.913589,2.124748,0.000000,0.000000,0.000000,0.000000
06073,San Diego,33.023604,-116.776117,2014,0,0,0.000000,1236191087.501031,65.000000,101.000000,170.000000,184.000000,160.000000,5.931179,16.000000,0.069843,51.000000,106268,3288774,11.573719,15.006025,0.660239,0.424081,0.346349,0.043549,0.545676,0.739370,1,,,,1.039901,3.305183,0.239328,375.882042,5.929275,1.780223,0.000000,0.000000,0.000000,0.000000
06073,San Diego,33.023604,-116.776117,2015,0,0,0.000000,1266465775.263439,65.000000,102.000000,156.000000,202.000000,160.000000,5.319445,16.000000,0.065964,28.000000,106268,3288774,11.573719,15.006025,0.660239,0.424081,0.346349,0.043549,0.545676,0.739370,1,,,,1.039901,3.305183,0.239328,385.087505,5.953471,1.671369,0.000000,0.000000,0.000000,0.000000
06073,San Diego,33.023604,-116.776117,2016,0,0,0.000000,1292520606.420505,68.000000,105.000000,164.000000,188.000000,176.000000,6.212906,16.000000,0.068704,27.000000,106268,3288774,11.573719,15.006025,0.660239,0.424081,0.346349,0.043549,0.545676,0.739370,1,,,,1.039901,3.305183,0.239328,393.009859,5.973835,1.826629,0.000000,0.000000,0.000000,0.000000
06073,San Diego,33.023604,-116.776117,2017,0,0,0.000000,1302208864.786290,68.000000,112.000000,174.000000,162.000000,203.000000,7.802976,8.000000,0.073474,19.000000,106268,3288774,11.573719,15.006025,0.660239,0.424081,0.346349,0.043549,0.545676,0.739370,1,,,,1.039901,3.305183,0.239328,395.955716,5.981302,2.054505,0.000000,0.000000,0.000000,0.000000
06073,San Diego,33.023604,-116.776117,2018,0,0,0.000000,1293820968.501588,67.000000,100.000000,143.000000,203.000000,162.000000,12.449710,16.000000,0.065421,19.000000,106268,3288774,11.573719,15.006025,0.660239,0.424081,0.346349,0.043549,0.545676,0.739370,1,,,,1.039901,3.305183,0.239328,393.405253,5.974840,2.521697,0.000000,0.000000,0.000000,0.000000
06073,San Diego,33.023604,-116.776117,2019,0,0,0.000000,1220307232.486277,66.000000,93.000000,169.000000,228.000000,133.000000,13.261615,16.000000,0.064895,19.000000,106268,3288774,11.573719,15.006025,0.660239,0.424081,0.346349,0.043549,0.545676,0.739370,1,,,,1.039901,3.305183,0.239328,371.052323,5.916343,2.584874,0.000000,0.000000,0.000000,0.000000
06073,San Diego,33.023604,-116.776117,2020,0,0,0.000000,1127699419.655810,74.000000,108.000000,192.000000,263.000000,100.000000,20.150460,16.000000,0.073545,22.000000,106268,3288774,11.573719,15.006025,0.660239,0.424081,0.346349,0.043549,0.545676,0.739370,1,,,,1.039901,3.305183,0.239328,342.893558,5.837420,3.003227,0.000000,0.000000,0.000000,0.000000
06073,San Diego,33.023604,-116.776117,2021,0,0,0.000000,1133586291.227205,67.000000,90.000000,133.000000,199.000000,163.000000,10.770137,16.000000,0.062955,22.000000,106268,3288774,11.573719,15.006025,0.660239,0.424081,0.346349,0.043549,0.545676,0.739370,1,,,,1.039901,3.305183,0.239328,344.683548,5.842627,2.376777,0.000000,0.000000,0.000000,0.000000
06073,San Diego,33.023604,-116.776117,2022,1,0,0.000000,1153253702.656327,63.000000,97.000000,156.000000,190.000000,150.000000,6.703912,32.000000,0.064625,24.000000,106268,3288774,11.573719,15.006025,0.660239,0.424081,0.346349,0.043549,0.545676,0.739370,1,,,,1.039901,3.305183,0.239328,350.663713,5.859828,1.902691,1.039901,1.081394,0.000000,0.000000
06073,San Diego,33.023604,-116.776117,2023,1,0,0.000000,1135194373.857410,67.000000,101.000000,150.000000,151.000000,185.000000,9.357940,136.000000,0.068074,27.000000,106268,3288774,11.573719,15.006025,0.660239,0.424081,0.346349,0.043549,0.545676,0.739370,1,,,,1.039901,3.305183,0.239328,345.172509,5.844044,2.236225,1.039901,1.081394,0.000000,0.000000
06073,San Diego,33.023604,-116.776117,2024,1,0,0.000000,1123538495.386317,71.000000,105.000000,161.000000,151.000000,202.000000,8.293840,112.000000,0.066889,27.000000,106268,3288774,11.573719,15.006025,0.660239,0.424081,0.346349,0.043549,0.545676,0.739370,1,,,,1.039901,3.305183,0.239328,341.628368,5.833724,2.115513,1.039901,1.081394,0.000000,0.000000
06073,San Diego,33.023604,-116.776117,2025,1,0,0.252055,1116402785.672355,54.000000,93.000000,161.000000,94.000000,178.000000,6.233824,8.000000,,,106268,3288774,11.573719,15.006025,0.660239,0.424081,0.346349,0.043549,0.545676,0.739370,1,0.078366,188933.000000,2410901.000000,1.039901,3.305183,0.239328,339.458651,5.827352,1.829990,1.039901,1.081394,0.000000,0.262112
06075,San Francisco,37.727239,-123.032229,2010,0,0,0.000000,312327629.273074,51.000000,70.000000,125.000000,283.000000,52.000000,10.505352,8.000000,0.046000,3.000000,140970,830235,11.856302,13.629464,0.523084,0.368145,0.162194,0.046884,0.382056,0.345605,1,,,,1.059941,5.191301,0.169557,376.191836,5.930099,2.351885,0.000000,0.000000,0.000000,0.000000
06075,San Francisco,37.727239,-123.032229,2011,0,0,0.000000,310097985.652491,48.000000,72.000000,131.000000,228.000000,85.000000,9.525000,8.000000,0.048000,3.000000,140970,830235,11.856302,13.629464,0.523084,0.368145,0.162194,0.046884,0.382056,0.345605,1,,,,1.059941,5.191301,0.169557,373.506279,5.922935,2.253920,0.000000,0.000000,0.000000,0.000000
06075,San Francisco,37.727239,-123.032229,2012,0,0,0.000000,307305386.523768,42.000000,63.000000,105.000000,211.000000,104.000000,8.144737,8.000000,0.047000,3.000000,140970,830235,11.856302,13.629464,0.523084,0.368145,0.162194,0.046884,0.382056,0.345605,1,,,,1.059941,5.191301,0.169557,370.142654,5.913888,2.097372,0.000000,0.000000,0.000000,0.000000
06075,San Francisco,37.727239,-123.032229,2013,0,0,0.000000,307213503.021848,48.000000,68.000000,133.000000,274.000000,58.000000,10.073654,8.000000,0.043000,3.000000,140970,830235,11.856302,13.629464,0.523084,0.368145,0.162194,0.046884,0.382056,0.345605,1,,,,1.059941,5.191301,0.169557,370.031983,5.913589,2.309924,0.000000,0.000000,0.000000,0.000000
06075,San Francisco,37.727239,-123.032229,2014,0,0,0.000000,312070427.317723,39.000000,59.000000,97.000000,222.000000,102.000000,7.639276,8.000000,0.052000,3.000000,140970,830235,11.856302,13.629464,0.523084,0.368145,0.162194,0.046884,0.382056,0.345605,1,,,,1.059941,5.191301,0.169557,375.882042,5.929275,2.033303,0.000000,0.000000,0.000000,0.000000
06075,San Francisco,37.727239,-123.032229,2015,0,0,0.000000,319713124.989994,39.000000,61.000000,100.000000,190.000000,134.000000,7.575910,8.000000,0.050000,3.000000,140970,830235,11.856302,13.629464,0.523084,0.368145,0.162194,0.046884,0.382056,0.345605,1,,,,1.059941,5.191301,0.169557,385.087505,5.953471,2.024973,0.000000,0.000000,0.000000,0.000000
06075,San Francisco,37.727239,-123.032229,2016,0,0,0.000000,326290540.387247,41.000000,58.000000,71.000000,224.000000,115.000000,7.583333,8.000000,0.046000,3.000000,140970,830235,11.856302,13.629464,0.523084,0.368145,0.162194,0.046884,0.382056,0.345605,1,,,,1.059941,5.191301,0.169557,393.009859,5.973835,2.025953,0.000000,0.000000,0.000000,0.000000
06075,San Francisco,37.727239,-123.032229,2017,0,0,0.000000,328736294.088875,44.000000,67.000000,136.000000,234.000000,103.000000,9.680168,8.000000,0.047000,3.000000,140970,830235,11.856302,13.629464,0.523084,0.368145,0.162194,0.046884,0.382056,0.345605,1,,,,1.059941,5.191301,0.169557,395.955716,5.981302,2.270079,0.000000,0.000000,0.000000,0.000000
06075,San Francisco,37.727239,-123.032229,2018,0,0,0.000000,326618810.469773,44.000000,66.000000,252.000000,254.000000,86.000000,11.676487,8.000000,0.048000,3.000000,140970,830235,11.856302,13.629464,0.523084,0.368145,0.162194,0.046884,0.382056,0.345605,1,,,,1.059941,5.191301,0.169557,393.405253,5.974840,2.457577,0.000000,0.000000,0.000000,0.000000
06075,San Francisco,37.727239,-123.032229,2019,0,0,0.000000,308060625.376886,39.000000,58.000000,108.000000,231.000000,119.000000,7.667409,8.000000,0.053000,3.000000,140970,830235,11.856302,13.629464,0.523084,0.368145,0.162194,0.046884,0.382056,0.345605,1,,,,1.059941,5.191301,0.169557,371.052323,5.916343,2.036979,0.000000,0.000000,0.000000,0.000000
06075,San Francisco,37.727239,-123.032229,2020,0,0,0.000000,284682233.463881,42.000000,67.000000,223.000000,243.000000,118.000000,10.525956,8.000000,0.048000,3.000000,140970,830235,11.856302,13.629464,0.523084,0.368145,0.162194,0.046884,0.382056,0.345605,1,,,,1.059941,5.191301,0.169557,342.893558,5.837420,2.353844,0.000000,0.000000,0.000000,0.000000
06075,San Francisco,37.727239,-123.032229,2021,0,0,0.000000,286168345.558867,39.000000,60.000000,86.000000,195.000000,162.000000,7.205702,8.000000,0.051000,3.000000,140970,830235,11.856302,13.629464,0.523084,0.368145,0.162194,0.046884,0.382056,0.345605,1,,,,1.059941,5.191301,0.169557,344.683548,5.842627,1.974873,0.000000,0.000000,0.000000,0.000000
06075,San Francisco,37.727239,-123.032229,2022,1,0,0.000000,291133287.913634,36.000000,59.000000,88.000000,192.000000,152.000000,6.779224,8.000000,0.044000,3.000000,140970,830235,11.856302,13.629464,0.523084,0.368145,0.162194,0.046884,0.382056,0.345605,1,,,,1.059941,5.191301,0.169557,350.663713,5.859828,1.913863,1.059941,1.123475,0.000000,0.000000
06075,San Francisco,37.727239,-123.032229,2023,1,0,0.000000,286574298.197294,32.000000,54.000000,117.000000,176.000000,171.000000,6.422936,8.000000,0.041000,3.000000,140970,830235,11.856302,13.629464,0.523084,0.368145,0.162194,0.046884,0.382056,0.345605,1,,,,1.059941,5.191301,0.169557,345.172509,5.844044,1.859875,1.059941,1.123475,0.000000,0.000000
06075,San Francisco,37.727239,-123.032229,2024,1,0,0.000000,283631828.370408,33.000000,56.000000,94.000000,304.000000,22.000000,6.690120,8.000000,,,140970,830235,11.856302,13.629464,0.523084,0.368145,0.162194,0.046884,0.382056,0.345605,1,,,,1.059941,5.191301,0.169557,341.628368,5.833724,1.900632,1.059941,1.123475,0.000000,0.000000
06075,San Francisco,37.727239,-123.032229,2025,1,0,0.252055,281830453.160566,,,,,,,,,,140970,830235,11.856302,13.629464,0.523084,0.368145,0.162194,0.046884,0.382056,0.345605,1,0.123063,43558.000000,353950.000000,1.059941,5.191301,0.169557,339.458651,5.827352,,1.059941,1.123475,0.000000,0.267163
06077,San Joaquin,37.934981,-121.272244,2010,0,0,0.000000,299950541.664489,52.000000,83.000000,174.000000,194.000000,155.000000,,,0.072500,6.000000,92179,797334,11.431488,13.589029,0.735213,0.268055,0.425369,0.065864,0.619898,0.859725,2,,,,0.865384,1.040969,0.453947,376.191836,5.930099,,0.000000,0.000000,0.000000,0.000000
06077,San Joaquin,37.934981,-121.272244,2011,0,0,0.000000,297809255.562875,57.000000,103.000000,158.000000,214.000000,147.000000,12.018944,24.000000,0.073000,6.000000,92179,797334,11.431488,13.589029,0.735213,0.268055,0.425369,0.065864,0.619898,0.859725,2,,,,0.865384,1.040969,0.453947,373.506279,5.922935,2.486484,0.000000,0.000000,0.000000,0.000000
06077,San Joaquin,37.934981,-121.272244,2012,0,0,0.000000,295127323.057378,60.000000,101.000000,182.000000,214.000000,147.000000,11.000291,24.000000,0.078500,6.000000,92179,797334,11.431488,13.589029,0.735213,0.268055,0.425369,0.065864,0.619898,0.859725,2,,,,0.865384,1.040969,0.453947,370.142654,5.913888,2.397922,0.000000,0.000000,0.000000,0.000000
06077,San Joaquin,37.934981,-121.272244,2013,0,0,0.000000,295039080.764389,62.000000,99.000000,159.000000,306.000000,51.000000,14.297567,24.000000,0.068500,6.000000,92179,797334,11.431488,13.589029,0.735213,0.268055,0.425369,0.065864,0.619898,0.859725,2,,,,0.865384,1.040969,0.453947,370.031983,5.913589,2.660089,0.000000,0.000000,0.000000,0.000000
06077,San Joaquin,37.934981,-121.272244,2014,0,0,0.000000,299703532.246833,58.000000,99.000000,152.000000,188.000000,173.000000,10.904653,24.000000,0.075500,6.000000,92179,797334,11.431488,13.589029,0.735213,0.268055,0.425369,0.065864,0.619898,0.859725,2,,,,0.865384,1.040969,0.453947,375.882042,5.929275,2.389190,0.000000,0.000000,0.000000,0.000000
06077,San Joaquin,37.934981,-121.272244,2015,0,0,0.000000,307043360.977039,60.000000,100.000000,164.000000,239.000000,122.000000,12.653826,24.000000,0.073000,6.000000,92179,797334,11.431488,13.589029,0.735213,0.268055,0.425369,0.065864,0.619898,0.859725,2,,,,0.865384,1.040969,0.453947,385.087505,5.953471,2.537960,0.000000,0.000000,0.000000,0.000000
06077,San Joaquin,37.934981,-121.272244,2016,0,0,0.000000,313360123.012310,60.000000,93.000000,166.000000,270.000000,94.000000,11.732469,24.000000,0.073000,6.000000,92179,797334,11.431488,13.589029,0.735213,0.268055,0.425369,0.065864,0.619898,0.859725,2,,,,0.865384,1.040969,0.453947,393.009859,5.973835,2.462360,0.000000,0.000000,0.000000,0.000000
06077,San Joaquin,37.934981,-121.272244,2017,0,0,0.000000,315708955.068214,55.000000,100.000000,146.000000,202.000000,153.000000,11.932886,24.000000,0.070000,6.000000,92179,797334,11.431488,13.589029,0.735213,0.268055,0.425369,0.065864,0.619898,0.859725,2,,,,0.865384,1.040969,0.453947,395.955716,5.981302,2.479298,0.000000,0.000000,0.000000,0.000000
06077,San Joaquin,37.934981,-121.272244,2018,0,0,0.000000,313675384.231098,59.000000,99.000000,365.000000,276.000000,85.000000,15.479893,24.000000,0.071000,6.000000,92179,797334,11.431488,13.589029,0.735213,0.268055,0.425369,0.065864,0.619898,0.859725,2,,,,0.865384,1.040969,0.453947,393.405253,5.974840,2.739542,0.000000,0.000000,0.000000,0.000000
06077,San Joaquin,37.934981,-121.272244,2019,0,0,0.000000,295852632.898221,47.000000,82.000000,190.000000,149.000000,201.000000,9.217078,16.000000,0.067000,6.000000,92179,797334,11.431488,13.589029,0.735213,0.268055,0.425369,0.065864,0.619898,0.859725,2,,,,0.865384,1.040969,0.453947,371.052323,5.916343,2.221058,0.000000,0.000000,0.000000,0.000000
06077,San Joaquin,37.934981,-121.272244,2020,0,0,0.000000,273400692.498738,54.000000,97.000000,215.000000,223.000000,129.000000,14.101524,72.000000,0.067500,6.000000,92179,797334,11.431488,13.589029,0.735213,0.268055,0.425369,0.065864,0.619898,0.859725,2,,,,0.865384,1.040969,0.453947,342.893558,5.837420,2.646283,0.000000,0.000000,0.000000,0.000000
06077,San Joaquin,37.934981,-121.272244,2021,0,0,0.000000,274827912.142748,55.000000,84.000000,153.000000,231.000000,114.000000,11.966466,16.000000,0.069000,3.000000,92179,797334,11.431488,13.589029,0.735213,0.268055,0.425369,0.065864,0.619898,0.859725,2,,,,0.865384,1.040969,0.453947,344.683548,5.842627,2.482108,0.000000,0.000000,0.000000,0.000000
06077,San Joaquin,37.934981,-121.272244,2022,1,0,0.000000,279596101.086234,48.000000,86.000000,208.000000,169.000000,172.000000,9.731444,16.000000,0.064500,6.000000,92179,797334,11.431488,13.589029,0.735213,0.268055,0.425369,0.065864,0.619898,0.859725,2,,,,0.865384,1.040969,0.453947,350.663713,5.859828,2.275362,0.865384,0.748889,0.000000,0.000000
06077,San Joaquin,37.934981,-121.272244,2023,1,0,0.000000,275217777.471247,47.000000,78.000000,119.000000,194.000000,161.000000,9.470224,16.000000,0.063000,6.000000,92179,797334,11.431488,13.589029,0.735213,0.268055,0.425369,0.065864,0.619898,0.859725,2,,,,0.865384,1.040969,0.453947,345.172509,5.844044,2.248153,0.865384,0.748889,0.000000,0.000000
06077,San Joaquin,37.934981,-121.272244,2024,1,0,0.000000,272391913.424381,51.000000,79.000000,140.000000,215.000000,142.000000,9.137096,16.000000,0.067500,6.000000,92179,797334,11.431488,13.589029,0.735213,0.268055,0.425369,0.065864,0.619898,0.859725,2,,,,0.865384,1.040969,0.453947,341.628368,5.833724,2.212343,0.865384,0.748889,0.000000,0.000000
06077,San Joaquin,37.934981,-121.272244,2025,1,0,0.252055,270661924.082129,44.000000,67.000000,93.000000,105.000000,77.000000,,,,,92179,797334,11.431488,13.589029,0.735213,0.268055,0.425369,0.065864,0.619898,0.859725,2,0.053133,30103.000000,566561.000000,0.865384,1.040969,0.453947,339.458651,5.827352,,0.865384,0.748889,0.000000,0.218124
06079,San Luis Obispo,35.388189,-120.448897,2010,0,0,0.000000,105918692.490657,55.000000,97.000000,161.000000,137.000000,205.000000,7.225610,16.000000,0.066952,21.000000,97446,281555,11.487054,12.548083,0.705250,0.645007,0.249749,0.010861,0.620860,0.782065,2,,,,4.368596,11.081316,0.282759,376.191836,5.930099,1.977632,0.000000,0.000000,0.000000,0.000000
06079,San Luis Obispo,35.388189,-120.448897,2011,0,0,0.000000,105162560.420106,61.000000,93.000000,133.000000,217.000000,142.000000,8.786675,32.000000,0.063857,21.000000,97446,281555,11.487054,12.548083,0.705250,0.645007,0.249749,0.010861,0.620860,0.782065,2,,,,4.368596,11.081316,0.282759,373.506279,5.922935,2.173236,0.000000,0.000000,0.000000,0.000000
06079,San Luis Obispo,35.388189,-120.448897,2012,0,0,0.000000,104215515.008039,57.000000,101.000000,154.000000,142.000000,211.000000,7.454312,32.000000,0.062810,21.000000,97446,281555,11.487054,12.548083,0.705250,0.645007,0.249749,0.010861,0.620860,0.782065,2,,,,4.368596,11.081316,0.282759,370.142654,5.913888,2.008793,0.000000,0.000000,0.000000,0.000000
06079,San Luis Obispo,35.388189,-120.448897,2013,0,0,0.000000,104184354.843287,62.000000,90.000000,136.000000,202.000000,140.000000,9.155681,32.000000,0.059857,21.000000,97446,281555,11.487054,12.548083,0.705250,0.645007,0.249749,0.010861,0.620860,0.782065,2,,,,4.368596,11.081316,0.282759,370.031983,5.913589,2.214375,0.000000,0.000000,0.000000,0.000000
06079,San Luis Obispo,35.388189,-120.448897,2014,0,0,0.000000,105831468.395625,60.000000,87.000000,126.000000,245.000000,115.000000,8.697881,32.000000,0.064286,21.000000,97446,281555,11.487054,12.548083,0.705250,0.645007,0.249749,0.010861,0.620860,0.782065,2,,,,4.368596,11.081316,0.282759,375.882042,5.929275,2.163079,0.000000,0.000000,0.000000,0.000000
06079,San Luis Obispo,35.388189,-120.448897,2015,0,0,0.000000,108423312.563982,58.000000,80.000000,126.000000,229.000000,129.000000,8.351750,24.000000,0.062571,21.000000,97446,281555,11.487054,12.548083,0.705250,0.645007,0.249749,0.010861,0.620860,0.782065,2,,,,4.368596,11.081316,0.282759,385.087505,5.953471,2.122471,0.000000,0.000000,0.000000,0.000000
06079,San Luis Obispo,35.388189,-120.448897,2016,0,0,0.000000,110653890.884787,55.000000,84.000000,156.000000,143.000000,206.000000,6.754520,24.000000,0.062190,21.000000,97446,281555,11.487054,12.548083,0.705250,0.645007,0.249749,0.010861,0.620860,0.782065,2,,,,4.368596,11.081316,0.282759,393.009859,5.973835,1.910212,0.000000,0.000000,0.000000,0.000000
06079,San Luis Obispo,35.388189,-120.448897,2017,0,0,0.000000,111483311.691501,58.000000,82.000000,133.000000,187.000000,158.000000,7.824956,32.000000,0.062714,21.000000,97446,281555,11.487054,12.548083,0.705250,0.645007,0.249749,0.010861,0.620860,0.782065,2,,,,4.368596,11.081316,0.282759,395.955716,5.981302,2.057318,0.000000,0.000000,0.000000,0.000000
06079,San Luis Obispo,35.388189,-120.448897,2018,0,0,0.000000,110765216.091609,53.000000,77.000000,133.000000,168.000000,172.000000,7.374998,80.000000,0.059608,51.000000,97446,281555,11.487054,12.548083,0.705250,0.645007,0.249749,0.010861,0.620860,0.782065,2,,,,4.368596,11.081316,0.282759,393.405253,5.974840,1.998096,0.000000,0.000000,0.000000,0.000000
06079,San Luis Obispo,35.388189,-120.448897,2019,0,0,0.000000,104471636.799207,49.000000,74.000000,108.000000,109.000000,239.000000,5.641006,32.000000,0.059714,21.000000,97446,281555,11.487054,12.548083,0.705250,0.645007,0.249749,0.010861,0.620860,0.782065,2,,,,4.368596,11.081316,0.282759,371.052323,5.916343,1.730062,0.000000,0.000000,0.000000,0.000000
06079,San Luis Obispo,35.388189,-120.448897,2020,0,0,0.000000,96543395.837230,53.000000,90.000000,334.000000,181.000000,179.000000,9.115277,32.000000,0.067370,27.000000,97446,281555,11.487054,12.548083,0.705250,0.645007,0.249749,0.010861,0.620860,0.782065,2,,,,4.368596,11.081316,0.282759,342.893558,5.837420,2.209952,0.000000,0.000000,0.000000,0.000000
06079,San Luis Obispo,35.388189,-120.448897,2021,0,0,0.000000,97047376.385995,53.000000,77.000000,133.000000,167.000000,190.000000,6.785937,32.000000,0.061167,18.000000,97446,281555,11.487054,12.548083,0.705250,0.645007,0.249749,0.010861,0.620860,0.782065,2,,,,4.368596,11.081316,0.282759,344.683548,5.842627,1.914852,0.000000,0.000000,0.000000,0.000000
06079,San Luis Obispo,35.388189,-120.448897,2022,1,0,0.000000,98731121.764950,55.000000,75.000000,115.000000,203.000000,160.000000,7.096649,32.000000,0.059167,18.000000,97446,281555,11.487054,12.548083,0.705250,0.645007,0.249749,0.010861,0.620860,0.782065,2,,,,4.368596,11.081316,0.282759,350.663713,5.859828,1.959623,4.368596,19.084630,0.000000,0.000000
06079,San Luis Obispo,35.388189,-120.448897,2023,1,0,0.000000,97185045.835142,47.000000,77.000000,122.000000,115.000000,244.000000,4.853389,32.000000,0.061533,15.000000,97446,281555,11.487054,12.548083,0.705250,0.645007,0.249749,0.010861,0.620860,0.782065,2,,,,4.368596,11.081316,0.282759,345.172509,5.844044,1.579677,4.368596,19.084630,0.000000,0.000000
06079,San Luis Obispo,35.388189,-120.448897,2024,1,0,0.000000,96187175.241745,49.000000,80.000000,122.000000,102.000000,262.000000,4.974965,32.000000,0.060944,18.000000,97446,281555,11.487054,12.548083,0.705250,0.645007,0.249749,0.010861,0.620860,0.782065,2,,,,4.368596,11.081316,0.282759,341.628368,5.833724,1.604418,4.368596,19.084630,0.000000,0.000000
06079,San Luis Obispo,35.388189,-120.448897,2025,1,0,0.252055,95576280.498441,51.000000,69.000000,119.000000,130.000000,143.000000,,,0.048000,2.000000,97446,281555,11.487054,12.548083,0.705250,0.645007,0.249749,0.010861,0.620860,0.782065,2,0.060194,11522.000000,191414.000000,4.368596,11.081316,0.282759,339.458651,5.827352,,4.368596,19.084630,0.000000,1.101126
06081,San Mateo,37.414673,-122.371546,2010,0,0,0.000000,279262247.814864,42.000000,61.000000,122.000000,235.000000,115.000000,8.347009,8.000000,0.056000,3.000000,158855,742340,11.975747,13.517563,0.477284,0.347004,0.249131,0.019814,0.584705,0.653797,1,,,,3.381200,19.478945,0.147908,376.191836,5.930099,2.121903,0.000000,0.000000,0.000000,0.000000
06081,San Mateo,37.414673,-122.371546,2011,0,0,0.000000,277268651.248466,42.000000,64.000000,111.000000,252.000000,102.000000,8.753628,8.000000,0.053000,3.000000,158855,742340,11.975747,13.517563,0.477284,0.347004,0.249131,0.019814,0.584705,0.653797,1,,,,3.381200,19.478945,0.147908,373.506279,5.922935,2.169468,0.000000,0.000000,0.000000,0.000000
06081,San Mateo,37.414673,-122.371546,2012,0,0,0.000000,274771697.931374,42.000000,61.000000,98.000000,251.000000,103.000000,8.497989,8.000000,0.050000,3.000000,158855,742340,11.975747,13.517563,0.477284,0.347004,0.249131,0.019814,0.584705,0.653797,1,,,,3.381200,19.478945,0.147908,370.142654,5.913888,2.139830,0.000000,0.000000,0.000000,0.000000
06081,San Mateo,37.414673,-122.371546,2013,0,0,0.000000,274689541.916733,49.000000,70.000000,115.000000,294.000000,62.000000,10.672170,24.000000,0.056000,3.000000,158855,742340,11.975747,13.517563,0.477284,0.347004,0.249131,0.019814,0.584705,0.653797,1,,,,3.381200,19.478945,0.147908,370.031983,5.913589,2.367639,0.000000,0.000000,0.000000,0.000000
06081,San Mateo,37.414673,-122.371546,2014,0,0,0.000000,279032275.217305,38.000000,59.000000,99.000000,202.000000,144.000000,7.112325,8.000000,0.064000,3.000000,158855,742340,11.975747,13.517563,0.477284,0.347004,0.249131,0.019814,0.584705,0.653797,1,,,,3.381200,19.478945,0.147908,375.882042,5.929275,1.961829,0.000000,0.000000,0.000000,0.000000
06081,San Mateo,37.414673,-122.371546,2015,0,0,0.000000,285865858.708765,35.000000,56.000000,101.000000,144.000000,198.000000,5.695278,8.000000,0.059000,3.000000,158855,742340,11.975747,13.517563,0.477284,0.347004,0.249131,0.019814,0.584705,0.653797,1,,,,3.381200,19.478945,0.147908,385.087505,5.953471,1.739637,0.000000,0.000000,0.000000,0.000000
06081,San Mateo,37.414673,-122.371546,2016,0,0,0.000000,291746938.819815,47.000000,59.000000,70.000000,271.000000,80.000000,8.324716,8.000000,0.056000,3.000000,158855,742340,11.975747,13.517563,0.477284,0.347004,0.249131,0.019814,0.584705,0.653797,1,,,,3.381200,19.478945,0.147908,393.009859,5.973835,2.119229,0.000000,0.000000,0.000000,0.000000
06081,San Mateo,37.414673,-122.371546,2017,0,0,0.000000,293933766.408228,42.000000,62.000000,155.000000,229.000000,123.000000,9.005899,8.000000,0.055000,3.000000,158855,742340,11.975747,13.517563,0.477284,0.347004,0.249131,0.019814,0.584705,0.653797,1,,,,3.381200,19.478945,0.147908,395.955716,5.981302,2.197880,0.000000,0.000000,0.000000,0.000000
06081,San Mateo,37.414673,-122.371546,2018,0,0,0.000000,292040455.731366,42.000000,61.000000,197.000000,262.000000,90.000000,10.543099,8.000000,0.048000,3.000000,158855,742340,11.975747,13.517563,0.477284,0.347004,0.249131,0.019814,0.584705,0.653797,1,,,,3.381200,19.478945,0.147908,393.405253,5.974840,2.355472,0.000000,0.000000,0.000000,0.000000
06081,San Mateo,37.414673,-122.371546,2019,0,0,0.000000,275446981.447756,39.000000,57.000000,122.000000,216.000000,135.000000,7.004825,8.000000,0.054000,3.000000,158855,742340,11.975747,13.517563,0.477284,0.347004,0.249131,0.019814,0.584705,0.653797,1,,,,3.381200,19.478945,0.147908,371.052323,5.916343,1.946599,0.000000,0.000000,0.000000,0.000000
06081,San Mateo,37.414673,-122.371546,2020,0,0,0.000000,254543604.147714,37.000000,64.000000,199.000000,219.000000,136.000000,9.835411,8.000000,0.054000,3.000000,158855,742340,11.975747,13.517563,0.477284,0.347004,0.249131,0.019814,0.584705,0.653797,1,,,,3.381200,19.478945,0.147908,342.893558,5.837420,2.285989,0.000000,0.000000,0.000000,0.000000
06081,San Mateo,37.414673,-122.371546,2021,0,0,0.000000,255872385.098399,36.000000,56.000000,90.000000,163.000000,199.000000,6.048876,8.000000,0.059000,3.000000,158855,742340,11.975747,13.517563,0.477284,0.347004,0.249131,0.019814,0.584705,0.653797,1,,,,3.381200,19.478945,0.147908,344.683548,5.842627,1.799872,0.000000,0.000000,0.000000,0.000000
06081,San Mateo,37.414673,-122.371546,2022,1,0,0.000000,260311700.843505,36.000000,60.000000,85.000000,179.000000,179.000000,6.795787,8.000000,0.053000,3.000000,158855,742340,11.975747,13.517563,0.477284,0.347004,0.249131,0.019814,0.584705,0.653797,1,,,,3.381200,19.478945,0.147908,350.663713,5.859828,1.916303,3.381200,11.432513,0.000000,0.000000
06081,San Mateo,37.414673,-122.371546,2023,1,0,0.000000,256235360.498870,31.000000,41.000000,71.000000,16.000000,295.000000,,,0.052000,3.000000,158855,742340,11.975747,13.517563,0.477284,0.347004,0.249131,0.019814,0.584705,0.653797,1,,,,3.381200,19.478945,0.147908,345.172509,5.844044,,3.381200,11.432513,0.000000,0.000000
06081,San Mateo,37.414673,-122.371546,2024,1,0,0.000000,253604402.937106,27.000000,51.000000,73.000000,258.000000,48.000000,,,,,158855,742340,11.975747,13.517563,0.477284,0.347004,0.249131,0.019814,0.584705,0.653797,1,,,,3.381200,19.478945,0.147908,341.628368,5.833724,,3.381200,11.432513,0.000000,0.000000
06081,San Mateo,37.414673,-122.371546,2025,1,0,0.252055,251993735.025884,,,,,,,,,,158855,742340,11.975747,13.517563,0.477284,0.347004,0.249131,0.019814,0.584705,0.653797,1,0.124646,73047.000000,586036.000000,3.381200,19.478945,0.147908,339.458651,5.827352,,3.381200,11.432513,0.000000,0.852248
06083,Santa Barbara,34.536677,-120.038365,2010,0,0,0.000000,166916693.991571,47.000000,67.000000,143.000000,128.000000,235.000000,,,0.061917,36.000000,98161,443701,11.494364,13.002906,0.686494,0.406093,0.482289,0.015084,0.523662,0.764053,2,,,,1.600177,5.679500,0.219814,376.191836,5.930099,,0.000000,0.000000,0.000000,0.000000
06083,Santa Barbara,34.536677,-120.038365,2011,0,0,0.000000,165725109.555723,55.000000,66.000000,161.000000,264.000000,98.000000,9.377576,16.000000,0.059056,36.000000,98161,443701,11.494364,13.002906,0.686494,0.406093,0.482289,0.015084,0.523662,0.764053,2,,,,1.600177,5.679500,0.219814,373.506279,5.922935,2.238321,0.000000,0.000000,0.000000,0.000000
06083,Santa Barbara,34.536677,-120.038365,2012,0,0,0.000000,164232665.818693,52.000000,67.000000,136.000000,174.000000,192.000000,8.055775,16.000000,0.057306,36.000000,98161,443701,11.494364,13.002906,0.686494,0.406093,0.482289,0.015084,0.523662,0.764053,2,,,,1.600177,5.679500,0.219814,370.142654,5.913888,2.086389,0.000000,0.000000,0.000000,0.000000
06083,Santa Barbara,34.536677,-120.038365,2013,0,0,0.000000,164183560.683779,52.000000,65.000000,122.000000,204.000000,158.000000,8.246348,16.000000,0.057917,36.000000,98161,443701,11.494364,13.002906,0.686494,0.406093,0.482289,0.015084,0.523662,0.764053,2,,,,1.600177,5.679500,0.219814,370.031983,5.913589,2.109770,0.000000,0.000000,0.000000,0.000000
06083,Santa Barbara,34.536677,-120.038365,2014,0,0,0.000000,166779238.012492,52.000000,66.000000,159.000000,217.000000,143.000000,8.130406,24.000000,0.066278,36.000000,98161,443701,11.494364,13.002906,0.686494,0.406093,0.482289,0.015084,0.523662,0.764053,2,,,,1.600177,5.679500,0.219814,375.882042,5.929275,2.095611,0.000000,0.000000,0.000000,0.000000
06083,Santa Barbara,34.536677,-120.038365,2015,0,0,0.000000,170863711.203677,51.000000,69.000000,101.000000,200.000000,160.000000,7.663424,24.000000,0.059333,36.000000,98161,443701,11.494364,13.002906,0.686494,0.406093,0.482289,0.015084,0.523662,0.764053,2,,,,1.600177,5.679500,0.219814,385.087505,5.953471,2.036459,0.000000,0.000000,0.000000,0.000000
06083,Santa Barbara,34.536677,-120.038365,2016,0,0,0.000000,174378867.501806,50.000000,69.000000,313.000000,166.000000,172.000000,7.009129,24.000000,0.058833,36.000000,98161,443701,11.494364,13.002906,0.686494,0.406093,0.482289,0.015084,0.523662,0.764053,2,,,,1.600177,5.679500,0.219814,393.009859,5.973835,1.947213,0.000000,0.000000,0.000000,0.000000
06083,Santa Barbara,34.536677,-120.038365,2017,0,0,0.000000,175685947.260147,51.000000,74.000000,313.000000,187.000000,169.000000,8.140797,56.000000,0.059056,36.000000,98161,443701,11.494364,13.002906,0.686494,0.406093,0.482289,0.015084,0.523662,0.764053,2,,,,1.600177,5.679500,0.219814,395.955716,5.981302,2.096888,0.000000,0.000000,0.000000,0.000000
06083,Santa Barbara,34.536677,-120.038365,2018,0,0,0.000000,174554304.292458,51.000000,67.000000,114.000000,188.000000,167.000000,7.528669,32.000000,0.053444,36.000000,98161,443701,11.494364,13.002906,0.686494,0.406093,0.482289,0.015084,0.523662,0.764053,2,,,,1.600177,5.679500,0.219814,393.405253,5.974840,2.018718,0.000000,0.000000,0.000000,0.000000
06083,Santa Barbara,34.536677,-120.038365,2019,0,0,0.000000,164636286.762603,45.000000,63.000000,105.000000,128.000000,228.000000,5.319865,32.000000,0.056148,27.000000,98161,443701,11.494364,13.002906,0.686494,0.406093,0.482289,0.015084,0.523662,0.764053,2,,,,1.600177,5.679500,0.219814,371.052323,5.916343,1.671448,0.000000,0.000000,0.000000,0.000000
06083,Santa Barbara,34.536677,-120.038365,2020,0,0,0.000000,152142214.758662,48.000000,68.000000,174.000000,207.000000,156.000000,7.767523,32.000000,0.057481,27.000000,98161,443701,11.494364,13.002906,0.686494,0.406093,0.482289,0.015084,0.523662,0.764053,2,,,,1.600177,5.679500,0.219814,342.893558,5.837420,2.049951,0.000000,0.000000,0.000000,0.000000
06083,Santa Barbara,34.536677,-120.038365,2021,0,0,0.000000,152936434.976621,44.000000,60.000000,101.000000,184.000000,180.000000,6.074635,24.000000,0.051625,24.000000,98161,443701,11.494364,13.002906,0.686494,0.406093,0.482289,0.015084,0.523662,0.764053,2,,,,1.600177,5.679500,0.219814,344.683548,5.842627,1.804122,0.000000,0.000000,0.000000,0.000000
06083,Santa Barbara,34.536677,-120.038365,2022,1,0,0.000000,155589840.202554,48.000000,60.000000,93.000000,223.000000,138.000000,6.244749,24.000000,0.052905,21.000000,98161,443701,11.494364,13.002906,0.686494,0.406093,0.482289,0.015084,0.523662,0.764053,2,,,,1.600177,5.679500,0.219814,350.663713,5.859828,1.831741,1.600177,2.560565,0.000000,0.000000
06083,Santa Barbara,34.536677,-120.038365,2023,1,0,0.000000,153153387.516110,45.000000,59.000000,95.000000,186.000000,170.000000,5.593991,32.000000,0.050370,27.000000,98161,443701,11.494364,13.002906,0.686494,0.406093,0.482289,0.015084,0.523662,0.764053,2,,,,1.600177,5.679500,0.219814,345.172509,5.844044,1.721693,1.600177,2.560565,0.000000,0.000000
06083,Santa Barbara,34.536677,-120.038365,2024,1,0,0.000000,151580848.651018,49.000000,60.000000,146.000000,198.000000,162.000000,5.643390,40.000000,0.049556,27.000000,98161,443701,11.494364,13.002906,0.686494,0.406093,0.482289,0.015084,0.523662,0.764053,2,,,,1.600177,5.679500,0.219814,341.628368,5.833724,1.730485,1.600177,2.560565,0.000000,0.000000
06083,Santa Barbara,34.536677,-120.038365,2025,1,0,0.252055,150618142.932780,54.000000,63.000000,186.000000,156.000000,21.000000,,,,,98161,443701,11.494364,13.002906,0.686494,0.406093,0.482289,0.015084,0.523662,0.764053,2,0.052881,16913.000000,319832.000000,1.600177,5.679500,0.219814,339.458651,5.827352,,1.600177,2.560565,0.000000,0.403332
06085,Santa Clara,37.221614,-121.689540,2010,0,0,0.000000,715534553.802192,51.000000,69.000000,164.000000,262.000000,95.000000,8.221552,8.000000,0.074250,12.000000,164281,1902047,12.009334,14.458441,0.460597,0.272134,0.250166,0.021935,0.550763,0.688616,1,,,,2.860077,16.424410,0.148310,376.191836,5.930099,2.106759,0.000000,0.000000,0.000000,0.000000
06085,Santa Clara,37.221614,-121.689540,2011,0,0,0.000000,710426497.698077,56.000000,75.000000,138.000000,330.000000,35.000000,8.090085,8.000000,0.064000,15.000000,164281,1902047,12.009334,14.458441,0.460597,0.272134,0.250166,0.021935,0.550763,0.688616,1,,,,2.860077,16.424410,0.148310,373.506279,5.922935,2.090639,0.000000,0.000000,0.000000,0.000000
06085,Santa Clara,37.221614,-121.689540,2012,0,0,0.000000,704028725.025292,52.000000,69.000000,122.000000,267.000000,96.000000,7.406017,8.000000,0.063400,15.000000,164281,1902047,12.009334,14.458441,0.460597,0.272134,0.250166,0.021935,0.550763,0.688616,1,,,,2.860077,16.424410,0.148310,370.142654,5.913888,2.002293,0.000000,0.000000,0.000000,0.000000
06085,Santa Clara,37.221614,-121.689540,2013,0,0,0.000000,703818222.289108,55.000000,80.000000,153.000000,275.000000,90.000000,10.586385,16.000000,0.063000,15.000000,164281,1902047,12.009334,14.458441,0.460597,0.272134,0.250166,0.021935,0.550763,0.688616,1,,,,2.860077,16.424410,0.148310,370.031983,5.913589,2.359569,0.000000,0.000000,0.000000,0.000000
06085,Santa Clara,37.221614,-121.689540,2014,0,0,0.000000,714945310.747432,46.000000,71.000000,154.000000,212.000000,140.000000,7.610766,16.000000,0.069500,12.000000,164281,1902047,12.009334,14.458441,0.460597,0.272134,0.250166,0.021935,0.550763,0.688616,1,,,,2.860077,16.424410,0.148310,375.882042,5.929275,2.029564,0.000000,0.000000,0.000000,0.000000
06085,Santa Clara,37.221614,-121.689540,2015,0,0,0.000000,732454534.255774,51.000000,71.000000,147.000000,239.000000,120.000000,7.916365,40.000000,0.069000,12.000000,164281,1902047,12.009334,14.458441,0.460597,0.272134,0.250166,0.021935,0.550763,0.688616,1,,,,2.860077,16.424410,0.148310,385.087505,5.953471,2.068932,0.000000,0.000000,0.000000,0.000000
06085,Santa Clara,37.221614,-121.689540,2016,0,0,0.000000,747523223.511346,50.000000,64.000000,101.000000,267.000000,95.000000,7.693643,24.000000,0.063000,12.000000,164281,1902047,12.009334,14.458441,0.460597,0.272134,0.250166,0.021935,0.550763,0.688616,1,,,,2.860077,16.424410,0.148310,393.009859,5.973835,2.040394,0.000000,0.000000,0.000000,0.000000
06085,Santa Clara,37.221614,-121.689540,2017,0,0,0.000000,753126382.244620,52.000000,75.000000,182.000000,228.000000,132.000000,8.660174,24.000000,0.068333,12.000000,164281,1902047,12.009334,14.458441,0.460597,0.272134,0.250166,0.021935,0.550763,0.688616,1,,,,2.860077,16.424410,0.148310,395.955716,5.981302,2.158735,0.000000,0.000000,0.000000,0.000000
06085,Santa Clara,37.221614,-121.689540,2018,0,0,0.000000,748275281.814907,53.000000,72.000000,214.000000,269.000000,94.000000,10.875201,24.000000,0.059917,12.000000,164281,1902047,12.009334,14.458441,0.460597,0.272134,0.250166,0.021935,0.550763,0.688616,1,,,,2.860077,16.424410,0.148310,393.405253,5.974840,2.386485,0.000000,0.000000,0.000000,0.000000
06085,Santa Clara,37.221614,-121.689540,2019,0,0,0.000000,705758957.784519,48.000000,68.000000,136.000000,229.000000,134.000000,7.439531,24.000000,0.062500,12.000000,164281,1902047,12.009334,14.458441,0.460597,0.272134,0.250166,0.021935,0.550763,0.688616,1,,,,2.860077,16.424410,0.148310,371.052323,5.916343,2.006808,0.000000,0.000000,0.000000,0.000000
06085,Santa Clara,37.221614,-121.689540,2020,0,0,0.000000,652199664.087004,52.000000,81.000000,198.000000,256.000000,107.000000,11.308513,24.000000,0.067250,12.000000,164281,1902047,12.009334,14.458441,0.460597,0.272134,0.250166,0.021935,0.550763,0.688616,1,,,,2.860077,16.424410,0.148310,342.893558,5.837420,2.425556,0.000000,0.000000,0.000000,0.000000
06085,Santa Clara,37.221614,-121.689540,2021,0,0,0.000000,655604308.617689,53.000000,72.000000,147.000000,275.000000,90.000000,8.435372,24.000000,0.070000,12.000000,164281,1902047,12.009334,14.458441,0.460597,0.272134,0.250166,0.021935,0.550763,0.688616,1,,,,2.860077,16.424410,0.148310,344.683548,5.842627,2.132434,0.000000,0.000000,0.000000,0.000000
06085,Santa Clara,37.221614,-121.689540,2022,1,0,0.000000,666978863.666630,49.000000,73.000000,119.000000,234.000000,131.000000,8.624797,24.000000,0.063250,12.000000,164281,1902047,12.009334,14.458441,0.460597,0.272134,0.250166,0.021935,0.550763,0.688616,1,,,,2.860077,16.424410,0.148310,350.663713,5.859828,2.154641,2.860077,8.180038,0.000000,0.000000
06085,Santa Clara,37.221614,-121.689540,2023,1,0,0.000000,656534335.655890,43.000000,63.000000,134.000000,179.000000,184.000000,6.698329,24.000000,0.060667,9.000000,164281,1902047,12.009334,14.458441,0.460597,0.272134,0.250166,0.021935,0.550763,0.688616,1,,,,2.860077,16.424410,0.148310,345.172509,5.844044,1.901858,2.860077,8.180038,0.000000,0.000000
06085,Santa Clara,37.221614,-121.689540,2024,1,0,0.000000,649793213.073947,47.000000,63.000000,111.000000,334.000000,28.000000,8.320788,16.000000,,,164281,1902047,12.009334,14.458441,0.460597,0.272134,0.250166,0.021935,0.550763,0.688616,1,,,,2.860077,16.424410,0.148310,341.628368,5.833724,2.118757,2.860077,8.180038,0.000000,0.000000
06085,Santa Clara,37.221614,-121.689540,2025,1,0,0.252055,645666308.867604,,,,,,,,,,164281,1902047,12.009334,14.458441,0.460597,0.272134,0.250166,0.021935,0.550763,0.688616,1,0.140828,203265.000000,1443353.000000,2.860077,16.424410,0.148310,339.458651,5.827352,,2.860077,8.180038,0.000000,0.720896
06087,Santa Cruz,37.012347,-122.007789,2010,0,0,0.000000,99662998.443571,37.000000,53.000000,95.000000,204.000000,161.000000,6.479769,8.000000,0.054000,3.000000,111093,264926,11.618123,12.487206,0.630901,0.539135,0.352347,0.007217,0.599383,0.703331,2,,,,2.151544,4.718299,0.313187,376.191836,5.930099,1.868685,0.000000,0.000000,0.000000,0.000000
06087,Santa Cruz,37.012347,-122.007789,2011,0,0,0.000000,98951524.504474,41.000000,54.000000,80.000000,188.000000,177.000000,6.463842,8.000000,0.054000,6.000000,111093,264926,11.618123,12.487206,0.630901,0.539135,0.352347,0.007217,0.599383,0.703331,2,,,,2.151544,4.718299,0.313187,373.506279,5.922935,1.866224,0.000000,0.000000,0.000000,0.000000
06087,Santa Cruz,37.012347,-122.007789,2012,0,0,0.000000,98060412.811067,36.000000,51.000000,101.000000,149.000000,216.000000,5.778857,8.000000,0.049000,3.000000,111093,264926,11.618123,12.487206,0.630901,0.539135,0.352347,0.007217,0.599383,0.703331,2,,,,2.151544,4.718299,0.313187,370.142654,5.913888,1.754206,0.000000,0.000000,0.000000,0.000000
06087,Santa Cruz,37.012347,-122.007789,2013,0,0,0.000000,98031093.005675,42.000000,84.000000,149.000000,195.000000,170.000000,6.688102,8.000000,0.056500,6.000000,111093,264926,11.618123,12.487206,0.630901,0.539135,0.352347,0.007217,0.599383,0.703331,2,,,,2.151544,4.718299,0.313187,370.031983,5.913589,1.900330,0.000000,0.000000,0.000000,0.000000
06087,Santa Cruz,37.012347,-122.007789,2014,0,0,0.000000,99580925.915645,39.000000,70.000000,136.000000,176.000000,189.000000,5.343380,8.000000,0.062000,3.000000,111093,264926,11.618123,12.487206,0.630901,0.539135,0.352347,0.007217,0.599383,0.703331,2,,,,2.151544,4.718299,0.313187,375.882042,5.929275,1.675858,0.000000,0.000000,0.000000,0.000000
06087,Santa Cruz,37.012347,-122.007789,2015,0,0,0.000000,102019692.437803,38.000000,59.000000,95.000000,178.000000,187.000000,5.495639,16.000000,0.057000,3.000000,111093,264926,11.618123,12.487206,0.630901,0.539135,0.352347,0.007217,0.599383,0.703331,2,,,,2.151544,4.718299,0.313187,385.087505,5.953471,1.703955,0.000000,0.000000,0.000000,0.000000
06087,Santa Cruz,37.012347,-122.007789,2016,0,0,0.000000,104118529.937466,35.000000,54.000000,76.000000,204.000000,162.000000,5.243817,16.000000,0.052000,3.000000,111093,264926,11.618123,12.487206,0.630901,0.539135,0.352347,0.007217,0.599383,0.703331,2,,,,2.151544,4.718299,0.313187,393.009859,5.973835,1.657050,0.000000,0.000000,0.000000,0.000000
06087,Santa Cruz,37.012347,-122.007789,2017,0,0,0.000000,104898964.085818,39.000000,61.000000,130.000000,189.000000,176.000000,6.412154,16.000000,0.060000,3.000000,111093,264926,11.618123,12.487206,0.630901,0.539135,0.352347,0.007217,0.599383,0.703331,2,,,,2.151544,4.718299,0.313187,395.955716,5.981302,1.858195,0.000000,0.000000,0.000000,0.000000
06087,Santa Cruz,37.012347,-122.007789,2018,0,0,0.000000,104223280.134558,41.000000,56.000000,177.000000,229.000000,136.000000,6.867737,48.000000,0.054000,3.000000,111093,264926,11.618123,12.487206,0.630901,0.539135,0.352347,0.007217,0.599383,0.703331,2,,,,2.151544,4.718299,0.313187,393.405253,5.974840,1.926835,0.000000,0.000000,0.000000,0.000000
06087,Santa Cruz,37.012347,-122.007789,2019,0,0,0.000000,98301407.720220,39.000000,54.000000,74.000000,199.000000,166.000000,5.608498,16.000000,0.052000,3.000000,111093,264926,11.618123,12.487206,0.630901,0.539135,0.352347,0.007217,0.599383,0.703331,2,,,,2.151544,4.718299,0.313187,371.052323,5.916343,1.724283,0.000000,0.000000,0.000000,0.000000
06087,Santa Cruz,37.012347,-122.007789,2020,0,0,0.000000,90841418.854483,39.000000,68.000000,624.000000,228.000000,138.000000,9.669753,16.000000,0.048000,3.000000,111093,264926,11.618123,12.487206,0.630901,0.539135,0.352347,0.007217,0.599383,0.703331,2,,,,2.151544,4.718299,0.313187,342.893558,5.837420,2.269003,0.000000,0.000000,0.000000,0.000000
06087,Santa Cruz,37.012347,-122.007789,2021,0,0,0.000000,91315633.664599,37.000000,54.000000,80.000000,178.000000,187.000000,5.282253,16.000000,0.052000,3.000000,111093,264926,11.618123,12.487206,0.630901,0.539135,0.352347,0.007217,0.599383,0.703331,2,,,,2.151544,4.718299,0.313187,344.683548,5.842627,1.664353,0.000000,0.000000,0.000000,0.000000
06087,Santa Cruz,37.012347,-122.007789,2022,1,0,0.000000,92899934.878447,35.000000,56.000000,93.000000,185.000000,180.000000,5.229900,16.000000,0.047000,3.000000,111093,264926,11.618123,12.487206,0.630901,0.539135,0.352347,0.007217,0.599383,0.703331,2,,,,2.151544,4.718299,0.313187,350.663713,5.859828,1.654392,2.151544,4.629142,0.000000,0.000000
06087,Santa Cruz,37.012347,-122.007789,2023,1,0,0.000000,91445172.179222,36.000000,53.000000,130.000000,189.000000,176.000000,5.312762,16.000000,0.051000,3.000000,111093,264926,11.618123,12.487206,0.630901,0.539135,0.352347,0.007217,0.599383,0.703331,2,,,,2.151544,4.718299,0.313187,345.172509,5.844044,1.670112,2.151544,4.629142,0.000000,0.000000
06087,Santa Cruz,37.012347,-122.007789,2024,1,0,0.000000,90506237.104987,39.000000,54.000000,80.000000,249.000000,117.000000,6.149945,16.000000,0.050000,3.000000,111093,264926,11.618123,12.487206,0.630901,0.539135,0.352347,0.007217,0.599383,0.703331,2,,,,2.151544,4.718299,0.313187,341.628368,5.833724,1.816443,2.151544,4.629142,0.000000,0.000000
06087,Santa Cruz,37.012347,-122.007789,2025,1,0,0.252055,89931422.590009,37.000000,57.000000,71.000000,83.000000,98.000000,,,,,111093,264926,11.618123,12.487206,0.630901,0.539135,0.352347,0.007217,0.599383,0.703331,2,0.069076,13611.000000,197045.000000,2.151544,4.718299,0.313187,339.458651,5.827352,,2.151544,4.629142,0.000000,0.542307
06089,Shasta,40.760514,-122.043556,2010,0,0,0.000000,68254742.024595,43.000000,84.000000,119.000000,18.000000,347.000000,,,0.068417,12.000000,72636,181436,11.193216,12.108658,0.813918,0.753064,0.117650,0.008278,0.655520,0.860629,3,,,,0.330695,1.708591,0.162162,376.191836,5.930099,,0.000000,0.000000,0.000000,0.000000
06089,Shasta,40.760514,-122.043556,2011,0,0,0.000000,67767485.260011,44.000000,71.000000,153.000000,14.000000,351.000000,,,0.065000,12.000000,72636,181436,11.193216,12.108658,0.813918,0.753064,0.117650,0.008278,0.655520,0.860629,3,,,,0.330695,1.708591,0.162162,373.506279,5.922935,,0.000000,0.000000,0.000000,0.000000
06089,Shasta,40.760514,-122.043556,2012,0,0,0.000000,67157202.610498,44.000000,77.000000,180.000000,15.000000,351.000000,,,0.065250,12.000000,72636,181436,11.193216,12.108658,0.813918,0.753064,0.117650,0.008278,0.655520,0.860629,3,,,,0.330695,1.708591,0.162162,370.142654,5.913888,,0.000000,0.000000,0.000000,0.000000
06089,Shasta,40.760514,-122.043556,2013,0,0,0.000000,67137122.783636,42.000000,64.000000,105.000000,19.000000,345.000000,,,0.062500,12.000000,72636,181436,11.193216,12.108658,0.813918,0.753064,0.117650,0.008278,0.655520,0.860629,3,,,,0.330695,1.708591,0.162162,370.031983,5.913589,,0.000000,0.000000,0.000000,0.000000
06089,Shasta,40.760514,-122.043556,2014,0,0,0.000000,68198534.211179,43.000000,71.000000,126.000000,14.000000,349.000000,,,0.066250,12.000000,72636,181436,11.193216,12.108658,0.813918,0.753064,0.117650,0.008278,0.655520,0.860629,3,,,,0.330695,1.708591,0.162162,375.882042,5.929275,,0.000000,0.000000,0.000000,0.000000
06089,Shasta,40.760514,-122.043556,2015,0,0,0.000000,69868736.617565,44.000000,84.000000,157.000000,14.000000,351.000000,,,0.069500,12.000000,72636,181436,11.193216,12.108658,0.813918,0.753064,0.117650,0.008278,0.655520,0.860629,3,,,,0.330695,1.708591,0.162162,385.087505,5.953471,,0.000000,0.000000,0.000000,0.000000
06089,Shasta,40.760514,-122.043556,2016,0,0,0.000000,71306136.799461,41.000000,74.000000,140.000000,8.000000,358.000000,,,0.069750,12.000000,72636,181436,11.193216,12.108658,0.813918,0.753064,0.117650,0.008278,0.655520,0.860629,3,,,,0.330695,1.708591,0.162162,393.009859,5.973835,,0.000000,0.000000,0.000000,0.000000
06089,Shasta,40.760514,-122.043556,2017,0,0,0.000000,71840621.335296,44.000000,84.000000,159.000000,17.000000,348.000000,,,0.067250,12.000000,72636,181436,11.193216,12.108658,0.813918,0.753064,0.117650,0.008278,0.655520,0.860629,3,,,,0.330695,1.708591,0.162162,395.955716,5.981302,,0.000000,0.000000,0.000000,0.000000
06089,Shasta,40.760514,-122.043556,2018,0,0,0.000000,71377875.536919,43.000000,84.000000,206.000000,23.000000,341.000000,,,0.073000,12.000000,72636,181436,11.193216,12.108658,0.813918,0.753064,0.117650,0.008278,0.655520,0.860629,3,,,,0.330695,1.708591,0.162162,393.405253,5.974840,,0.000000,0.000000,0.000000,0.000000
06089,Shasta,40.760514,-122.043556,2019,0,0,0.000000,67322249.273857,42.000000,54.000000,100.000000,13.000000,349.000000,,,0.061250,12.000000,72636,181436,11.193216,12.108658,0.813918,0.753064,0.117650,0.008278,0.655520,0.860629,3,,,,0.330695,1.708591,0.162162,371.052323,5.916343,,0.000000,0.000000,0.000000,0.000000
06089,Shasta,40.760514,-122.043556,2020,0,0,0.000000,62213235.663099,41.000000,67.000000,171.000000,41.000000,325.000000,,,0.064583,12.000000,72636,181436,11.193216,12.108658,0.813918,0.753064,0.117650,0.008278,0.655520,0.860629,3,,,,0.330695,1.708591,0.162162,342.893558,5.837420,,0.000000,0.000000,0.000000,0.000000
06089,Shasta,40.760514,-122.043556,2021,0,0,0.000000,62538004.233523,46.000000,93.000000,240.000000,94.000000,271.000000,,,0.067750,12.000000,72636,181436,11.193216,12.108658,0.813918,0.753064,0.117650,0.008278,0.655520,0.860629,3,,,,0.330695,1.708591,0.162162,344.683548,5.842627,,0.000000,0.000000,0.000000,0.000000
06089,Shasta,40.760514,-122.043556,2022,1,0,0.000000,63623021.464884,45.000000,71.000000,119.000000,62.000000,303.000000,,,0.065750,12.000000,72636,181436,11.193216,12.108658,0.813918,0.753064,0.117650,0.008278,0.655520,0.860629,3,,,,0.330695,1.708591,0.162162,350.663713,5.859828,,0.330695,0.109359,0.000000,0.000000
06089,Shasta,40.760514,-122.043556,2023,1,0,0.000000,62626719.383939,45.000000,64.000000,1435.000000,93.000000,272.000000,6.872861,8.000000,0.062778,9.000000,72636,181436,11.193216,12.108658,0.813918,0.753064,0.117650,0.008278,0.655520,0.860629,3,,,,0.330695,1.708591,0.162162,345.172509,5.844044,1.927580,0.330695,0.109359,0.000000,0.000000
06089,Shasta,40.760514,-122.043556,2024,1,0,0.000000,61983684.634126,44.000000,69.000000,232.000000,76.000000,290.000000,5.969948,24.000000,0.063400,5.000000,72636,181436,11.193216,12.108658,0.813918,0.753064,0.117650,0.008278,0.655520,0.860629,3,,,,0.330695,1.708591,0.162162,341.628368,5.833724,1.786738,0.330695,0.109359,0.000000,0.000000
06089,Shasta,40.760514,-122.043556,2025,1,0,0.252055,61590019.813234,44.000000,54.000000,100.000000,21.000000,203.000000,,,,,72636,181436,11.193216,12.108658,0.813918,0.753064,0.117650,0.008278,0.655520,0.860629,3,0.022475,2856.000000,127075.000000,0.330695,1.708591,0.162162,339.458651,5.827352,,0.330695,0.109359,0.000000,0.083353
06091,Sierra,39.576925,-120.521993,2010,0,0,0.000000,1033022.782687,,,,,,,,,,63355,2746,11.056509,7.917901,0.863002,0.860160,0.109614,0.002913,0.721083,0.772560,8,,,,0.000000,3.641661,0.000000,376.191836,5.930099,,0.000000,0.000000,0.000000,0.000000
06091,Sierra,39.576925,-120.521993,2011,0,0,0.000000,1025648.242488,,,,,,,,,,63355,2746,11.056509,7.917901,0.863002,0.860160,0.109614,0.002913,0.721083,0.772560,8,,,,0.000000,3.641661,0.000000,373.506279,5.922935,,0.000000,0.000000,0.000000,0.000000
06091,Sierra,39.576925,-120.521993,2012,0,0,0.000000,1016411.728480,,,,,,,,,,63355,2746,11.056509,7.917901,0.863002,0.860160,0.109614,0.002913,0.721083,0.772560,8,,,,0.000000,3.641661,0.000000,370.142654,5.913888,,0.000000,0.000000,0.000000,0.000000
06091,Sierra,39.576925,-120.521993,2013,0,0,0.000000,1016107.824047,,,,,,,,,,63355,2746,11.056509,7.917901,0.863002,0.860160,0.109614,0.002913,0.721083,0.772560,8,,,,0.000000,3.641661,0.000000,370.031983,5.913589,,0.000000,0.000000,0.000000,0.000000
06091,Sierra,39.576925,-120.521993,2014,0,0,0.000000,1032172.087920,,,,,,,,,,63355,2746,11.056509,7.917901,0.863002,0.860160,0.109614,0.002913,0.721083,0.772560,8,,,,0.000000,3.641661,0.000000,375.882042,5.929275,,0.000000,0.000000,0.000000,0.000000
06091,Sierra,39.576925,-120.521993,2015,0,0,0.000000,1057450.289644,,,,,,,,,,63355,2746,11.056509,7.917901,0.863002,0.860160,0.109614,0.002913,0.721083,0.772560,8,,,,0.000000,3.641661,0.000000,385.087505,5.953471,,0.000000,0.000000,0.000000,0.000000
06091,Sierra,39.576925,-120.521993,2016,0,0,0.000000,1079205.073146,,,,,,,,,,63355,2746,11.056509,7.917901,0.863002,0.860160,0.109614,0.002913,0.721083,0.772560,8,,,,0.000000,3.641661,0.000000,393.009859,5.973835,,0.000000,0.000000,0.000000,0.000000
06091,Sierra,39.576925,-120.521993,2017,0,0,0.000000,1087294.396849,,,,,,,,,,63355,2746,11.056509,7.917901,0.863002,0.860160,0.109614,0.002913,0.721083,0.772560,8,,,,0.000000,3.641661,0.000000,395.955716,5.981302,,0.000000,0.000000,0.000000,0.000000
06091,Sierra,39.576925,-120.521993,2018,0,0,0.000000,1080290.825549,,,,,,,,,,63355,2746,11.056509,7.917901,0.863002,0.860160,0.109614,0.002913,0.721083,0.772560,8,,,,0.000000,3.641661,0.000000,393.405253,5.974840,,0.000000,0.000000,0.000000,0.000000
06091,Sierra,39.576925,-120.521993,2019,0,0,0.000000,1018909.678928,,,,,,,,,,63355,2746,11.056509,7.917901,0.863002,0.860160,0.109614,0.002913,0.721083,0.772560,8,,,,0.000000,3.641661,0.000000,371.052323,5.916343,,0.000000,0.000000,0.000000,0.000000
06091,Sierra,39.576925,-120.521993,2020,0,0,0.000000,941585.711385,,,,,,,,,,63355,2746,11.056509,7.917901,0.863002,0.860160,0.109614,0.002913,0.721083,0.772560,8,,,,0.000000,3.641661,0.000000,342.893558,5.837420,,0.000000,0.000000,0.000000,0.000000
06091,Sierra,39.576925,-120.521993,2021,0,0,0.000000,946501.023089,,,,,,,,,,63355,2746,11.056509,7.917901,0.863002,0.860160,0.109614,0.002913,0.721083,0.772560,8,,,,0.000000,3.641661,0.000000,344.683548,5.842627,,0.000000,0.000000,0.000000,0.000000
06091,Sierra,39.576925,-120.521993,2022,1,0,0.000000,962922.556398,,,,,,,,,,63355,2746,11.056509,7.917901,0.863002,0.860160,0.109614,0.002913,0.721083,0.772560,8,,,,0.000000,3.641661,0.000000,350.663713,5.859828,,0.000000,0.000000,0.000000,0.000000
06091,Sierra,39.576925,-120.521993,2023,1,0,0.000000,947843.710335,,,,,,,,,,63355,2746,11.056509,7.917901,0.863002,0.860160,0.109614,0.002913,0.721083,0.772560,8,,,,0.000000,3.641661,0.000000,345.172509,5.844044,,0.000000,0.000000,0.000000,0.000000
06091,Sierra,39.576925,-120.521993,2024,1,0,0.000000,938111.499401,,,,,,,,,,63355,2746,11.056509,7.917901,0.863002,0.860160,0.109614,0.002913,0.721083,0.772560,8,,,,0.000000,3.641661,0.000000,341.628368,5.833724,,0.000000,0.000000,0.000000,0.000000
06091,Sierra,39.576925,-120.521993,2025,1,0,0.252055,932153.455803,,,,,,,,,,63355,2746,11.056509,7.917901,0.863002,0.860160,0.109614,0.002913,0.721083,0.772560,8,0.009857,20.000000,2029.000000,0.000000,3.641661,0.000000,339.458651,5.827352,,0.000000,0.000000,0.000000,0.000000
06093,Siskiyou,41.587986,-122.533287,2010,0,0,0.000000,16351554.359890,33.000000,45.000000,90.000000,16.000000,344.000000,,,0.059000,3.000000,59095,43466,10.986902,10.679734,0.874941,0.732964,0.134818,0.013321,0.692017,0.830388,7,,,,9.432660,4.601298,0.672131,376.191836,5.930099,,0.000000,0.000000,0.000000,0.000000
06093,Siskiyou,41.587986,-122.533287,2011,0,0,0.000000,16234823.928612,37.000000,48.000000,71.000000,23.000000,331.000000,,,0.059000,3.000000,59095,43466,10.986902,10.679734,0.874941,0.732964,0.134818,0.013321,0.692017,0.830388,7,,,,9.432660,4.601298,0.672131,373.506279,5.922935,,0.000000,0.000000,0.000000,0.000000
06093,Siskiyou,41.587986,-122.533287,2012,0,0,0.000000,16088620.608192,37.000000,51.000000,168.000000,26.000000,334.000000,,,0.063000,3.000000,59095,43466,10.986902,10.679734,0.874941,0.732964,0.134818,0.013321,0.692017,0.830388,7,,,,9.432660,4.601298,0.672131,370.142654,5.913888,,0.000000,0.000000,0.000000,0.000000
06093,Siskiyou,41.587986,-122.533287,2013,0,0,0.000000,16083810.152966,37.000000,51.000000,121.000000,27.000000,333.000000,,,0.063000,3.000000,59095,43466,10.986902,10.679734,0.874941,0.732964,0.134818,0.013321,0.692017,0.830388,7,,,,9.432660,4.601298,0.672131,370.031983,5.913589,,0.000000,0.000000,0.000000,0.000000
06093,Siskiyou,41.587986,-122.533287,2014,0,0,0.000000,16338088.846883,37.000000,50.000000,162.000000,18.000000,343.000000,,,0.061000,3.000000,59095,43466,10.986902,10.679734,0.874941,0.732964,0.134818,0.013321,0.692017,0.830388,7,,,,9.432660,4.601298,0.672131,375.882042,5.929275,,0.000000,0.000000,0.000000,0.000000
06093,Siskiyou,41.587986,-122.533287,2015,0,0,0.000000,16738213.506796,36.000000,49.000000,139.000000,29.000000,331.000000,,,0.061000,3.000000,59095,43466,10.986902,10.679734,0.874941,0.732964,0.134818,0.013321,0.692017,0.830388,7,,,,9.432660,4.601298,0.672131,385.087505,5.953471,,0.000000,0.000000,0.000000,0.000000
06093,Siskiyou,41.587986,-122.533287,2016,0,0,0.000000,17082566.536549,27.000000,44.000000,93.000000,27.000000,335.000000,,,0.055000,3.000000,59095,43466,10.986902,10.679734,0.874941,0.732964,0.134818,0.013321,0.692017,0.830388,7,,,,9.432660,4.601298,0.672131,393.009859,5.973835,,0.000000,0.000000,0.000000,0.000000
06093,Siskiyou,41.587986,-122.533287,2017,0,0,0.000000,17210611.162944,28.000000,57.000000,167.000000,91.000000,134.000000,,,,,59095,43466,10.986902,10.679734,0.874941,0.732964,0.134818,0.013321,0.692017,0.830388,7,,,,9.432660,4.601298,0.672131,395.955716,5.981302,,0.000000,0.000000,0.000000,0.000000
06093,Siskiyou,41.587986,-122.533287,2018,0,0,0.000000,17099752.739741,42.000000,119.000000,219.000000,151.000000,214.000000,,,0.072000,3.000000,59095,43466,10.986902,10.679734,0.874941,0.732964,0.134818,0.013321,0.692017,0.830388,7,,,,9.432660,4.601298,0.672131,393.405253,5.974840,,0.000000,0.000000,0.000000,0.000000
06093,Siskiyou,41.587986,-122.533287,2019,0,0,0.000000,16128160.271046,38.000000,54.000000,164.000000,126.000000,239.000000,5.822253,24.000000,0.056000,3.000000,59095,43466,10.986902,10.679734,0.874941,0.732964,0.134818,0.013321,0.692017,0.830388,7,,,,9.432660,4.601298,0.672131,371.052323,5.916343,1.761687,0.000000,0.000000,0.000000,0.000000
06093,Siskiyou,41.587986,-122.533287,2020,0,0,0.000000,14904211.409711,39.000000,66.000000,468.000000,156.000000,210.000000,10.945429,8.000000,0.060000,3.000000,59095,43466,10.986902,10.679734,0.874941,0.732964,0.134818,0.013321,0.692017,0.830388,7,,,,9.432660,4.601298,0.672131,342.893558,5.837420,2.392922,0.000000,0.000000,0.000000,0.000000
06093,Siskiyou,41.587986,-122.533287,2021,0,0,0.000000,14982015.101823,43.000000,86.000000,210.000000,186.000000,178.000000,14.499709,8.000000,0.067000,3.000000,59095,43466,10.986902,10.679734,0.874941,0.732964,0.134818,0.013321,0.692017,0.830388,7,,,,9.432660,4.601298,0.672131,344.683548,5.842627,2.674129,0.000000,0.000000,0.000000,0.000000
06093,Siskiyou,41.587986,-122.533287,2022,1,0,0.000000,15241948.957168,41.000000,62.000000,454.000000,159.000000,203.000000,9.346474,8.000000,0.055000,3.000000,59095,43466,10.986902,10.679734,0.874941,0.732964,0.134818,0.013321,0.692017,0.830388,7,,,,9.432660,4.601298,0.672131,350.663713,5.859828,2.234999,9.432660,88.975075,0.000000,0.000000
06093,Siskiyou,41.587986,-122.533287,2023,1,0,0.000000,15003268.286020,43.000000,64.000000,320.000000,158.000000,207.000000,10.950708,8.000000,0.059000,3.000000,59095,43466,10.986902,10.679734,0.874941,0.732964,0.134818,0.013321,0.692017,0.830388,7,,,,9.432660,4.601298,0.672131,345.172509,5.844044,2.393404,9.432660,88.975075,0.000000,0.000000
06093,Siskiyou,41.587986,-122.533287,2024,1,0,0.000000,14849218.657306,41.000000,60.000000,94.000000,110.000000,256.000000,5.473864,8.000000,0.066000,3.000000,59095,43466,10.986902,10.679734,0.874941,0.732964,0.134818,0.013321,0.692017,0.830388,7,,,,9.432660,4.601298,0.672131,341.628368,5.833724,1.699985,9.432660,88.975075,0.000000,0.000000
06093,Siskiyou,41.587986,-122.533287,2025,1,0,0.252055,14754909.726857,6.000000,9.000000,10.000000,15.000000,0.000000,,,,,59095,43466,10.986902,10.679734,0.874941,0.732964,0.134818,0.013321,0.692017,0.830388,7,0.013601,360.000000,26468.000000,9.432660,4.601298,0.672131,339.458651,5.827352,,9.432660,88.975075,0.000000,2.377547
06095,Solano,38.267226,-121.939594,2010,0,0,0.000000,170007862.311067,42.000000,68.000000,136.000000,175.000000,178.000000,,,0.066000,9.000000,100401,451918,11.516927,13.021256,0.697648,0.332054,0.296410,0.123239,0.630193,0.834608,2,,,,1.659593,2.345558,0.414365,376.191836,5.930099,,0.000000,0.000000,0.000000,0.000000
06095,Solano,38.267226,-121.939594,2011,0,0,0.000000,168794210.651324,47.000000,77.000000,147.000000,197.000000,166.000000,10.076404,8.000000,0.066000,9.000000,100401,451918,11.516927,13.021256,0.697648,0.332054,0.296410,0.123239,0.630193,0.834608,2,,,,1.659593,2.345558,0.414365,373.506279,5.922935,2.310196,0.000000,0.000000,0.000000,0.000000
06095,Solano,38.267226,-121.939594,2012,0,0,0.000000,167274128.008393,46.000000,69.000000,140.000000,188.000000,171.000000,8.955211,8.000000,0.064333,9.000000,100401,451918,11.516927,13.021256,0.697648,0.332054,0.296410,0.123239,0.630193,0.834608,2,,,,1.659593,2.345558,0.414365,370.142654,5.913888,2.192236,0.000000,0.000000,0.000000,0.000000
06095,Solano,38.267226,-121.939594,2013,0,0,0.000000,167224113.484288,53.000000,76.000000,132.000000,254.000000,110.000000,10.716088,16.000000,0.060000,9.000000,100401,451918,11.516927,13.021256,0.697648,0.332054,0.296410,0.123239,0.630193,0.834608,2,,,,1.659593,2.345558,0.414365,370.031983,5.913589,2.371746,0.000000,0.000000,0.000000,0.000000
06095,Solano,38.267226,-121.939594,2014,0,0,0.000000,169867860.753366,51.000000,69.000000,124.000000,275.000000,89.000000,9.928750,16.000000,0.064333,9.000000,100401,451918,11.516927,13.021256,0.697648,0.332054,0.296410,0.123239,0.630193,0.834608,2,,,,1.659593,2.345558,0.414365,375.882042,5.929275,2.295435,0.000000,0.000000,0.000000,0.000000
06095,Solano,38.267226,-121.939594,2015,0,0,0.000000,174027975.234997,50.000000,74.000000,118.000000,216.000000,142.000000,9.411534,16.000000,0.066333,9.000000,100401,451918,11.516927,13.021256,0.697648,0.332054,0.296410,0.123239,0.630193,0.834608,2,,,,1.659593,2.345558,0.414365,385.087505,5.953471,2.241936,0.000000,0.000000,0.000000,0.000000
06095,Solano,38.267226,-121.939594,2016,0,0,0.000000,177608229.514202,47.000000,65.000000,105.000000,226.000000,137.000000,7.905693,16.000000,0.064000,9.000000,100401,451918,11.516927,13.021256,0.697648,0.332054,0.296410,0.123239,0.630193,0.834608,2,,,,1.659593,2.345558,0.414365,393.009859,5.973835,2.067583,0.000000,0.000000,0.000000,0.000000
06095,Solano,38.267226,-121.939594,2017,0,0,0.000000,178939515.380653,52.000000,73.000000,184.000000,242.000000,121.000000,10.393315,16.000000,0.062000,9.000000,100401,451918,11.516927,13.021256,0.697648,0.332054,0.296410,0.123239,0.630193,0.834608,2,,,,1.659593,2.345558,0.414365,395.955716,5.981302,2.341163,0.000000,0.000000,0.000000,0.000000
06095,Solano,38.267226,-121.939594,2018,0,0,0.000000,177786915.258787,50.000000,69.000000,272.000000,244.000000,120.000000,12.477679,16.000000,0.055556,9.000000,100401,451918,11.516927,13.021256,0.697648,0.332054,0.296410,0.123239,0.630193,0.834608,2,,,,1.659593,2.345558,0.414365,393.405253,5.974840,2.523941,0.000000,0.000000,0.000000,0.000000
06095,Solano,38.267226,-121.939594,2019,0,0,0.000000,167685223.700605,45.000000,64.000000,119.000000,235.000000,129.000000,8.714944,16.000000,0.061000,9.000000,100401,451918,11.516927,13.021256,0.697648,0.332054,0.296410,0.123239,0.630193,0.834608,2,,,,1.659593,2.345558,0.414365,371.052323,5.916343,2.165039,0.000000,0.000000,0.000000,0.000000
06095,Solano,38.267226,-121.939594,2020,0,0,0.000000,154959771.128090,51.000000,77.000000,228.000000,240.000000,125.000000,12.116224,16.000000,0.062333,9.000000,100401,451918,11.516927,13.021256,0.697648,0.332054,0.296410,0.123239,0.630193,0.834608,2,,,,1.659593,2.345558,0.414365,342.893558,5.837420,2.494545,0.000000,0.000000,0.000000,0.000000
06095,Solano,38.267226,-121.939594,2021,0,0,0.000000,155768699.691379,44.000000,66.000000,126.000000,193.000000,172.000000,8.650230,16.000000,0.065444,9.000000,100401,451918,11.516927,13.021256,0.697648,0.332054,0.296410,0.123239,0.630193,0.834608,2,,,,1.659593,2.345558,0.414365,344.683548,5.842627,2.157586,0.000000,0.000000,0.000000,0.000000
06095,Solano,38.267226,-121.939594,2022,1,0,0.000000,158471243.933770,43.000000,67.000000,93.000000,168.000000,197.000000,7.895000,16.000000,0.058667,9.000000,100401,451918,11.516927,13.021256,0.697648,0.332054,0.296410,0.123239,0.630193,0.834608,2,,,,1.659593,2.345558,0.414365,350.663713,5.859828,2.066230,1.659593,2.754249,0.000000,0.000000
06095,Solano,38.267226,-121.939594,2023,1,0,0.000000,155989670.024420,40.000000,57.000000,105.000000,122.000000,242.000000,6.155664,16.000000,0.056000,7.000000,100401,451918,11.516927,13.021256,0.697648,0.332054,0.296410,0.123239,0.630193,0.834608,2,,,,1.659593,2.345558,0.414365,345.172509,5.844044,1.817373,1.659593,2.754249,0.000000,0.000000
06095,Solano,38.267226,-121.939594,2024,1,0,0.000000,154388008.953487,36.000000,46.000000,80.000000,22.000000,340.000000,,,0.058000,3.000000,100401,451918,11.516927,13.021256,0.697648,0.332054,0.296410,0.123239,0.630193,0.834608,2,,,,1.659593,2.345558,0.414365,341.628368,5.833724,,1.659593,2.754249,0.000000,0.000000
06095,Solano,38.267226,-121.939594,2025,1,0,0.252055,153407474.668518,34.000000,42.000000,61.000000,0.000000,268.000000,,,,,100401,451918,11.516927,13.021256,0.697648,0.332054,0.296410,0.123239,0.630193,0.834608,2,0.054480,18684.000000,342953.000000,1.659593,2.345558,0.414365,339.458651,5.827352,,1.659593,2.754249,0.000000,0.418308
06097,Sonoma,38.525182,-122.926109,2010,0,0,0.000000,182468088.315491,36.000000,59.000000,93.000000,234.000000,126.000000,7.204420,8.000000,0.054000,3.000000,104674,485040,11.558606,13.091987,0.665782,0.579264,0.300012,0.014813,0.626174,0.787316,2,,,,2.164770,6.329375,0.254854,376.191836,5.930099,1.974695,0.000000,0.000000,0.000000,0.000000
06097,Sonoma,38.525182,-122.926109,2011,0,0,0.000000,181165485.628628,40.000000,64.000000,96.000000,234.000000,126.000000,8.615254,8.000000,0.045000,3.000000,104674,485040,11.558606,13.091987,0.665782,0.579264,0.300012,0.014813,0.626174,0.787316,2,,,,2.164770,6.329375,0.254854,373.506279,5.922935,2.153534,0.000000,0.000000,0.000000,0.000000
06097,Sonoma,38.525182,-122.926109,2012,0,0,0.000000,179533993.001365,41.000000,61.000000,82.000000,223.000000,138.000000,8.193567,8.000000,0.050000,6.000000,104674,485040,11.558606,13.091987,0.665782,0.579264,0.300012,0.014813,0.626174,0.787316,2,,,,2.164770,6.329375,0.254854,370.142654,5.913888,2.103349,0.000000,0.000000,0.000000,0.000000
06097,Sonoma,38.525182,-122.926109,2013,0,0,0.000000,179480312.809888,41.000000,65.000000,86.000000,210.000000,151.000000,8.438218,8.000000,0.055000,6.000000,104674,485040,11.558606,13.091987,0.665782,0.579264,0.300012,0.014813,0.626174,0.787316,2,,,,2.164770,6.329375,0.254854,370.031983,5.913589,2.132771,0.000000,0.000000,0.000000,0.000000
06097,Sonoma,38.525182,-122.926109,2014,0,0,0.000000,182317825.755586,42.000000,58.000000,83.000000,216.000000,147.000000,7.746742,8.000000,0.058000,6.000000,104674,485040,11.558606,13.091987,0.665782,0.579264,0.300012,0.014813,0.626174,0.787316,2,,,,2.164770,6.329375,0.254854,375.882042,5.929275,2.047272,0.000000,0.000000,0.000000,0.000000
06097,Sonoma,38.525182,-122.926109,2015,0,0,0.000000,186782843.586631,37.000000,58.000000,90.000000,148.000000,215.000000,6.647110,8.000000,0.057500,6.000000,104674,485040,11.558606,13.091987,0.665782,0.579264,0.300012,0.014813,0.626174,0.787316,2,,,,2.164770,6.329375,0.254854,385.087505,5.953471,1.894182,0.000000,0.000000,0.000000,0.000000
06097,Sonoma,38.525182,-122.926109,2016,0,0,0.000000,190625502.068005,34.000000,51.000000,87.000000,99.000000,265.000000,4.641061,8.000000,0.051500,6.000000,104674,485040,11.558606,13.091987,0.665782,0.579264,0.300012,0.014813,0.626174,0.787316,2,,,,2.164770,6.329375,0.254854,393.009859,5.973835,1.534943,0.000000,0.000000,0.000000,0.000000
06097,Sonoma,38.525182,-122.926109,2017,0,0,0.000000,192054360.614607,41.000000,60.000000,169.000000,178.000000,186.000000,8.095068,8.000000,0.059500,6.000000,104674,485040,11.558606,13.091987,0.665782,0.579264,0.300012,0.014813,0.626174,0.787316,2,,,,2.164770,6.329375,0.254854,395.955716,5.981302,2.091255,0.000000,0.000000,0.000000,0.000000
06097,Sonoma,38.525182,-122.926109,2018,0,0,0.000000,190817284.058439,39.000000,57.000000,250.000000,130.000000,232.000000,8.400000,8.000000,0.052000,6.000000,104674,485040,11.558606,13.091987,0.665782,0.579264,0.300012,0.014813,0.626174,0.787316,2,,,,2.164770,6.329375,0.254854,393.405253,5.974840,2.128232,0.000000,0.000000,0.000000,0.000000
06097,Sonoma,38.525182,-122.926109,2019,0,0,0.000000,179975218.742651,36.000000,52.000000,87.000000,155.000000,202.000000,5.678134,8.000000,,,104674,485040,11.558606,13.091987,0.665782,0.579264,0.300012,0.014813,0.626174,0.787316,2,,,,2.164770,6.329375,0.254854,371.052323,5.916343,1.736623,0.000000,0.000000,0.000000,0.000000
06097,Sonoma,38.525182,-122.926109,2020,0,0,0.000000,166317091.569641,36.000000,57.000000,199.000000,192.000000,166.000000,8.269638,8.000000,0.052000,3.000000,104674,485040,11.558606,13.091987,0.665782,0.579264,0.300012,0.014813,0.626174,0.787316,2,,,,2.164770,6.329375,0.254854,342.893558,5.837420,2.112591,0.000000,0.000000,0.000000,0.000000
06097,Sonoma,38.525182,-122.926109,2021,0,0,0.000000,167185308.171630,37.000000,57.000000,89.000000,203.000000,156.000000,6.971299,8.000000,0.055000,3.000000,104674,485040,11.558606,13.091987,0.665782,0.579264,0.300012,0.014813,0.626174,0.787316,2,,,,2.164770,6.329375,0.254854,344.683548,5.842627,1.941802,0.000000,0.000000,0.000000,0.000000
06097,Sonoma,38.525182,-122.926109,2022,1,0,0.000000,170085927.441784,36.000000,56.000000,82.000000,168.000000,194.000000,6.376149,8.000000,0.050000,3.000000,104674,485040,11.558606,13.091987,0.665782,0.579264,0.300012,0.014813,0.626174,0.787316,2,,,,2.164770,6.329375,0.254854,350.663713,5.859828,1.852564,2.164770,4.686229,0.000000,0.000000
06097,Sonoma,38.525182,-122.926109,2023,1,0,0.000000,167422473.875006,33.000000,51.000000,117.000000,127.000000,236.000000,5.035574,8.000000,0.046000,3.000000,104674,485040,11.558606,13.091987,0.665782,0.579264,0.300012,0.014813,0.626174,0.787316,2,,,,2.164770,6.329375,0.254854,345.172509,5.844044,1.616528,2.164770,4.686229,0.000000,0.000000
06097,Sonoma,38.525182,-122.926109,2024,1,0,0.000000,165703423.768912,19.000000,41.000000,72.000000,197.000000,44.000000,3.398534,8.000000,,,104674,485040,11.558606,13.091987,0.665782,0.579264,0.300012,0.014813,0.626174,0.787316,2,,,,2.164770,6.329375,0.254854,341.628368,5.833724,1.223344,2.164770,4.686229,0.000000,0.000000
06097,Sonoma,38.525182,-122.926109,2025,1,0,0.252055,164651024.108838,9.000000,18.000000,39.000000,0.000000,0.000000,,,,,104674,485040,11.558606,13.091987,0.665782,0.579264,0.300012,0.014813,0.626174,0.787316,2,0.065185,26368.000000,404510.000000,2.164770,6.329375,0.254854,339.458651,5.827352,,2.164770,4.686229,0.000000,0.545641
06099,Stanislaus,37.562316,-121.002831,2010,0,0,0.000000,208406515.433570,58.000000,102.000000,177.000000,187.000000,178.000000,13.144615,8.000000,0.080000,6.000000,81468,553990,11.307966,13.224902,0.793326,0.362523,0.500383,0.025937,0.611826,0.879842,2,,,,0.649831,0.613729,0.514286,376.191836,5.930099,2.576012,0.000000,0.000000,0.000000,0.000000
06099,Stanislaus,37.562316,-121.002831,2011,0,0,0.000000,206918743.574558,67.000000,122.000000,169.000000,211.000000,154.000000,15.960556,16.000000,0.081000,6.000000,81468,553990,11.307966,13.224902,0.793326,0.362523,0.500383,0.025937,0.611826,0.879842,2,,,,0.649831,0.613729,0.514286,373.506279,5.922935,2.770120,0.000000,0.000000,0.000000,0.000000
06099,Stanislaus,37.562316,-121.002831,2012,0,0,0.000000,205055329.009621,64.000000,125.000000,201.000000,192.000000,174.000000,13.317791,16.000000,0.084500,6.000000,81468,553990,11.307966,13.224902,0.793326,0.362523,0.500383,0.025937,0.611826,0.879842,2,,,,0.649831,0.613729,0.514286,370.142654,5.913888,2.589101,0.000000,0.000000,0.000000,0.000000
06099,Stanislaus,37.562316,-121.002831,2013,0,0,0.000000,204994018.005834,64.000000,118.000000,170.000000,172.000000,191.000000,14.657516,16.000000,0.077500,6.000000,81468,553990,11.307966,13.224902,0.793326,0.362523,0.500383,0.025937,0.611826,0.879842,2,,,,0.649831,0.613729,0.514286,370.031983,5.913589,2.684953,0.000000,0.000000,0.000000,0.000000
06099,Stanislaus,37.562316,-121.002831,2014,0,0,0.000000,208234892.566256,60.000000,114.000000,164.000000,152.000000,211.000000,11.875663,16.000000,0.081000,6.000000,81468,553990,11.307966,13.224902,0.793326,0.362523,0.500383,0.025937,0.611826,0.879842,2,,,,0.649831,0.613729,0.514286,375.882042,5.929275,2.474491,0.000000,0.000000,0.000000,0.000000
06099,Stanislaus,37.562316,-121.002831,2015,0,0,0.000000,213334627.079329,62.000000,112.000000,187.000000,194.000000,164.000000,11.615938,16.000000,0.084000,6.000000,81468,553990,11.307966,13.224902,0.793326,0.362523,0.500383,0.025937,0.611826,0.879842,2,,,,0.649831,0.613729,0.514286,385.087505,5.953471,2.452378,0.000000,0.000000,0.000000,0.000000
06099,Stanislaus,37.562316,-121.002831,2016,0,0,0.000000,217723531.854392,59.000000,103.000000,164.000000,202.000000,163.000000,11.922382,16.000000,0.082500,6.000000,81468,553990,11.307966,13.224902,0.793326,0.362523,0.500383,0.025937,0.611826,0.879842,2,,,,0.649831,0.613729,0.514286,393.009859,5.973835,2.478418,0.000000,0.000000,0.000000,0.000000
06099,Stanislaus,37.562316,-121.002831,2017,0,0,0.000000,219355507.250713,61.000000,112.000000,185.000000,150.000000,207.000000,12.860719,16.000000,0.083500,6.000000,81468,553990,11.307966,13.224902,0.793326,0.362523,0.500383,0.025937,0.611826,0.879842,2,,,,0.649831,0.613729,0.514286,395.955716,5.981302,2.554178,0.000000,0.000000,0.000000,0.000000
06099,Stanislaus,37.562316,-121.002831,2018,0,0,0.000000,217942576.273163,59.000000,108.000000,265.000000,206.000000,153.000000,16.280066,16.000000,0.081000,6.000000,81468,553990,11.307966,13.224902,0.793326,0.362523,0.500383,0.025937,0.611826,0.879842,2,,,,0.649831,0.613729,0.514286,393.405253,5.974840,2.789941,0.000000,0.000000,0.000000,0.000000
06099,Stanislaus,37.562316,-121.002831,2019,0,0,0.000000,205559276.412752,52.000000,92.000000,177.000000,147.000000,208.000000,9.149432,16.000000,0.079000,6.000000,81468,553990,11.307966,13.224902,0.793326,0.362523,0.500383,0.025937,0.611826,0.879842,2,,,,0.649831,0.613729,0.514286,371.052323,5.916343,2.213692,0.000000,0.000000,0.000000,0.000000
06099,Stanislaus,37.562316,-121.002831,2020,0,0,0.000000,189959602.421791,60.000000,102.000000,195.000000,182.000000,169.000000,14.742276,48.000000,0.079000,6.000000,81468,553990,11.307966,13.224902,0.793326,0.362523,0.500383,0.025937,0.611826,0.879842,2,,,,0.649831,0.613729,0.514286,342.893558,5.837420,2.690719,0.000000,0.000000,0.000000,0.000000
06099,Stanislaus,37.562316,-121.002831,2021,0,0,0.000000,190951238.813296,61.000000,105.000000,172.000000,225.000000,136.000000,14.005256,16.000000,0.079500,6.000000,81468,553990,11.307966,13.224902,0.793326,0.362523,0.500383,0.025937,0.611826,0.879842,2,,,,0.649831,0.613729,0.514286,344.683548,5.842627,2.639433,0.000000,0.000000,0.000000,0.000000
06099,Stanislaus,37.562316,-121.002831,2022,1,0,0.000000,194264190.465681,57.000000,95.000000,166.000000,218.000000,128.000000,12.210818,16.000000,0.074000,6.000000,81468,553990,11.307966,13.224902,0.793326,0.362523,0.500383,0.025937,0.611826,0.879842,2,,,,0.649831,0.613729,0.514286,350.663713,5.859828,2.502322,0.649831,0.422281,0.000000,0.000000
06099,Stanislaus,37.562316,-121.002831,2023,1,0,0.000000,191222118.386142,54.000000,93.000000,150.000000,161.000000,199.000000,10.378310,16.000000,0.075500,6.000000,81468,553990,11.307966,13.224902,0.793326,0.362523,0.500383,0.025937,0.611826,0.879842,2,,,,0.649831,0.613729,0.514286,345.172509,5.844044,2.339718,0.649831,0.422281,0.000000,0.000000
06099,Stanislaus,37.562316,-121.002831,2024,1,0,0.000000,189258699.764431,53.000000,101.000000,150.000000,136.000000,214.000000,9.213438,16.000000,0.080000,6.000000,81468,553990,11.307966,13.224902,0.793326,0.362523,0.500383,0.025937,0.611826,0.879842,2,,,,0.649831,0.613729,0.514286,341.628368,5.833724,2.220663,0.649831,0.422281,0.000000,0.000000
06099,Stanislaus,37.562316,-121.002831,2025,1,0,0.252055,188056698.099239,45.000000,71.000000,101.000000,64.000000,182.000000,,,,,81468,553990,11.307966,13.224902,0.793326,0.362523,0.500383,0.025937,0.611826,0.879842,2,0.031513,10606.000000,336558.000000,0.649831,0.613729,0.514286,339.458651,5.827352,,0.649831,0.422281,0.000000,0.163793
06101,Sutter,39.036190,-121.703940,2010,0,0,0.000000,37189196.368556,52.000000,71.000000,177.000000,251.000000,110.000000,,,0.067000,6.000000,79704,98857,11.286075,11.501430,0.787907,0.406911,0.329081,0.015912,0.613270,0.893213,3,,,,1.618499,0.202312,0.888889,376.191836,5.930099,,0.000000,0.000000,0.000000,0.000000
06101,Sutter,39.036190,-121.703940,2011,0,0,0.000000,36923710.235835,58.000000,90.000000,152.000000,259.000000,103.000000,,,0.069500,6.000000,79704,98857,11.286075,11.501430,0.787907,0.406911,0.329081,0.015912,0.613270,0.893213,3,,,,1.618499,0.202312,0.888889,373.506279,5.922935,,0.000000,0.000000,0.000000,0.000000
06101,Sutter,39.036190,-121.703940,2012,0,0,0.000000,36591192.367920,53.000000,86.000000,150.000000,159.000000,202.000000,,,0.073000,6.000000,79704,98857,11.286075,11.501430,0.787907,0.406911,0.329081,0.015912,0.613270,0.893213,3,,,,1.618499,0.202312,0.888889,370.142654,5.913888,,0.000000,0.000000,0.000000,0.000000
06101,Sutter,39.036190,-121.703940,2013,0,0,0.000000,36580251.697689,52.000000,84.000000,126.000000,155.000000,206.000000,,,0.065833,6.000000,79704,98857,11.286075,11.501430,0.787907,0.406911,0.329081,0.015912,0.613270,0.893213,3,,,,1.618499,0.202312,0.888889,370.031983,5.913589,,0.000000,0.000000,0.000000,0.000000
06101,Sutter,39.036190,-121.703940,2014,0,0,0.000000,37158571.047171,55.000000,84.000000,156.000000,220.000000,141.000000,,,0.072000,6.000000,79704,98857,11.286075,11.501430,0.787907,0.406911,0.329081,0.015912,0.613270,0.893213,3,,,,1.618499,0.202312,0.888889,375.882042,5.929275,,0.000000,0.000000,0.000000,0.000000
06101,Sutter,39.036190,-121.703940,2015,0,0,0.000000,38068595.514687,54.000000,86.000000,119.000000,182.000000,182.000000,,,0.068000,6.000000,79704,98857,11.286075,11.501430,0.787907,0.406911,0.329081,0.015912,0.613270,0.893213,3,,,,1.618499,0.202312,0.888889,385.087505,5.953471,,0.000000,0.000000,0.000000,0.000000
06101,Sutter,39.036190,-121.703940,2016,0,0,0.000000,38851775.643116,58.000000,97.000000,147.000000,208.000000,158.000000,,,0.071500,6.000000,79704,98857,11.286075,11.501430,0.787907,0.406911,0.329081,0.015912,0.613270,0.893213,3,,,,1.618499,0.202312,0.888889,393.009859,5.973835,,0.000000,0.000000,0.000000,0.000000
06101,Sutter,39.036190,-121.703940,2017,0,0,0.000000,39142994.242286,56.000000,84.000000,130.000000,228.000000,134.000000,,,0.067000,3.000000,79704,98857,11.286075,11.501430,0.787907,0.406911,0.329081,0.015912,0.613270,0.893213,3,,,,1.618499,0.202312,0.888889,395.955716,5.981302,,0.000000,0.000000,0.000000,0.000000
06101,Sutter,39.036190,-121.703940,2018,0,0,0.000000,38890863.125031,58.000000,100.000000,420.000000,263.000000,101.000000,,,0.073917,12.000000,79704,98857,11.286075,11.501430,0.787907,0.406911,0.329081,0.015912,0.613270,0.893213,3,,,,1.618499,0.202312,0.888889,393.405253,5.974840,,0.000000,0.000000,0.000000,0.000000
06101,Sutter,39.036190,-121.703940,2019,0,0,0.000000,36681119.493737,48.000000,71.000000,110.000000,159.000000,200.000000,,,0.063000,6.000000,79704,98857,11.286075,11.501430,0.787907,0.406911,0.329081,0.015912,0.613270,0.893213,3,,,,1.618499,0.202312,0.888889,371.052323,5.916343,,0.000000,0.000000,0.000000,0.000000
06101,Sutter,39.036190,-121.703940,2020,0,0,0.000000,33897428.503422,53.000000,90.000000,356.000000,222.000000,140.000000,,,0.075917,12.000000,79704,98857,11.286075,11.501430,0.787907,0.406911,0.329081,0.015912,0.613270,0.893213,3,,,,1.618499,0.202312,0.888889,342.893558,5.837420,,0.000000,0.000000,0.000000,0.000000
06101,Sutter,39.036190,-121.703940,2021,0,0,0.000000,34074381.514767,59.000000,90.000000,175.000000,268.000000,95.000000,14.147100,24.000000,0.074500,6.000000,79704,98857,11.286075,11.501430,0.787907,0.406911,0.329081,0.015912,0.613270,0.893213,3,,,,1.618499,0.202312,0.888889,344.683548,5.842627,2.649510,0.000000,0.000000,0.000000,0.000000
06101,Sutter,39.036190,-121.703940,2022,1,0,0.000000,34665562.694030,52.000000,81.000000,119.000000,186.000000,178.000000,10.041044,16.000000,0.063500,6.000000,79704,98857,11.286075,11.501430,0.787907,0.406911,0.329081,0.015912,0.613270,0.893213,3,,,,1.618499,0.202312,0.888889,350.663713,5.859828,2.306681,1.618499,2.619540,0.000000,0.000000
06101,Sutter,39.036190,-121.703940,2023,1,0,0.000000,34122718.744560,49.000000,69.000000,105.000000,149.000000,214.000000,8.442737,16.000000,0.064333,6.000000,79704,98857,11.286075,11.501430,0.787907,0.406911,0.329081,0.015912,0.613270,0.893213,3,,,,1.618499,0.202312,0.888889,345.172509,5.844044,2.133307,1.618499,2.619540,0.000000,0.000000
06101,Sutter,39.036190,-121.703940,2024,1,0,0.000000,33772355.606802,49.000000,80.000000,115.000000,146.000000,220.000000,7.752956,16.000000,0.066000,6.000000,79704,98857,11.286075,11.501430,0.787907,0.406911,0.329081,0.015912,0.613270,0.893213,3,,,,1.618499,0.202312,0.888889,341.628368,5.833724,2.048074,1.618499,2.619540,0.000000,0.000000
06101,Sutter,39.036190,-121.703940,2025,1,0,0.252055,33557863.867573,48.000000,67.000000,100.000000,86.000000,126.000000,,,,,79704,98857,11.286075,11.501430,0.787907,0.406911,0.329081,0.015912,0.613270,0.893213,3,0.026370,1549.000000,58742.000000,1.618499,0.202312,0.888889,339.458651,5.827352,,1.618499,2.619540,0.000000,0.407951
06103,Tehama,40.126157,-122.232274,2010,0,0,0.000000,24515293.401071,55.000000,90.000000,136.000000,191.000000,174.000000,,,0.076500,6.000000,63784,65167,11.063258,11.084708,0.861546,0.614068,0.290653,0.008148,0.671293,0.865477,4,,,,2.915586,6.291528,0.316667,376.191836,5.930099,,0.000000,0.000000,0.000000,0.000000
06103,Tehama,40.126157,-122.232274,2011,0,0,0.000000,24340283.691986,55.000000,84.000000,122.000000,202.000000,162.000000,,,0.072000,6.000000,63784,65167,11.063258,11.084708,0.861546,0.614068,0.290653,0.008148,0.671293,0.865477,4,,,,2.915586,6.291528,0.316667,373.506279,5.922935,,0.000000,0.000000,0.000000,0.000000
06103,Tehama,40.126157,-122.232274,2012,0,0,0.000000,24121086.347353,51.000000,93.000000,150.000000,123.000000,243.000000,,,0.076000,6.000000,63784,65167,11.063258,11.084708,0.861546,0.614068,0.290653,0.008148,0.671293,0.865477,4,,,,2.915586,6.291528,0.316667,370.142654,5.913888,,0.000000,0.000000,0.000000,0.000000
06103,Tehama,40.126157,-122.232274,2013,0,0,0.000000,24113874.206008,44.000000,76.000000,136.000000,82.000000,282.000000,,,0.072000,6.000000,63784,65167,11.063258,11.084708,0.861546,0.614068,0.290653,0.008148,0.671293,0.865477,4,,,,2.915586,6.291528,0.316667,370.031983,5.913589,,0.000000,0.000000,0.000000,0.000000
06103,Tehama,40.126157,-122.232274,2014,0,0,0.000000,24495105.044974,45.000000,80.000000,151.000000,43.000000,320.000000,,,0.072000,6.000000,63784,65167,11.063258,11.084708,0.861546,0.614068,0.290653,0.008148,0.671293,0.865477,4,,,,2.915586,6.291528,0.316667,375.882042,5.929275,,0.000000,0.000000,0.000000,0.000000
06103,Tehama,40.126157,-122.232274,2015,0,0,0.000000,25094997.460024,47.000000,87.000000,154.000000,59.000000,304.000000,,,0.069500,6.000000,63784,65167,11.063258,11.084708,0.861546,0.614068,0.290653,0.008148,0.671293,0.865477,4,,,,2.915586,6.291528,0.316667,385.087505,5.953471,,0.000000,0.000000,0.000000,0.000000
06103,Tehama,40.126157,-122.232274,2016,0,0,0.000000,25611273.489332,45.000000,108.000000,174.000000,58.000000,307.000000,4.715956,24.000000,0.078500,6.000000,63784,65167,11.063258,11.084708,0.861546,0.614068,0.290653,0.008148,0.671293,0.865477,4,,,,2.915586,6.291528,0.316667,393.009859,5.973835,1.550952,0.000000,0.000000,0.000000,0.000000
06103,Tehama,40.126157,-122.232274,2017,0,0,0.000000,25803246.161496,42.000000,77.000000,172.000000,88.000000,277.000000,6.943378,24.000000,0.071333,9.000000,63784,65167,11.063258,11.084708,0.861546,0.614068,0.290653,0.008148,0.671293,0.865477,4,,,,2.915586,6.291528,0.316667,395.955716,5.981302,1.937788,0.000000,0.000000,0.000000,0.000000
06103,Tehama,40.126157,-122.232274,2018,0,0,0.000000,25637040.141507,48.000000,96.000000,206.000000,141.000000,224.000000,10.581267,8.000000,0.077250,12.000000,63784,65167,11.063258,11.084708,0.861546,0.614068,0.290653,0.008148,0.671293,0.865477,4,,,,2.915586,6.291528,0.316667,393.405253,5.974840,2.359085,0.000000,0.000000,0.000000,0.000000
06103,Tehama,40.126157,-122.232274,2019,0,0,0.000000,24180366.732233,43.000000,64.000000,93.000000,66.000000,299.000000,5.429462,8.000000,0.065500,6.000000,63784,65167,11.063258,11.084708,0.861546,0.614068,0.290653,0.008148,0.671293,0.865477,4,,,,2.915586,6.291528,0.316667,371.052323,5.916343,1.691840,0.000000,0.000000,0.000000,0.000000
06103,Tehama,40.126157,-122.232274,2020,0,0,0.000000,22345344.520697,46.000000,94.000000,218.000000,152.000000,214.000000,13.332857,8.000000,0.068500,6.000000,63784,65167,11.063258,11.084708,0.861546,0.614068,0.290653,0.008148,0.671293,0.865477,4,,,,2.915586,6.291528,0.316667,342.893558,5.837420,2.590231,0.000000,0.000000,0.000000,0.000000
06103,Tehama,40.126157,-122.232274,2021,0,0,0.000000,22461992.779195,47.000000,100.000000,193.000000,109.000000,256.000000,10.973699,8.000000,0.076000,6.000000,63784,65167,11.063258,11.084708,0.861546,0.614068,0.290653,0.008148,0.671293,0.865477,4,,,,2.915586,6.291528,0.316667,344.683548,5.842627,2.395501,0.000000,0.000000,0.000000,0.000000
06103,Tehama,40.126157,-122.232274,2022,1,0,0.000000,22851702.196930,44.000000,74.000000,108.000000,84.000000,281.000000,5.871182,8.000000,0.067667,6.000000,63784,65167,11.063258,11.084708,0.861546,0.614068,0.290653,0.008148,0.671293,0.865477,4,,,,2.915586,6.291528,0.316667,350.663713,5.859828,1.770056,2.915586,8.500642,0.000000,0.000000
06103,Tehama,40.126157,-122.232274,2023,1,0,0.000000,22493856.908734,44.000000,67.000000,136.000000,77.000000,285.000000,6.108611,8.000000,0.066000,6.000000,63784,65167,11.063258,11.084708,0.861546,0.614068,0.290653,0.008148,0.671293,0.865477,4,,,,2.915586,6.291528,0.316667,345.172509,5.844044,1.809699,2.915586,8.500642,0.000000,0.000000
06103,Tehama,40.126157,-122.232274,2024,1,0,0.000000,22262895.878172,43.000000,71.000000,109.000000,85.000000,280.000000,5.934294,8.000000,0.060500,6.000000,63784,65167,11.063258,11.084708,0.861546,0.614068,0.290653,0.008148,0.671293,0.865477,4,,,,2.915586,6.291528,0.316667,341.628368,5.833724,1.780748,2.915586,8.500642,0.000000,0.000000
06103,Tehama,40.126157,-122.232274,2025,1,0,0.252055,22121501.913452,36.000000,54.000000,90.000000,109.000000,97.000000,,,,,63784,65167,11.063258,11.084708,0.861546,0.614068,0.290653,0.008148,0.671293,0.865477,4,0.012092,431.000000,35643.000000,2.915586,6.291528,0.316667,339.458651,5.827352,,2.915586,8.500642,0.000000,0.734887
06105,Trinity,40.647858,-123.114666,2010,0,0,0.000000,5966402.524913,11.000000,26.000000,46.000000,86.000000,0.000000,,,,,53002,15860,10.878085,9.671555,0.882184,0.773897,0.061349,0.010908,0.717278,0.725600,8,,,,0.000000,2.522068,0.000000,376.191836,5.930099,,0.000000,0.000000,0.000000,0.000000
06105,Trinity,40.647858,-123.114666,2011,0,0,0.000000,5923809.586983,34.000000,113.000000,160.000000,187.000000,0.000000,,,,,53002,15860,10.878085,9.671555,0.882184,0.773897,0.061349,0.010908,0.717278,0.725600,8,,,,0.000000,2.522068,0.000000,373.506279,5.922935,,0.000000,0.000000,0.000000,0.000000
06105,Trinity,40.647858,-123.114666,2012,0,0,0.000000,5870462.495880,54.000000,101.000000,243.000000,343.000000,0.000000,16.627614,8.000000,,,53002,15860,10.878085,9.671555,0.882184,0.773897,0.061349,0.010908,0.717278,0.725600,8,,,,0.000000,2.522068,0.000000,370.142654,5.913888,2.811065,0.000000,0.000000,0.000000,0.000000
06105,Trinity,40.647858,-123.114666,2013,0,0,0.000000,5868707.243041,34.000000,97.000000,143.000000,203.000000,0.000000,,,,,53002,15860,10.878085,9.671555,0.882184,0.773897,0.061349,0.010908,0.717278,0.725600,8,,,,0.000000,2.522068,0.000000,370.031983,5.913589,,0.000000,0.000000,0.000000,0.000000
06105,Trinity,40.647858,-123.114666,2014,0,0,0.000000,5961489.189518,12.000000,44.000000,90.000000,112.000000,0.000000,,,,,53002,15860,10.878085,9.671555,0.882184,0.773897,0.061349,0.010908,0.717278,0.725600,8,,,,0.000000,2.522068,0.000000,375.882042,5.929275,,0.000000,0.000000,0.000000,0.000000
06105,Trinity,40.647858,-123.114666,2015,0,0,0.000000,6107487.834579,12.000000,29.000000,56.000000,68.000000,0.000000,,,,,53002,15860,10.878085,9.671555,0.882184,0.773897,0.061349,0.010908,0.717278,0.725600,8,,,,0.000000,2.522068,0.000000,385.087505,5.953471,,0.000000,0.000000,0.000000,0.000000
06105,Trinity,40.647858,-123.114666,2016,0,0,0.000000,6233136.365658,51.000000,73.000000,97.000000,167.000000,0.000000,,,,,53002,15860,10.878085,9.671555,0.882184,0.773897,0.061349,0.010908,0.717278,0.725600,8,,,,0.000000,2.522068,0.000000,393.009859,5.973835,,0.000000,0.000000,0.000000,0.000000
06105,Trinity,40.647858,-123.114666,2017,0,0,0.000000,6279857.659879,57.000000,91.000000,844.000000,203.000000,0.000000,,,,,53002,15860,10.878085,9.671555,0.882184,0.773897,0.061349,0.010908,0.717278,0.725600,8,,,,0.000000,2.522068,0.000000,395.955716,5.981302,,0.000000,0.000000,0.000000,0.000000
06105,Trinity,40.647858,-123.114666,2018,0,0,0.000000,6239407.317266,54.000000,82.000000,209.000000,291.000000,0.000000,,,,,53002,15860,10.878085,9.671555,0.882184,0.773897,0.061349,0.010908,0.717278,0.725600,8,,,,0.000000,2.522068,0.000000,393.405253,5.974840,,0.000000,0.000000,0.000000,0.000000
06105,Trinity,40.647858,-123.114666,2019,0,0,0.000000,5884889.842608,23.000000,56.000000,113.000000,269.000000,0.000000,,,,,53002,15860,10.878085,9.671555,0.882184,0.773897,0.061349,0.010908,0.717278,0.725600,8,,,,0.000000,2.522068,0.000000,371.052323,5.916343,,0.000000,0.000000,0.000000,0.000000
06105,Trinity,40.647858,-123.114666,2020,0,0,0.000000,5438291.836332,36.000000,81.000000,211.000000,343.000000,0.000000,,,,,53002,15860,10.878085,9.671555,0.882184,0.773897,0.061349,0.010908,0.717278,0.725600,8,,,,0.000000,2.522068,0.000000,342.893558,5.837420,,0.000000,0.000000,0.000000,0.000000
06105,Trinity,40.647858,-123.114666,2021,0,0,0.000000,5466681.072905,38.000000,168.000000,1217.000000,328.000000,0.000000,,,,,53002,15860,10.878085,9.671555,0.882184,0.773897,0.061349,0.010908,0.717278,0.725600,8,,,,0.000000,2.522068,0.000000,344.683548,5.842627,,0.000000,0.000000,0.000000,0.000000
06105,Trinity,40.647858,-123.114666,2022,1,0,0.000000,5561526.491066,34.000000,72.000000,342.000000,353.000000,0.000000,,,,,53002,15860,10.878085,9.671555,0.882184,0.773897,0.061349,0.010908,0.717278,0.725600,8,,,,0.000000,2.522068,0.000000,350.663713,5.859828,,0.000000,0.000000,0.000000,0.000000
06105,Trinity,40.647858,-123.114666,2023,1,0,0.000000,5474435.996325,31.000000,65.000000,174.000000,311.000000,0.000000,,,,,53002,15860,10.878085,9.671555,0.882184,0.773897,0.061349,0.010908,0.717278,0.725600,8,,,,0.000000,2.522068,0.000000,345.172509,5.844044,,0.000000,0.000000,0.000000,0.000000
06105,Trinity,40.647858,-123.114666,2024,1,0,0.000000,5418225.921522,31.000000,62.000000,113.000000,357.000000,0.000000,,,,,53002,15860,10.878085,9.671555,0.882184,0.773897,0.061349,0.010908,0.717278,0.725600,8,,,,0.000000,2.522068,0.000000,341.628368,5.833724,,0.000000,0.000000,0.000000,0.000000
06105,Trinity,40.647858,-123.114666,2025,1,0,0.252055,5383814.205769,33.000000,66.000000,83.000000,152.000000,0.000000,,,,,53002,15860,10.878085,9.671555,0.882184,0.773897,0.061349,0.010908,0.717278,0.725600,8,0.012786,80.000000,6257.000000,0.000000,2.522068,0.000000,339.458651,5.827352,,0.000000,0.000000,0.000000,0.000000
06107,Tulare,36.228834,-118.781055,2010,0,0,0.000000,180080398.730017,72.000000,150.000000,197.000000,171.000000,193.000000,,,0.089500,12.000000,71300,478693,11.174652,13.078815,0.839380,0.254541,0.666348,0.013073,0.584525,0.909120,2,,,,0.584926,0.438695,0.571429,376.191836,5.930099,,0.000000,0.000000,0.000000,0.000000
06107,Tulare,36.228834,-118.781055,2011,0,0,0.000000,178794841.274998,84.000000,159.000000,195.000000,182.000000,183.000000,,,0.087000,12.000000,71300,478693,11.174652,13.078815,0.839380,0.254541,0.666348,0.013073,0.584525,0.909120,2,,,,0.584926,0.438695,0.571429,373.506279,5.922935,,0.000000,0.000000,0.000000,0.000000
06107,Tulare,36.228834,-118.781055,2012,0,0,0.000000,177184697.575051,81.000000,151.000000,195.000000,147.000000,218.000000,,,0.089500,12.000000,71300,478693,11.174652,13.078815,0.839380,0.254541,0.666348,0.013073,0.584525,0.909120,2,,,,0.584926,0.438695,0.571429,370.142654,5.913888,,0.000000,0.000000,0.000000,0.000000
06107,Tulare,36.228834,-118.781055,2013,0,0,0.000000,177131719.816724,84.000000,143.000000,201.000000,165.000000,200.000000,,,0.083750,12.000000,71300,478693,11.174652,13.078815,0.839380,0.254541,0.666348,0.013073,0.584525,0.909120,2,,,,0.584926,0.438695,0.571429,370.031983,5.913589,,0.000000,0.000000,0.000000,0.000000
06107,Tulare,36.228834,-118.781055,2014,0,0,0.000000,179932102.433652,84.000000,145.000000,172.000000,165.000000,199.000000,,,0.081167,12.000000,71300,478693,11.174652,13.078815,0.839380,0.254541,0.666348,0.013073,0.584525,0.909120,2,,,,0.584926,0.438695,0.571429,375.882042,5.929275,,0.000000,0.000000,0.000000,0.000000
06107,Tulare,36.228834,-118.781055,2015,0,0,0.000000,184338693.190283,80.000000,143.000000,176.000000,171.000000,191.000000,,,0.086000,12.000000,71300,478693,11.174652,13.078815,0.839380,0.254541,0.666348,0.013073,0.584525,0.909120,2,,,,0.584926,0.438695,0.571429,385.087505,5.953471,,0.000000,0.000000,0.000000,0.000000
06107,Tulare,36.228834,-118.781055,2016,0,0,0.000000,188131068.492165,77.000000,145.000000,177.000000,164.000000,199.000000,,,0.086500,12.000000,71300,478693,11.174652,13.078815,0.839380,0.254541,0.666348,0.013073,0.584525,0.909120,2,,,,0.584926,0.438695,0.571429,393.009859,5.973835,,0.000000,0.000000,0.000000,0.000000
06107,Tulare,36.228834,-118.781055,2017,0,0,0.000000,189541229.683506,81.000000,147.000000,174.000000,147.000000,211.000000,,,0.085750,12.000000,71300,478693,11.174652,13.078815,0.839380,0.254541,0.666348,0.013073,0.584525,0.909120,2,,,,0.584926,0.438695,0.571429,395.955716,5.981302,,0.000000,0.000000,0.000000,0.000000
06107,Tulare,36.228834,-118.781055,2018,0,0,0.000000,188320340.915773,79.000000,140.000000,180.000000,152.000000,207.000000,,,0.086500,12.000000,71300,478693,11.174652,13.078815,0.839380,0.254541,0.666348,0.013073,0.584525,0.909120,2,,,,0.584926,0.438695,0.571429,393.405253,5.974840,,0.000000,0.000000,0.000000,0.000000
06107,Tulare,36.228834,-118.781055,2019,0,0,0.000000,177620149.648639,67.000000,122.000000,280.000000,136.000000,210.000000,,,0.076250,12.000000,71300,478693,11.174652,13.078815,0.839380,0.254541,0.666348,0.013073,0.584525,0.909120,2,,,,0.584926,0.438695,0.571429,371.052323,5.916343,,0.000000,0.000000,0.000000,0.000000
06107,Tulare,36.228834,-118.781055,2020,0,0,0.000000,164140746.154433,80.000000,145.000000,225.000000,190.000000,164.000000,,,0.089250,12.000000,71300,478693,11.174652,13.078815,0.839380,0.254541,0.666348,0.013073,0.584525,0.909120,2,,,,0.584926,0.438695,0.571429,342.893558,5.837420,,0.000000,0.000000,0.000000,0.000000
06107,Tulare,36.228834,-118.781055,2021,0,0,0.000000,164997601.691823,81.000000,154.000000,961.000000,187.000000,173.000000,17.856648,32.000000,0.091250,12.000000,71300,478693,11.174652,13.078815,0.839380,0.254541,0.666348,0.013073,0.584525,0.909120,2,,,,0.584926,0.438695,0.571429,344.683548,5.842627,2.882376,0.000000,0.000000,0.000000,0.000000
06107,Tulare,36.228834,-118.781055,2022,1,0,0.000000,167860264.854218,77.000000,129.000000,182.000000,158.000000,192.000000,10.554257,16.000000,0.084000,12.000000,71300,478693,11.174652,13.078815,0.839380,0.254541,0.666348,0.013073,0.584525,0.909120,2,,,,0.584926,0.438695,0.571429,350.663713,5.859828,2.356529,0.584926,0.342138,0.000000,0.000000
06107,Tulare,36.228834,-118.781055,2023,1,0,0.000000,165231663.958948,69.000000,126.000000,242.000000,154.000000,206.000000,10.872563,16.000000,0.083000,12.000000,71300,478693,11.174652,13.078815,0.839380,0.254541,0.666348,0.013073,0.584525,0.909120,2,,,,0.584926,0.438695,0.571429,345.172509,5.844044,2.386242,0.584926,0.342138,0.000000,0.000000
06107,Tulare,36.228834,-118.781055,2024,1,0,0.000000,163535108.515198,71.000000,147.000000,185.000000,144.000000,213.000000,9.610771,16.000000,0.089000,9.000000,71300,478693,11.174652,13.078815,0.839380,0.254541,0.666348,0.013073,0.584525,0.909120,2,,,,0.584926,0.438695,0.571429,341.628368,5.833724,2.262884,0.584926,0.342138,0.000000,0.000000
06107,Tulare,36.228834,-118.781055,2025,1,0,0.252055,162496480.050577,59.000000,105.000000,140.000000,93.000000,138.000000,,,,,71300,478693,11.174652,13.078815,0.839380,0.254541,0.666348,0.013073,0.584525,0.909120,2,0.021281,6247.000000,293543.000000,0.584926,0.438695,0.571429,339.458651,5.827352,,0.584926,0.342138,0.000000,0.147433
06109,Tuolumne,38.021434,-119.964733,2010,0,0,0.000000,20501702.698783,41.000000,80.000000,147.000000,0.000000,365.000000,,,0.072000,3.000000,77404,54498,11.256794,10.905919,0.804099,0.779607,0.135748,0.017817,0.739136,0.836629,4,,,,1.834930,4.954310,0.270270,376.191836,5.930099,,0.000000,0.000000,0.000000,0.000000
06109,Tuolumne,38.021434,-119.964733,2011,0,0,0.000000,20355345.199961,41.000000,84.000000,126.000000,0.000000,355.000000,,,0.074000,3.000000,77404,54498,11.256794,10.905919,0.804099,0.779607,0.135748,0.017817,0.739136,0.836629,4,,,,1.834930,4.954310,0.270270,373.506279,5.922935,,0.000000,0.000000,0.000000,0.000000
06109,Tuolumne,38.021434,-119.964733,2012,0,0,0.000000,20172034.369513,42.000000,87.000000,136.000000,0.000000,364.000000,,,0.075000,3.000000,77404,54498,11.256794,10.905919,0.804099,0.779607,0.135748,0.017817,0.739136,0.836629,4,,,,1.834930,4.954310,0.270270,370.142654,5.913888,,0.000000,0.000000,0.000000,0.000000
06109,Tuolumne,38.021434,-119.964733,2013,0,0,0.000000,20166002.984317,43.000000,64.000000,119.000000,0.000000,364.000000,,,0.070000,3.000000,77404,54498,11.256794,10.905919,0.804099,0.779607,0.135748,0.017817,0.739136,0.836629,4,,,,1.834930,4.954310,0.270270,370.031983,5.913589,,0.000000,0.000000,0.000000,0.000000
06109,Tuolumne,38.021434,-119.964733,2014,0,0,0.000000,20484819.536591,46.000000,87.000000,133.000000,0.000000,334.000000,,,0.075000,3.000000,77404,54498,11.256794,10.905919,0.804099,0.779607,0.135748,0.017817,0.739136,0.836629,4,,,,1.834930,4.954310,0.270270,375.882042,5.929275,,0.000000,0.000000,0.000000,0.000000
06109,Tuolumne,38.021434,-119.964733,2015,0,0,0.000000,20986498.865628,43.000000,77.000000,126.000000,0.000000,364.000000,,,0.076000,3.000000,77404,54498,11.256794,10.905919,0.804099,0.779607,0.135748,0.017817,0.739136,0.836629,4,,,,1.834930,4.954310,0.270270,385.087505,5.953471,,0.000000,0.000000,0.000000,0.000000
06109,Tuolumne,38.021434,-119.964733,2016,0,0,0.000000,21418251.302371,44.000000,108.000000,164.000000,0.000000,354.000000,,,0.088000,3.000000,77404,54498,11.256794,10.905919,0.804099,0.779607,0.135748,0.017817,0.739136,0.836629,4,,,,1.834930,4.954310,0.270270,393.009859,5.973835,,0.000000,0.000000,0.000000,0.000000
06109,Tuolumne,38.021434,-119.964733,2017,0,0,0.000000,21578794.624721,44.000000,93.000000,143.000000,0.000000,362.000000,,,0.077000,3.000000,77404,54498,11.256794,10.905919,0.804099,0.779607,0.135748,0.017817,0.739136,0.836629,4,,,,1.834930,4.954310,0.270270,395.955716,5.981302,,0.000000,0.000000,0.000000,0.000000
06109,Tuolumne,38.021434,-119.964733,2018,0,0,0.000000,21439799.494097,43.000000,80.000000,154.000000,0.000000,348.000000,,,0.079556,9.000000,77404,54498,11.256794,10.905919,0.804099,0.779607,0.135748,0.017817,0.739136,0.836629,4,,,,1.834930,4.954310,0.270270,393.405253,5.974840,,0.000000,0.000000,0.000000,0.000000
06109,Tuolumne,38.021434,-119.964733,2019,0,0,0.000000,20221609.498262,43.000000,67.000000,108.000000,0.000000,358.000000,,,0.068333,3.000000,77404,54498,11.256794,10.905919,0.804099,0.779607,0.135748,0.017817,0.739136,0.836629,4,,,,1.834930,4.954310,0.270270,371.052323,5.916343,,0.000000,0.000000,0.000000,0.000000
06109,Tuolumne,38.021434,-119.964733,2020,0,0,0.000000,18687013.146055,41.000000,64.000000,143.000000,0.000000,353.000000,,,0.074778,9.000000,77404,54498,11.256794,10.905919,0.804099,0.779607,0.135748,0.017817,0.739136,0.836629,4,,,,1.834930,4.954310,0.270270,342.893558,5.837420,,0.000000,0.000000,0.000000,0.000000
06109,Tuolumne,38.021434,-119.964733,2021,0,0,0.000000,18784564.004489,41.000000,61.000000,136.000000,0.000000,360.000000,,,0.068000,3.000000,77404,54498,11.256794,10.905919,0.804099,0.779607,0.135748,0.017817,0.739136,0.836629,4,,,,1.834930,4.954310,0.270270,344.683548,5.842627,,0.000000,0.000000,0.000000,0.000000
06109,Tuolumne,38.021434,-119.964733,2022,1,0,0.000000,19110471.040991,39.000000,48.000000,108.000000,0.000000,250.000000,,,,,77404,54498,11.256794,10.905919,0.804099,0.779607,0.135748,0.017817,0.739136,0.836629,4,,,,1.834930,4.954310,0.270270,350.663713,5.859828,,1.834930,3.366967,0.000000,0.000000
06109,Tuolumne,38.021434,-119.964733,2023,1,0,0.000000,18811211.407802,43.000000,61.000000,112.000000,0.000000,290.000000,,,0.067000,3.000000,77404,54498,11.256794,10.905919,0.804099,0.779607,0.135748,0.017817,0.739136,0.836629,4,,,,1.834930,4.954310,0.270270,345.172509,5.844044,,1.834930,3.366967,0.000000,0.000000
06109,Tuolumne,38.021434,-119.964733,2024,1,0,0.000000,18618062.816589,40.000000,67.000000,115.000000,0.000000,354.000000,,,0.071000,3.000000,77404,54498,11.256794,10.905919,0.804099,0.779607,0.135748,0.017817,0.739136,0.836629,4,,,,1.834930,4.954310,0.270270,341.628368,5.833724,,1.834930,3.366967,0.000000,0.000000
06109,Tuolumne,38.021434,-119.964733,2025,1,0,0.252055,18499817.565321,40.000000,58.000000,87.000000,0.000000,210.000000,,,,,77404,54498,11.256794,10.905919,0.804099,0.779607,0.135748,0.017817,0.739136,0.836629,4,0.018839,891.000000,47295.000000,1.834930,4.954310,0.270270,339.458651,5.827352,,1.834930,3.366967,0.000000,0.462503
06111,Ventura,34.358748,-119.133145,2010,0,0,0.000000,315049001.017413,48.000000,87.000000,161.000000,57.000000,298.000000,,,0.074000,15.000000,109797,837469,11.606388,13.638140,0.647938,0.419488,0.443430,0.016520,0.645738,0.804548,2,,,,1.409007,2.710548,0.342029,376.191836,5.930099,,0.000000,0.000000,0.000000,0.000000
06111,Ventura,34.358748,-119.133145,2011,0,0,0.000000,312799930.075709,48.000000,84.000000,151.000000,47.000000,312.000000,,,0.073933,15.000000,109797,837469,11.606388,13.638140,0.647938,0.419488,0.443430,0.016520,0.645738,0.804548,2,,,,1.409007,2.710548,0.342029,373.506279,5.922935,,0.000000,0.000000,0.000000,0.000000
06111,Ventura,34.358748,-119.133145,2012,0,0,0.000000,309982998.484373,58.000000,97.000000,154.000000,170.000000,193.000000,9.422759,32.000000,0.071200,15.000000,109797,837469,11.606388,13.638140,0.647938,0.419488,0.443430,0.016520,0.645738,0.804548,2,,,,1.409007,2.710548,0.342029,370.142654,5.913888,2.243128,0.000000,0.000000,0.000000,0.000000
06111,Ventura,34.358748,-119.133145,2013,0,0,0.000000,309890314.383523,55.000000,77.000000,159.000000,197.000000,160.000000,8.598171,32.000000,0.069857,21.000000,109797,837469,11.606388,13.638140,0.647938,0.419488,0.443430,0.016520,0.645738,0.804548,2,,,,1.409007,2.710548,0.342029,370.031983,5.913589,2.151550,0.000000,0.000000,0.000000,0.000000
06111,Ventura,34.358748,-119.133145,2014,0,0,0.000000,314789558.011101,58.000000,87.000000,150.000000,186.000000,174.000000,8.934712,48.000000,0.075600,15.000000,109797,837469,11.606388,13.638140,0.647938,0.419488,0.443430,0.016520,0.645738,0.804548,2,,,,1.409007,2.710548,0.342029,375.882042,5.929275,2.189944,0.000000,0.000000,0.000000,0.000000
06111,Ventura,34.358748,-119.133145,2015,0,0,0.000000,322498848.003571,56.000000,85.000000,126.000000,198.000000,162.000000,8.303893,48.000000,0.068800,15.000000,109797,837469,11.606388,13.638140,0.647938,0.419488,0.443430,0.016520,0.645738,0.804548,2,,,,1.409007,2.710548,0.342029,385.087505,5.953471,2.116724,0.000000,0.000000,0.000000,0.000000
06111,Ventura,34.358748,-119.133145,2016,0,0,0.000000,329133573.708128,56.000000,84.000000,147.000000,224.000000,138.000000,8.743767,48.000000,0.070600,15.000000,109797,837469,11.606388,13.638140,0.647938,0.419488,0.443430,0.016520,0.645738,0.804548,2,,,,1.409007,2.710548,0.342029,393.009859,5.973835,2.168341,0.000000,0.000000,0.000000,0.000000
06111,Ventura,34.358748,-119.133145,2017,0,0,0.000000,331600637.740298,57.000000,100.000000,961.000000,182.000000,176.000000,9.676777,80.000000,0.073600,15.000000,109797,837469,11.606388,13.638140,0.647938,0.419488,0.443430,0.016520,0.645738,0.804548,2,,,,1.409007,2.710548,0.342029,395.955716,5.981302,2.269729,0.000000,0.000000,0.000000,0.000000
06111,Ventura,34.358748,-119.133145,2018,0,0,0.000000,329464704.072112,57.000000,88.000000,166.000000,238.000000,116.000000,9.065363,48.000000,0.066200,15.000000,109797,837469,11.606388,13.638140,0.647938,0.419488,0.443430,0.016520,0.645738,0.804548,2,,,,1.409007,2.710548,0.342029,393.405253,5.974840,2.204461,0.000000,0.000000,0.000000,0.000000
06111,Ventura,34.358748,-119.133145,2019,0,0,0.000000,310744817.881390,51.000000,77.000000,126.000000,127.000000,226.000000,6.647828,48.000000,0.066600,15.000000,109797,837469,11.606388,13.638140,0.647938,0.419488,0.443430,0.016520,0.645738,0.804548,2,,,,1.409007,2.710548,0.342029,371.052323,5.916343,1.894290,0.000000,0.000000,0.000000,0.000000
06111,Ventura,34.358748,-119.133145,2020,0,0,0.000000,287162725.465396,50.000000,90.000000,174.000000,119.000000,239.000000,7.355277,48.000000,0.077000,21.000000,109797,837469,11.606388,13.638140,0.647938,0.419488,0.443430,0.016520,0.645738,0.804548,2,,,,1.409007,2.710548,0.342029,342.893558,5.837420,1.995418,0.000000,0.000000,0.000000,0.000000
06111,Ventura,34.358748,-119.133145,2021,0,0,0.000000,288661786.345841,53.000000,80.000000,122.000000,140.000000,214.000000,7.355322,48.000000,0.065800,15.000000,109797,837469,11.606388,13.638140,0.647938,0.419488,0.443430,0.016520,0.645738,0.804548,2,,,,1.409007,2.710548,0.342029,344.683548,5.842627,1.995424,0.000000,0.000000,0.000000,0.000000
06111,Ventura,34.358748,-119.133145,2022,1,0,0.000000,293669989.214793,52.000000,80.000000,140.000000,122.000000,242.000000,6.848426,48.000000,0.069600,15.000000,109797,837469,11.606388,13.638140,0.647938,0.419488,0.443430,0.016520,0.645738,0.804548,2,,,,1.409007,2.710548,0.342029,350.663713,5.859828,1.924019,1.409007,1.985302,0.000000,0.000000
06111,Ventura,34.358748,-119.133145,2023,1,0,0.000000,289071276.129035,46.000000,80.000000,136.000000,121.000000,239.000000,5.866116,48.000000,0.065800,15.000000,109797,837469,11.606388,13.638140,0.647938,0.419488,0.443430,0.016520,0.645738,0.804548,2,,,,1.409007,2.710548,0.342029,345.172509,5.844044,1.769193,1.409007,1.985302,0.000000,0.000000
06111,Ventura,34.358748,-119.133145,2024,1,0,0.000000,286103167.986819,50.000000,84.000000,176.000000,116.000000,247.000000,5.964685,64.000000,0.065400,15.000000,109797,837469,11.606388,13.638140,0.647938,0.419488,0.443430,0.016520,0.645738,0.804548,2,,,,1.409007,2.710548,0.342029,341.628368,5.833724,1.785856,1.409007,1.985302,0.000000,0.000000
06111,Ventura,34.358748,-119.133145,2025,1,0,0.252055,284286097.042315,50.000000,71.000000,131.000000,107.000000,160.000000,,,,,109797,837469,11.606388,13.638140,0.647938,0.419488,0.443430,0.016520,0.645738,0.804548,2,0.067629,45280.000000,669532.000000,1.409007,2.710548,0.342029,339.458651,5.827352,,1.409007,1.985302,0.000000,0.355147
06113,Yolo,38.679609,-121.902750,2010,0,0,0.000000,82974376.198289,41.000000,61.000000,109.000000,124.000000,228.000000,,,0.067500,6.000000,91752,220564,11.426845,12.303943,0.714420,0.417842,0.333549,0.024134,0.542905,0.693093,1,,,,1.949548,4.533831,0.300699,376.191836,5.930099,,0.000000,0.000000,0.000000,0.000000
06113,Yolo,38.679609,-121.902750,2011,0,0,0.000000,82382038.949762,56.000000,77.000000,140.000000,247.000000,115.000000,,,0.069000,6.000000,91752,220564,11.426845,12.303943,0.714420,0.417842,0.333549,0.024134,0.542905,0.693093,1,,,,1.949548,4.533831,0.300699,373.506279,5.922935,,0.000000,0.000000,0.000000,0.000000
06113,Yolo,38.679609,-121.902750,2012,0,0,0.000000,81640144.384696,49.000000,74.000000,133.000000,170.000000,196.000000,,,0.073000,6.000000,91752,220564,11.426845,12.303943,0.714420,0.417842,0.333549,0.024134,0.542905,0.693093,1,,,,1.949548,4.533831,0.300699,370.142654,5.913888,,0.000000,0.000000,0.000000,0.000000
06113,Yolo,38.679609,-121.902750,2013,0,0,0.000000,81615734.196355,42.000000,65.000000,92.000000,123.000000,238.000000,,,0.061500,6.000000,91752,220564,11.426845,12.303943,0.714420,0.417842,0.333549,0.024134,0.542905,0.693093,1,,,,1.949548,4.533831,0.300699,370.031983,5.913589,,0.000000,0.000000,0.000000,0.000000
06113,Yolo,38.679609,-121.902750,2014,0,0,0.000000,82906046.758937,46.000000,63.000000,101.000000,200.000000,163.000000,,,0.065500,6.000000,91752,220564,11.426845,12.303943,0.714420,0.417842,0.333549,0.024134,0.542905,0.693093,1,,,,1.949548,4.533831,0.300699,375.882042,5.929275,,0.000000,0.000000,0.000000,0.000000
06113,Yolo,38.679609,-121.902750,2015,0,0,0.000000,84936440.526228,50.000000,77.000000,103.000000,204.000000,160.000000,,,0.067500,6.000000,91752,220564,11.426845,12.303943,0.714420,0.417842,0.333549,0.024134,0.542905,0.693093,1,,,,1.949548,4.533831,0.300699,385.087505,5.953471,,0.000000,0.000000,0.000000,0.000000
06113,Yolo,38.679609,-121.902750,2016,0,0,0.000000,86683826.567144,43.000000,64.000000,115.000000,148.000000,216.000000,,,0.067500,6.000000,91752,220564,11.426845,12.303943,0.714420,0.417842,0.333549,0.024134,0.542905,0.693093,1,,,,1.949548,4.533831,0.300699,393.009859,5.973835,,0.000000,0.000000,0.000000,0.000000
06113,Yolo,38.679609,-121.902750,2017,0,0,0.000000,87333576.601105,45.000000,71.000000,154.000000,141.000000,223.000000,,,0.063500,6.000000,91752,220564,11.426845,12.303943,0.714420,0.417842,0.333549,0.024134,0.542905,0.693093,1,,,,1.949548,4.533831,0.300699,395.955716,5.981302,,0.000000,0.000000,0.000000,0.000000
06113,Yolo,38.679609,-121.902750,2018,0,0,0.000000,86771036.287864,45.000000,71.000000,260.000000,167.000000,198.000000,,,0.066000,6.000000,91752,220564,11.426845,12.303943,0.714420,0.417842,0.333549,0.024134,0.542905,0.693093,1,,,,1.949548,4.533831,0.300699,393.405253,5.974840,,0.000000,0.000000,0.000000,0.000000
06113,Yolo,38.679609,-121.902750,2019,0,0,0.000000,81840784.567776,43.000000,63.000000,136.000000,114.000000,249.000000,,,0.064000,6.000000,91752,220564,11.426845,12.303943,0.714420,0.417842,0.333549,0.024134,0.542905,0.693093,1,,,,1.949548,4.533831,0.300699,371.052323,5.916343,,0.000000,0.000000,0.000000,0.000000
06113,Yolo,38.679609,-121.902750,2020,0,0,0.000000,75629974.816440,45.000000,86.000000,209.000000,197.000000,168.000000,,,0.064500,6.000000,91752,220564,11.426845,12.303943,0.714420,0.417842,0.333549,0.024134,0.542905,0.693093,1,,,,1.949548,4.533831,0.300699,342.893558,5.837420,,0.000000,0.000000,0.000000,0.000000
06113,Yolo,38.679609,-121.902750,2021,0,0,0.000000,76024782.103677,42.000000,68.000000,159.000000,149.000000,215.000000,,,0.069500,6.000000,91752,220564,11.426845,12.303943,0.714420,0.417842,0.333549,0.024134,0.542905,0.693093,1,,,,1.949548,4.533831,0.300699,344.683548,5.842627,,0.000000,0.000000,0.000000,0.000000
06113,Yolo,38.679609,-121.902750,2022,1,0,0.000000,77343791.234268,42.000000,64.000000,101.000000,87.000000,278.000000,,,0.062833,6.000000,91752,220564,11.426845,12.303943,0.714420,0.417842,0.333549,0.024134,0.542905,0.693093,1,,,,1.949548,4.533831,0.300699,350.663713,5.859828,,1.949548,3.800736,0.000000,0.000000
06113,Yolo,38.679609,-121.902750,2023,1,0,0.000000,76132629.324936,43.000000,65.000000,108.000000,140.000000,225.000000,7.691454,24.000000,0.063667,6.000000,91752,220564,11.426845,12.303943,0.714420,0.417842,0.333549,0.024134,0.542905,0.693093,1,,,,1.949548,4.533831,0.300699,345.172509,5.844044,2.040110,1.949548,3.800736,0.000000,0.000000
06113,Yolo,38.679609,-121.902750,2024,1,0,0.000000,75350919.429668,45.000000,63.000000,118.000000,163.000000,203.000000,7.837466,8.000000,0.063500,6.000000,91752,220564,11.426845,12.303943,0.714420,0.417842,0.333549,0.024134,0.542905,0.693093,1,,,,1.949548,4.533831,0.300699,341.628368,5.833724,2.058916,1.949548,3.800736,0.000000,0.000000
06113,Yolo,38.679609,-121.902750,2025,1,0,0.252055,74872357.911805,47.000000,62.000000,100.000000,141.000000,132.000000,,,,,91752,220564,11.426845,12.303943,0.714420,0.417842,0.333549,0.024134,0.542905,0.693093,1,0.062633,9925.000000,158464.000000,1.949548,4.533831,0.300699,339.458651,5.827352,,1.949548,3.800736,0.000000,0.491393
06115,Yuba,39.270130,-121.344259,2010,0,0,0.000000,31790843.516570,,,,,,,,,,76373,84507,11.243385,11.344590,0.821792,0.489853,0.307702,0.037819,0.634957,0.887182,3,,,,0.000000,0.000000,,376.191836,5.930099,,0.000000,0.000000,0.000000,0.000000
06115,Yuba,39.270130,-121.344259,2011,0,0,0.000000,31563895.130337,,,,,,,,,,76373,84507,11.243385,11.344590,0.821792,0.489853,0.307702,0.037819,0.634957,0.887182,3,,,,0.000000,0.000000,,373.506279,5.922935,,0.000000,0.000000,0.000000,0.000000
06115,Yuba,39.270130,-121.344259,2012,0,0,0.000000,31279645.279908,,,,,,,,,,76373,84507,11.243385,11.344590,0.821792,0.489853,0.307702,0.037819,0.634957,0.887182,3,,,,0.000000,0.000000,,370.142654,5.913888,,0.000000,0.000000,0.000000,0.000000
06115,Yuba,39.270130,-121.344259,2013,0,0,0.000000,31270292.748279,,,,,,,,,,76373,84507,11.243385,11.344590,0.821792,0.489853,0.307702,0.037819,0.634957,0.887182,3,,,,0.000000,0.000000,,370.031983,5.913589,,0.000000,0.000000,0.000000,0.000000
06115,Yuba,39.270130,-121.344259,2014,0,0,0.000000,31764663.741397,,,,,,,,,,76373,84507,11.243385,11.344590,0.821792,0.489853,0.307702,0.037819,0.634957,0.887182,3,,,,0.000000,0.000000,,375.882042,5.929275,,0.000000,0.000000,0.000000,0.000000
06115,Yuba,39.270130,-121.344259,2015,0,0,0.000000,32542589.813161,,,,,,,,,,76373,84507,11.243385,11.344590,0.821792,0.489853,0.307702,0.037819,0.634957,0.887182,3,,,,0.000000,0.000000,,385.087505,5.953471,,0.000000,0.000000,0.000000,0.000000
06115,Yuba,39.270130,-121.344259,2016,0,0,0.000000,33212084.164731,,,,,,,,,,76373,84507,11.243385,11.344590,0.821792,0.489853,0.307702,0.037819,0.634957,0.887182,3,,,,0.000000,0.000000,,393.009859,5.973835,,0.000000,0.000000,0.000000,0.000000
06115,Yuba,39.270130,-121.344259,2017,0,0,0.000000,33461029.713959,,,,,,,,,,76373,84507,11.243385,11.344590,0.821792,0.489853,0.307702,0.037819,0.634957,0.887182,3,,,,0.000000,0.000000,,395.955716,5.981302,,0.000000,0.000000,0.000000,0.000000
06115,Yuba,39.270130,-121.344259,2018,0,0,0.000000,33245497.740241,,,,,,,,,,76373,84507,11.243385,11.344590,0.821792,0.489853,0.307702,0.037819,0.634957,0.887182,3,,,,0.000000,0.000000,,393.405253,5.974840,,0.000000,0.000000,0.000000,0.000000
06115,Yuba,39.270130,-121.344259,2019,0,0,0.000000,31356518.658843,,,,,,,,,,76373,84507,11.243385,11.344590,0.821792,0.489853,0.307702,0.037819,0.634957,0.887182,3,,,,0.000000,0.000000,,371.052323,5.916343,,0.000000,0.000000,0.000000,0.000000
06115,Yuba,39.270130,-121.344259,2020,0,0,0.000000,28976905.940285,,,,,,,,,,76373,84507,11.243385,11.344590,0.821792,0.489853,0.307702,0.037819,0.634957,0.887182,3,,,,0.000000,0.000000,,342.893558,5.837420,,0.000000,0.000000,0.000000,0.000000
06115,Yuba,39.270130,-121.344259,2021,0,0,0.000000,29128172.599497,,,,,,,,,,76373,84507,11.243385,11.344590,0.821792,0.489853,0.307702,0.037819,0.634957,0.887182,3,,,,0.000000,0.000000,,344.683548,5.842627,,0.000000,0.000000,0.000000,0.000000
06115,Yuba,39.270130,-121.344259,2022,1,0,0.000000,29633538.409869,,,,,,,,,,76373,84507,11.243385,11.344590,0.821792,0.489853,0.307702,0.037819,0.634957,0.887182,3,,,,0.000000,0.000000,,350.663713,5.859828,,0.000000,0.000000,0.000000,0.000000
06115,Yuba,39.270130,-121.344259,2023,1,0,0.000000,29169493.237166,,,,,,,,,,76373,84507,11.243385,11.344590,0.821792,0.489853,0.307702,0.037819,0.634957,0.887182,3,,,,0.000000,0.000000,,345.172509,5.844044,,0.000000,0.000000,0.000000,0.000000
06115,Yuba,39.270130,-121.344259,2024,1,0,0.000000,28869988.521440,,,,,,,,,,76373,84507,11.243385,11.344590,0.821792,0.489853,0.307702,0.037819,0.634957,0.887182,3,,,,0.000000,0.000000,,341.628368,5.833724,,0.000000,0.000000,0.000000,0.000000
06115,Yuba,39.270130,-121.344259,2025,1,0,0.252055,28686632.224900,,,,,,,,,,76373,84507,11.243385,11.344590,0.821792,0.489853,0.307702,0.037819,0.634957,0.887182,3,0.028899,1460.000000,50520.000000,0.000000,0.000000,,339.458651,5.827352,,0.000000,0.000000,0.000000,0.000000
